<?xml version="1.0" encoding="UTF-8"?>

<!-- generated on 10/27/16 21:53:14 by SUMO netconvert Version 0.27.0
<?xml version="1.0" encoding="UTF-8"?>

<configuration xmlns:xsi="http://www.w3.org/2001/XMLSchema-instance" xsi:noNamespaceSchemaLocation="http://sumo.dlr.de/xsd/netconvertConfiguration.xsd">

    <input>
        <node-files value="C:\Users\jychen\Desktop\Set4\TS[3]-[8to3]\TS[3]-[8to3]\complex.nod.xml"/>
        <edge-files value="C:\Users\jychen\Desktop\Set4\TS[3]-[8to3]\TS[3]-[8to3]\complex.edg.xml"/>
    </input>

    <output>
        <output-file value="C:\Users\jychen\Desktop\Set4\TS[3]-[8to3]\TS[3]-[8to3]\complex.net.xml"/>
    </output>

</configuration>
-->

<net version="0.27" xmlns:xsi="http://www.w3.org/2001/XMLSchema-instance" xsi:noNamespaceSchemaLocation="http://sumo.dlr.de/xsd/net_file.xsd">

    <location netOffset="250.00,0.00" convBoundary="0.00,0.00,500.00,433.00" origBoundary="-250.00,0.00,250.00,433.00" projParameter="!"/>

    <edge id=":1_0" function="internal">
        <lane id=":1_0_0" index="0" speed="13.90" length="8.39" shape="251.65,419.37 251.88,422.24 252.58,423.36 253.75,422.74 255.39,420.37"/>
    </edge>
    <edge id=":1_1" function="internal">
        <lane id=":1_1_0" index="0" speed="13.90" length="11.01" shape="247.91,426.09 249.16,427.09 250.82,426.47 252.90,424.23 255.39,420.37"/>
    </edge>
    <edge id=":2_0" function="internal">
        <lane id=":2_0_0" index="0" speed="13.90" length="8.37" shape="487.42,5.39 489.78,3.75 490.39,2.58 489.27,1.88 486.42,1.65"/>
    </edge>
    <edge id=":2_1" function="internal">
        <lane id=":2_1_0" index="0" speed="13.90" length="10.98" shape="495.04,5.28 495.29,3.69 493.94,2.56 490.98,1.88 486.42,1.65"/>
    </edge>
    <edge id=":3_0" function="internal">
        <lane id=":3_0_0" index="0" speed="13.90" length="8.41" shape="11.00,8.29 8.40,7.05 7.08,7.09 7.03,8.42 8.27,11.02"/>
    </edge>
    <edge id=":3_1" function="internal">
        <lane id=":3_1_0" index="0" speed="13.90" length="11.04" shape="7.00,1.65 5.53,2.24 5.25,3.99 6.16,6.92 8.27,11.02"/>
    </edge>
    <edge id=":4_0" function="internal">
        <lane id=":4_0_0" index="0" speed="13.90" length="8.85" shape="246.21,307.65 248.03,310.23 249.71,311.43 251.23,311.25 252.62,309.68"/>
    </edge>
    <edge id=":4_1" function="internal">
        <lane id=":4_1_0" index="0" speed="13.90" length="12.78" shape="246.21,307.65 248.12,310.54 249.87,313.06 251.15,315.71 251.65,318.98"/>
    </edge>
    <edge id=":4_2" function="internal">
        <lane id=":4_2_0" index="0" speed="13.90" length="10.86" shape="243.40,310.05 246.28,311.88 248.77,312.43 250.89,311.70 252.62,309.68"/>
    </edge>
    <edge id=":4_3" function="internal">
        <lane id=":4_3_0" index="0" speed="13.90" length="7.64" shape="243.40,310.05 247.01,313.11 249.10,315.13"/>
    </edge>
    <edge id=":4_4" function="internal">
        <lane id=":4_4_0" index="0" speed="13.90" length="4.68" shape="249.10,315.13 249.59,315.61 251.13,317.57 251.65,318.98"/>
    </edge>
    <edge id=":5_0" function="internal">
        <lane id=":5_0_0" index="0" speed="13.90" length="8.82" shape="393.36,66.19 394.69,63.33 394.89,61.28 393.98,60.06 391.94,59.65"/>
    </edge>
    <edge id=":5_1" function="internal">
        <lane id=":5_1_0" index="0" speed="13.90" length="12.76" shape="393.36,66.19 394.92,63.10 396.22,60.33 397.87,57.90 400.45,55.83"/>
    </edge>
    <edge id=":5_2" function="internal">
        <lane id=":5_2_0" index="0" speed="13.90" length="10.83" shape="396.84,67.42 397.00,64.02 396.23,61.59 394.54,60.14 391.94,59.65"/>
    </edge>
    <edge id=":5_3" function="internal">
        <lane id=":5_3_0" index="0" speed="13.90" length="7.62" shape="396.84,67.42 397.69,62.78 398.40,59.97"/>
    </edge>
    <edge id=":5_4" function="internal">
        <lane id=":5_4_0" index="0" speed="13.90" length="4.68" shape="398.40,59.97 398.57,59.30 399.49,56.98 400.45,55.83"/>
    </edge>
    <edge id=":6_0" function="internal">
        <lane id=":6_0_0" index="0" speed="13.90" length="8.83" shape="110.38,59.65 107.26,59.93 105.40,60.79 104.81,62.21 105.49,64.20"/>
    </edge>
    <edge id=":6_1" function="internal">
        <lane id=":6_1_0" index="0" speed="13.90" length="12.74" shape="110.38,59.65 106.93,59.85 103.89,60.11 100.97,59.90 97.90,58.69"/>
    </edge>
    <edge id=":6_2" function="internal">
        <lane id=":6_2_0" index="0" speed="13.90" length="10.85" shape="109.70,56.02 106.70,57.59 105.00,59.48 104.59,61.68 105.49,64.20"/>
    </edge>
    <edge id=":6_3" function="internal">
        <lane id=":6_3_0" index="0" speed="13.90" length="7.61" shape="109.70,56.02 105.27,57.61 102.48,58.40"/>
    </edge>
    <edge id=":6_4" function="internal">
        <lane id=":6_4_0" index="0" speed="13.90" length="4.66" shape="102.48,58.40 101.83,58.59 99.37,58.95 97.90,58.69"/>
    </edge>
    <edge id=":7_0" function="internal">
        <lane id=":7_0_0" index="0" speed="13.90" length="5.65" shape="375.98,211.51 374.99,205.95"/>
    </edge>
    <edge id=":7_1" function="internal">
        <lane id=":7_1_0" index="0" speed="13.90" length="5.00" shape="375.98,211.51 378.48,207.18"/>
    </edge>
    <edge id=":8_0" function="internal">
        <lane id=":8_0_0" index="0" speed="13.90" length="11.88" shape="252.11,1.65 248.90,1.96 246.38,2.79 243.92,3.95 240.91,5.28"/>
    </edge>
    <edge id=":8_1" function="internal">
        <lane id=":8_1_0" index="0" speed="13.90" length="11.87" shape="252.11,1.65 248.85,1.65 246.17,1.65 243.49,1.65 240.23,1.65"/>
    </edge>
    <edge id=":9_0" function="internal">
        <lane id=":9_0_0" index="0" speed="13.90" length="5.65" shape="128.83,219.83 134.14,221.76"/>
    </edge>
    <edge id=":9_1" function="internal">
        <lane id=":9_1_0" index="0" speed="13.90" length="5.00" shape="128.83,219.83 131.33,224.16"/>
    </edge>

    <edge id="1to7" from="1" to="7" priority="-1">
        <lane id="1to7_0" index="0" speed="13.90" length="241.18" shape="255.39,420.37 375.98,211.51"/>
    </edge>
    <edge id="2to8" from="2" to="8" priority="-1">
        <lane id="2to8_0" index="0" speed="13.90" length="234.31" shape="486.42,1.65 252.11,1.65"/>
    </edge>
    <edge id="3to9" from="3" to="9" priority="-1">
        <lane id="3to9_0" index="0" speed="13.90" length="241.12" shape="8.27,11.02 128.83,219.83"/>
    </edge>
    <edge id="4to1" from="4" to="1" priority="-1">
        <lane id="4to1_0" index="0" speed="13.90" length="100.40" shape="251.65,318.98 251.65,419.37"/>
    </edge>
    <edge id="4to5" from="4" to="5" priority="-1">
        <lane id="4to5_0" index="0" speed="13.90" length="281.24" shape="252.62,309.68 393.36,66.19"/>
    </edge>
    <edge id="5to2" from="5" to="2" priority="-1">
        <lane id="5to2_0" index="0" speed="13.90" length="100.55" shape="400.45,55.83 487.42,5.39"/>
    </edge>
    <edge id="5to6" from="5" to="6" priority="-1">
        <lane id="5to6_0" index="0" speed="13.90" length="281.55" shape="391.94,59.65 110.38,59.65"/>
    </edge>
    <edge id="6to3" from="6" to="3" priority="-1">
        <lane id="6to3_0" index="0" speed="13.90" length="100.45" shape="97.90,58.69 11.00,8.29"/>
    </edge>
    <edge id="6to4" from="6" to="4" priority="-1">
        <lane id="6to4_0" index="0" speed="13.90" length="281.19" shape="105.49,64.20 246.21,307.65"/>
    </edge>
    <edge id="7to2" from="7" to="2" priority="-1">
        <lane id="7to2_0" index="0" speed="13.90" length="233.13" shape="378.48,207.18 495.04,5.28"/>
    </edge>
    <edge id="7to5" from="7" to="5" priority="-1">
        <lane id="7to5_0" index="0" speed="13.90" length="140.24" shape="374.99,205.95 396.84,67.42"/>
    </edge>
    <edge id="8to3" from="8" to="3" priority="-1">
        <lane id="8to3_0" index="0" speed="13.90" length="233.23" shape="240.23,1.65 7.00,1.65"/>
    </edge>
    <edge id="8to6" from="8" to="6" priority="-1">
        <lane id="8to6_0" index="0" speed="13.90" length="140.67" shape="240.91,5.28 109.70,56.02"/>
    </edge>
    <edge id="9to1" from="9" to="1" priority="-1">
        <lane id="9to1_0" index="0" speed="13.90" length="233.16" shape="131.33,224.16 247.91,426.09"/>
    </edge>
    <edge id="9to4" from="9" to="4" priority="-1">
        <lane id="9to4_0" index="0" speed="13.90" length="140.48" shape="134.14,221.76 243.40,310.05"/>
    </edge>

    <junction id="1" type="priority" x="250.00" y="433.00" incLanes="4to1_0 9to1_0" intLanes=":1_0_0 :1_1_0" shape="256.77,421.17 254.00,419.57 253.25,419.37 250.05,419.37 249.30,425.29 246.53,426.89">
        <request index="0" response="00" foes="10" cont="0"/>
        <request index="1" response="01" foes="01" cont="0"/>
    </junction>
    <junction id="2" type="priority" x="500.00" y="0.00" incLanes="5to2_0 7to2_0" intLanes=":2_0_0 :2_1_0" shape="486.42,0.05 486.42,3.25 486.62,4.00 488.23,6.77 493.66,4.48 496.43,6.08">
        <request index="0" response="00" foes="10" cont="0"/>
        <request index="1" response="01" foes="01" cont="0"/>
    </junction>
    <junction id="3" type="priority" x="0.00" y="0.00" incLanes="6to3_0 8to3_0" intLanes=":3_0_0 :3_1_0" shape="6.88,11.82 9.65,10.22 10.20,9.67 11.81,6.91 7.00,3.25 7.00,0.05">
        <request index="0" response="00" foes="10" cont="0"/>
        <request index="1" response="01" foes="01" cont="0"/>
    </junction>
    <junction id="4" type="priority" x="250.00" y="317.50" incLanes="6to4_0 9to4_0" intLanes=":4_0_0 :4_1_0 :4_2_0 :4_4_0" shape="250.05,318.98 253.25,318.98 254.00,310.48 251.23,308.88 247.60,306.85 244.83,308.45 244.41,308.80 242.40,311.29">
        <request index="0" response="0000" foes="0100" cont="0"/>
        <request index="1" response="0000" foes="1100" cont="0"/>
        <request index="2" response="0011" foes="0011" cont="0"/>
        <request index="3" response="0010" foes="0010" cont="1"/>
    </junction>
    <junction id="5" type="priority" x="400.00" y="58.00" incLanes="4to5_0 7to5_0" intLanes=":5_0_0 :5_1_0 :5_2_0 :5_4_0" shape="401.25,57.22 399.65,54.45 391.94,58.05 391.94,61.25 391.98,65.39 394.75,66.99 395.26,67.17 398.42,67.67">
        <request index="0" response="0000" foes="0100" cont="0"/>
        <request index="1" response="0000" foes="1100" cont="0"/>
        <request index="2" response="0011" foes="0011" cont="0"/>
        <request index="3" response="0010" foes="0010" cont="1"/>
    </junction>
    <junction id="6" type="priority" x="100.00" y="58.00" incLanes="5to6_0 8to6_0" intLanes=":6_0_0 :6_1_0 :6_2_0 :6_4_0" shape="104.10,65.00 106.88,63.40 110.38,61.25 110.38,58.05 110.28,57.51 109.13,54.52 98.70,57.30 97.09,60.07">
        <request index="0" response="0000" foes="0100" cont="0"/>
        <request index="1" response="0000" foes="1100" cont="0"/>
        <request index="2" response="0011" foes="0011" cont="0"/>
        <request index="3" response="0010" foes="0010" cont="1"/>
    </junction>
    <junction id="7" type="priority" x="375.00" y="216.50" incLanes="1to7_0" intLanes=":7_0_0 :7_1_0" shape="379.86,207.98 377.09,206.38 376.57,206.20 373.41,205.70 374.59,210.71 377.36,212.31">
        <request index="0" response="00" foes="00" cont="0"/>
        <request index="1" response="00" foes="00" cont="0"/>
    </junction>
    <junction id="8" type="priority" x="250.00" y="0.00" incLanes="2to8_0" intLanes=":8_0_0 :8_1_0" shape="252.11,3.25 252.11,0.05 240.23,0.05 240.23,3.25 240.33,3.79 241.49,6.78">
        <request index="0" response="00" foes="00" cont="0"/>
        <request index="1" response="00" foes="00" cont="0"/>
    </junction>
    <junction id="9" type="priority" x="125.00" y="216.50" incLanes="3to9_0" intLanes=":9_0_0 :9_1_0" shape="129.94,224.96 132.71,223.36 133.13,223.01 135.14,220.52 130.21,219.03 127.44,220.63">
        <request index="0" response="00" foes="00" cont="0"/>
        <request index="1" response="00" foes="00" cont="0"/>
    </junction>

    <junction id=":4_4_0" type="internal" x="249.10" y="315.13" incLanes=":4_3_0 6to4_0" intLanes=":4_1_0"/>
    <junction id=":5_4_0" type="internal" x="398.40" y="59.97" incLanes=":5_3_0 4to5_0" intLanes=":5_1_0"/>
    <junction id=":6_4_0" type="internal" x="102.48" y="58.40" incLanes=":6_3_0 5to6_0" intLanes=":6_1_0"/>

    <connection from="1to7" to="7to5" fromLane="0" toLane="0" via=":7_0_0" dir="s" state="M"/>
    <connection from="1to7" to="7to2" fromLane="0" toLane="0" via=":7_1_0" dir="s" state="M"/>
    <connection from="2to8" to="8to6" fromLane="0" toLane="0" via=":8_0_0" dir="s" state="M"/>
    <connection from="2to8" to="8to3" fromLane="0" toLane="0" via=":8_1_0" dir="s" state="M"/>
    <connection from="3to9" to="9to4" fromLane="0" toLane="0" via=":9_0_0" dir="s" state="M"/>
    <connection from="3to9" to="9to1" fromLane="0" toLane="0" via=":9_1_0" dir="s" state="M"/>
    <connection from="4to1" to="1to7" fromLane="0" toLane="0" via=":1_0_0" dir="r" state="M"/>
    <connection from="4to5" to="5to6" fromLane="0" toLane="0" via=":5_0_0" dir="r" state="M"/>
    <connection from="4to5" to="5to2" fromLane="0" toLane="0" via=":5_1_0" dir="s" state="M"/>
    <connection from="5to2" to="2to8" fromLane="0" toLane="0" via=":2_0_0" dir="r" state="M"/>
    <connection from="5to6" to="6to4" fromLane="0" toLane="0" via=":6_0_0" dir="r" state="M"/>
    <connection from="5to6" to="6to3" fromLane="0" toLane="0" via=":6_1_0" dir="s" state="M"/>
    <connection from="6to3" to="3to9" fromLane="0" toLane="0" via=":3_0_0" dir="r" state="M"/>
    <connection from="6to4" to="4to5" fromLane="0" toLane="0" via=":4_0_0" dir="r" state="M"/>
    <connection from="6to4" to="4to1" fromLane="0" toLane="0" via=":4_1_0" dir="s" state="M"/>
    <connection from="7to2" to="2to8" fromLane="0" toLane="0" via=":2_1_0" dir="r" state="m"/>
    <connection from="7to5" to="5to6" fromLane="0" toLane="0" via=":5_2_0" dir="r" state="m"/>
    <connection from="7to5" to="5to2" fromLane="0" toLane="0" via=":5_3_0" dir="l" state="m"/>
    <connection from="8to3" to="3to9" fromLane="0" toLane="0" via=":3_1_0" dir="r" state="m"/>
    <connection from="8to6" to="6to4" fromLane="0" toLane="0" via=":6_2_0" dir="r" state="m"/>
    <connection from="8to6" to="6to3" fromLane="0" toLane="0" via=":6_3_0" dir="l" state="m"/>
    <connection from="9to1" to="1to7" fromLane="0" toLane="0" via=":1_1_0" dir="r" state="m"/>
    <connection from="9to4" to="4to5" fromLane="0" toLane="0" via=":4_2_0" dir="r" state="m"/>
    <connection from="9to4" to="4to1" fromLane="0" toLane="0" via=":4_3_0" dir="l" state="m"/>

    <connection from=":1_0" to="1to7" fromLane="0" toLane="0" dir="s" state="M"/>
    <connection from=":1_1" to="1to7" fromLane="0" toLane="0" dir="s" state="M"/>
    <connection from=":2_0" to="2to8" fromLane="0" toLane="0" dir="s" state="M"/>
    <connection from=":2_1" to="2to8" fromLane="0" toLane="0" dir="s" state="M"/>
    <connection from=":3_0" to="3to9" fromLane="0" toLane="0" dir="s" state="M"/>
    <connection from=":3_1" to="3to9" fromLane="0" toLane="0" dir="s" state="M"/>
    <connection from=":4_0" to="4to5" fromLane="0" toLane="0" dir="s" state="M"/>
    <connection from=":4_1" to="4to1" fromLane="0" toLane="0" dir="s" state="M"/>
    <connection from=":4_2" to="4to5" fromLane="0" toLane="0" dir="s" state="M"/>
    <connection from=":4_3" to="4to1" fromLane="0" toLane="0" via=":4_4_0" dir="s" state="m"/>
    <connection from=":4_4" to="4to1" fromLane="0" toLane="0" dir="s" state="M"/>
    <connection from=":5_0" to="5to6" fromLane="0" toLane="0" dir="s" state="M"/>
    <connection from=":5_1" to="5to2" fromLane="0" toLane="0" dir="s" state="M"/>
    <connection from=":5_2" to="5to6" fromLane="0" toLane="0" dir="s" state="M"/>
    <connection from=":5_3" to="5to2" fromLane="0" toLane="0" via=":5_4_0" dir="s" state="m"/>
    <connection from=":5_4" to="5to2" fromLane="0" toLane="0" dir="s" state="M"/>
    <connection from=":6_0" to="6to4" fromLane="0" toLane="0" dir="s" state="M"/>
    <connection from=":6_1" to="6to3" fromLane="0" toLane="0" dir="s" state="M"/>
    <connection from=":6_2" to="6to4" fromLane="0" toLane="0" dir="s" state="M"/>
    <connection from=":6_3" to="6to3" fromLane="0" toLane="0" via=":6_4_0" dir="s" state="m"/>
    <connection from=":6_4" to="6to3" fromLane="0" toLane="0" dir="s" state="M"/>
    <connection from=":7_0" to="7to5" fromLane="0" toLane="0" dir="s" state="M"/>
    <connection from=":7_1" to="7to2" fromLane="0" toLane="0" dir="s" state="M"/>
    <connection from=":8_0" to="8to6" fromLane="0" toLane="0" dir="s" state="M"/>
    <connection from=":8_1" to="8to3" fromLane="0" toLane="0" dir="s" state="M"/>
    <connection from=":9_0" to="9to4" fromLane="0" toLane="0" dir="s" state="M"/>
    <connection from=":9_1" to="9to1" fromLane="0" toLane="0" dir="s" state="M"/>

</net>
