<?xml version="1.0" encoding="UTF-8"?>
<edges xmlns:xsi="http://www.w3.org/2001/XMLSchema-instance" xsi:noNamespaceSchemaLocation="http://sumo-sim.org/xsd/edges_file.xsd">
    <edge from="1" id="1to7" to="7" />
    <edge from="7" id="7to2" to="2" />

    <edge from="2" id="2to8" to="8" />
    <edge from="8" id="8to3" to="3" />
    
    <edge from="3" id="3to9" to="9" />
    <edge from="9" id="9to1" to="1" />

    <edge from="4" id="4to5" to="5" />
    <edge from="5" id="5to6" to="6" />
    <edge from="6" id="6to4" to="4" />

    <edge from="4" id="4to1" to="1" />
    <edge from="5" id="5to2" to="2" />
    <edge from="6" id="6to3" to="3" />

    <edge from="7" id="7to5" to="5" />
    <edge from="8" id="8to6" to="6" />
    <edge from="9" id="9to4" to="4" />


</edges> 
