<?xml version="1.0" encoding="UTF-8"?>

<!-- generated on 10/28/2016 7:00:49 PM by SUMO gui Version 0.27.0
<?xml version="1.0" encoding="UTF-8"?>

<configuration xmlns:xsi="http://www.w3.org/2001/XMLSchema-instance" xsi:noNamespaceSchemaLocation="http://sumo.dlr.de/xsd/sumo-gui.exeConfiguration.xsd">

    <input>
        <net-file value="complex.net.xml"/>
        <route-files value="complex.rou.xml"/>
    </input>

    <output>
        <tripinfo-output value="tripinfo.xml"/>
        <vehroute-output value="vehroutes.xml"/>
    </output>

    <report>
        <xml-validation value="never"/>
        <duration-log.disable value="true"/>
        <no-step-log value="true"/>
    </report>

    <traci_server>
        <remote-port value="8813"/>
    </traci_server>

</configuration>
-->

<tripinfos xmlns:xsi="http://www.w3.org/2001/XMLSchema-instance" xsi:noNamespaceSchemaLocation="http://sumo.dlr.de/xsd/tripinfo_file.xsd">
    <tripinfo id="4" depart="13.00" departLane="2to8_0" departPos="4.60" departSpeed="0.00" departDelay="9.00" arrival="78.00" arrivalLane="4to1_0" arrivalPos="100.40" arrivalSpeed="13.90" duration="65.00" routeLength="787.48" waitSteps="0" timeLoss="7.46" rerouteNo="0" devices="vehroute_4 tripinfo_4" vType="Car" vaporized=""/>
    <tripinfo id="1" depart="1.00" departLane="2to8_0" departPos="4.60" departSpeed="0.00" departDelay="0.00" arrival="81.00" arrivalLane="9to1_0" arrivalPos="233.16" arrivalSpeed="13.90" duration="80.00" routeLength="978.01" waitSteps="0" timeLoss="8.59" rerouteNo="0" devices="vehroute_1 tripinfo_1" vType="Car" vaporized=""/>
    <tripinfo id="2" depart="5.00" departLane="2to8_0" departPos="4.60" departSpeed="0.00" departDelay="3.00" arrival="89.00" arrivalLane="4to1_0" arrivalPos="100.40" arrivalSpeed="13.90" duration="84.00" routeLength="994.02" waitSteps="0" timeLoss="11.59" rerouteNo="0" devices="vehroute_2 tripinfo_2" vType="Car" vaporized=""/>
    <tripinfo id="12" depart="45.00" departLane="2to8_0" departPos="4.60" departSpeed="0.00" departDelay="33.00" arrival="110.00" arrivalLane="4to1_0" arrivalPos="100.40" arrivalSpeed="13.90" duration="65.00" routeLength="787.48" waitSteps="0" timeLoss="7.46" rerouteNo="0" devices="vehroute_12 tripinfo_12" vType="Car" vaporized=""/>
    <tripinfo id="9" depart="33.00" departLane="2to8_0" departPos="4.60" departSpeed="0.00" departDelay="24.00" arrival="113.00" arrivalLane="9to1_0" arrivalPos="233.16" arrivalSpeed="13.90" duration="80.00" routeLength="978.01" waitSteps="0" timeLoss="8.59" rerouteNo="0" devices="vehroute_9 tripinfo_9" vType="Car" vaporized=""/>
    <tripinfo id="15" depart="57.00" departLane="2to8_0" departPos="4.60" departSpeed="0.00" departDelay="42.00" arrival="122.00" arrivalLane="4to1_0" arrivalPos="100.40" arrivalSpeed="13.90" duration="65.00" routeLength="787.48" waitSteps="0" timeLoss="7.46" rerouteNo="0" devices="vehroute_15 tripinfo_15" vType="Car" vaporized=""/>
    <tripinfo id="13" depart="49.00" departLane="2to8_0" departPos="4.60" departSpeed="0.00" departDelay="36.00" arrival="129.00" arrivalLane="9to1_0" arrivalPos="233.16" arrivalSpeed="13.90" duration="80.00" routeLength="978.01" waitSteps="0" timeLoss="8.59" rerouteNo="0" devices="vehroute_13 tripinfo_13" vType="Car" vaporized=""/>
    <tripinfo id="10" depart="37.00" departLane="2to8_0" departPos="4.60" departSpeed="0.00" departDelay="27.00" arrival="130.00" arrivalLane="4to1_0" arrivalPos="100.40" arrivalSpeed="13.90" duration="93.00" routeLength="994.02" waitSteps="3" timeLoss="19.82" rerouteNo="0" devices="vehroute_10 tripinfo_10" vType="Car" vaporized=""/>
    <tripinfo id="17" depart="65.00" departLane="2to8_0" departPos="4.60" departSpeed="0.00" departDelay="48.00" arrival="149.00" arrivalLane="4to1_0" arrivalPos="100.40" arrivalSpeed="13.90" duration="84.00" routeLength="994.02" waitSteps="0" timeLoss="11.59" rerouteNo="0" devices="vehroute_17 tripinfo_17" vType="Car" vaporized=""/>
    <tripinfo id="27" depart="105.00" departLane="2to8_0" departPos="4.60" departSpeed="0.00" departDelay="78.00" arrival="170.00" arrivalLane="4to1_0" arrivalPos="100.40" arrivalSpeed="13.90" duration="65.00" routeLength="787.48" waitSteps="0" timeLoss="7.46" rerouteNo="0" devices="vehroute_27 tripinfo_27" vType="Car" vaporized=""/>
    <tripinfo id="22" depart="85.00" departLane="2to8_0" departPos="4.60" departSpeed="0.00" departDelay="63.00" arrival="178.00" arrivalLane="4to1_0" arrivalPos="100.40" arrivalSpeed="13.90" duration="93.00" routeLength="994.02" waitSteps="3" timeLoss="19.82" rerouteNo="0" devices="vehroute_22 tripinfo_22" vType="Car" vaporized=""/>
    <tripinfo id="25" depart="97.00" departLane="2to8_0" departPos="4.60" departSpeed="0.00" departDelay="72.00" arrival="181.00" arrivalLane="4to1_0" arrivalPos="100.40" arrivalSpeed="13.90" duration="84.00" routeLength="994.02" waitSteps="0" timeLoss="11.59" rerouteNo="0" devices="vehroute_25 tripinfo_25" vType="Car" vaporized=""/>
    <tripinfo id="31" depart="121.00" departLane="2to8_0" departPos="4.60" departSpeed="0.00" departDelay="90.00" arrival="186.00" arrivalLane="4to1_0" arrivalPos="100.40" arrivalSpeed="13.90" duration="65.00" routeLength="787.48" waitSteps="0" timeLoss="7.46" rerouteNo="0" devices="vehroute_31 tripinfo_31" vType="Car" vaporized=""/>
    <tripinfo id="28" depart="109.00" departLane="2to8_0" departPos="4.60" departSpeed="0.00" departDelay="81.00" arrival="189.00" arrivalLane="9to1_0" arrivalPos="233.16" arrivalSpeed="13.90" duration="80.00" routeLength="978.01" waitSteps="0" timeLoss="8.59" rerouteNo="0" devices="vehroute_28 tripinfo_28" vType="Car" vaporized=""/>
    <tripinfo id="32" depart="125.00" departLane="2to8_0" departPos="4.60" departSpeed="0.00" departDelay="93.00" arrival="190.00" arrivalLane="4to1_0" arrivalPos="100.40" arrivalSpeed="13.90" duration="65.00" routeLength="787.48" waitSteps="0" timeLoss="7.46" rerouteNo="0" devices="vehroute_32 tripinfo_32" vType="Car" vaporized=""/>
    <tripinfo id="29" depart="113.00" departLane="2to8_0" departPos="4.60" departSpeed="0.00" departDelay="84.00" arrival="197.00" arrivalLane="4to1_0" arrivalPos="100.40" arrivalSpeed="13.90" duration="84.00" routeLength="994.02" waitSteps="0" timeLoss="11.59" rerouteNo="0" devices="vehroute_29 tripinfo_29" vType="Car" vaporized=""/>
    <tripinfo id="36" depart="141.00" departLane="2to8_0" departPos="4.60" departSpeed="0.00" departDelay="105.00" arrival="221.00" arrivalLane="9to1_0" arrivalPos="233.16" arrivalSpeed="13.90" duration="80.00" routeLength="978.01" waitSteps="0" timeLoss="8.59" rerouteNo="0" devices="vehroute_36 tripinfo_36" vType="Car" vaporized=""/>
    <tripinfo id="35" depart="137.00" departLane="2to8_0" departPos="4.60" departSpeed="0.00" departDelay="102.00" arrival="221.00" arrivalLane="4to1_0" arrivalPos="100.40" arrivalSpeed="13.90" duration="84.00" routeLength="994.02" waitSteps="0" timeLoss="11.59" rerouteNo="0" devices="vehroute_35 tripinfo_35" vType="Car" vaporized=""/>
    <tripinfo id="41" depart="161.00" departLane="2to8_0" departPos="4.60" departSpeed="0.00" departDelay="120.00" arrival="226.00" arrivalLane="4to1_0" arrivalPos="100.40" arrivalSpeed="13.90" duration="65.00" routeLength="787.48" waitSteps="0" timeLoss="7.46" rerouteNo="0" devices="vehroute_41 tripinfo_41" vType="Car" vaporized=""/>
    <tripinfo id="46" depart="181.00" departLane="2to8_0" departPos="4.60" departSpeed="0.00" departDelay="135.00" arrival="246.00" arrivalLane="4to1_0" arrivalPos="100.40" arrivalSpeed="13.90" duration="65.00" routeLength="787.48" waitSteps="0" timeLoss="7.46" rerouteNo="0" devices="vehroute_46 tripinfo_46" vType="Car" vaporized=""/>
    <tripinfo id="42" depart="165.00" departLane="2to8_0" departPos="4.60" departSpeed="0.00" departDelay="123.00" arrival="249.00" arrivalLane="4to1_0" arrivalPos="100.40" arrivalSpeed="13.90" duration="84.00" routeLength="994.02" waitSteps="0" timeLoss="11.59" rerouteNo="0" devices="vehroute_42 tripinfo_42" vType="Car" vaporized=""/>
    <tripinfo id="44" depart="173.00" departLane="2to8_0" departPos="4.60" departSpeed="0.00" departDelay="129.00" arrival="253.00" arrivalLane="9to1_0" arrivalPos="233.16" arrivalSpeed="13.90" duration="80.00" routeLength="978.01" waitSteps="0" timeLoss="8.59" rerouteNo="0" devices="vehroute_44 tripinfo_44" vType="Car" vaporized=""/>
    <tripinfo id="45" depart="177.00" departLane="2to8_0" departPos="4.60" departSpeed="0.00" departDelay="132.00" arrival="257.00" arrivalLane="9to1_0" arrivalPos="233.16" arrivalSpeed="13.90" duration="80.00" routeLength="978.01" waitSteps="0" timeLoss="8.59" rerouteNo="0" devices="vehroute_45 tripinfo_45" vType="Car" vaporized=""/>
    <tripinfo id="50" depart="197.00" departLane="2to8_0" departPos="4.60" departSpeed="0.00" departDelay="147.00" arrival="262.00" arrivalLane="4to1_0" arrivalPos="100.40" arrivalSpeed="13.90" duration="65.00" routeLength="787.48" waitSteps="0" timeLoss="7.46" rerouteNo="0" devices="vehroute_50 tripinfo_50" vType="Car" vaporized=""/>
    <tripinfo id="47" depart="185.00" departLane="2to8_0" departPos="4.60" departSpeed="0.00" departDelay="138.00" arrival="265.00" arrivalLane="9to1_0" arrivalPos="233.16" arrivalSpeed="13.90" duration="80.00" routeLength="978.01" waitSteps="0" timeLoss="8.59" rerouteNo="0" devices="vehroute_47 tripinfo_47" vType="Car" vaporized=""/>
    <tripinfo id="55" depart="217.00" departLane="2to8_0" departPos="4.60" departSpeed="0.00" departDelay="162.00" arrival="282.00" arrivalLane="4to1_0" arrivalPos="100.40" arrivalSpeed="13.90" duration="65.00" routeLength="787.48" waitSteps="0" timeLoss="7.46" rerouteNo="0" devices="vehroute_55 tripinfo_55" vType="Car" vaporized=""/>
    <tripinfo id="51" depart="201.00" departLane="2to8_0" departPos="4.60" departSpeed="0.00" departDelay="150.00" arrival="285.00" arrivalLane="4to1_0" arrivalPos="100.40" arrivalSpeed="13.90" duration="84.00" routeLength="994.02" waitSteps="0" timeLoss="11.59" rerouteNo="0" devices="vehroute_51 tripinfo_51" vType="Car" vaporized=""/>
    <tripinfo id="52" depart="205.00" departLane="2to8_0" departPos="4.60" departSpeed="0.00" departDelay="153.00" arrival="289.00" arrivalLane="4to1_0" arrivalPos="100.40" arrivalSpeed="13.90" duration="84.00" routeLength="994.02" waitSteps="0" timeLoss="11.59" rerouteNo="0" devices="vehroute_52 tripinfo_52" vType="Car" vaporized=""/>
    <tripinfo id="0" depart="0.00" departLane="2to8_0" departPos="0.00" departSpeed="12.39" departDelay="0.00" arrival="293.00" arrivalLane="9to1_0" arrivalPos="233.16" arrivalSpeed="13.90" duration="293.00" routeLength="969.73" waitSteps="8" timeLoss="21.96" rerouteNo="0" devices="vehroute_0 tripinfo_0" vType="Car" vaporized=""/>
    <tripinfo id="3" depart="9.00" departLane="2to8_0" departPos="4.60" departSpeed="0.00" departDelay="6.00" arrival="295.00" arrivalLane="9to1_0" arrivalPos="233.16" arrivalSpeed="13.90" duration="286.00" routeLength="965.13" waitSteps="196" timeLoss="215.75" rerouteNo="0" devices="vehroute_3 tripinfo_3" vType="Car" vaporized=""/>
    <tripinfo id="5" depart="17.00" departLane="2to8_0" departPos="4.60" departSpeed="0.00" departDelay="12.00" arrival="296.00" arrivalLane="9to1_0" arrivalPos="233.16" arrivalSpeed="13.90" duration="279.00" routeLength="965.13" waitSteps="189" timeLoss="209.03" rerouteNo="0" devices="vehroute_5 tripinfo_5" vType="Car" vaporized=""/>
    <tripinfo id="6" depart="21.00" departLane="2to8_0" departPos="4.60" departSpeed="0.00" departDelay="15.00" arrival="298.00" arrivalLane="9to1_0" arrivalPos="233.16" arrivalSpeed="13.90" duration="277.00" routeLength="965.13" waitSteps="187" timeLoss="206.68" rerouteNo="0" devices="vehroute_6 tripinfo_6" vType="Car" vaporized=""/>
    <tripinfo id="7" depart="25.00" departLane="2to8_0" departPos="4.60" departSpeed="0.00" departDelay="18.00" arrival="300.00" arrivalLane="9to1_0" arrivalPos="233.16" arrivalSpeed="13.90" duration="275.00" routeLength="965.13" waitSteps="184" timeLoss="205.36" rerouteNo="0" devices="vehroute_7 tripinfo_7" vType="Car" vaporized=""/>
    <tripinfo id="8" depart="29.00" departLane="2to8_0" departPos="4.60" departSpeed="0.00" departDelay="21.00" arrival="302.00" arrivalLane="9to1_0" arrivalPos="233.16" arrivalSpeed="13.90" duration="273.00" routeLength="965.13" waitSteps="182" timeLoss="202.98" rerouteNo="0" devices="vehroute_8 tripinfo_8" vType="Car" vaporized=""/>
    <tripinfo id="61" depart="241.00" departLane="2to8_0" departPos="4.60" departSpeed="0.00" departDelay="180.00" arrival="306.00" arrivalLane="4to1_0" arrivalPos="100.40" arrivalSpeed="13.90" duration="65.00" routeLength="787.48" waitSteps="0" timeLoss="7.46" rerouteNo="0" devices="vehroute_61 tripinfo_61" vType="Car" vaporized=""/>
    <tripinfo id="16" depart="61.00" departLane="2to8_0" departPos="4.60" departSpeed="0.00" departDelay="45.00" arrival="308.00" arrivalLane="9to1_0" arrivalPos="233.16" arrivalSpeed="13.90" duration="247.00" routeLength="965.13" waitSteps="154" timeLoss="176.69" rerouteNo="0" devices="vehroute_16 tripinfo_16" vType="Car" vaporized=""/>
    <tripinfo id="11" depart="41.00" departLane="2to8_0" departPos="4.60" departSpeed="0.00" departDelay="30.00" arrival="308.00" arrivalLane="4to1_0" arrivalPos="100.40" arrivalSpeed="13.90" duration="267.00" routeLength="981.14" waitSteps="171" timeLoss="195.91" rerouteNo="0" devices="vehroute_11 tripinfo_11" vType="Car" vaporized=""/>
    <tripinfo id="14" depart="53.00" departLane="2to8_0" departPos="4.60" departSpeed="0.00" departDelay="39.00" arrival="310.00" arrivalLane="4to1_0" arrivalPos="100.40" arrivalSpeed="13.90" duration="257.00" routeLength="981.14" waitSteps="161" timeLoss="185.22" rerouteNo="0" devices="vehroute_14 tripinfo_14" vType="Car" vaporized=""/>
    <tripinfo id="18" depart="69.00" departLane="2to8_0" departPos="4.60" departSpeed="0.00" departDelay="51.00" arrival="312.00" arrivalLane="4to1_0" arrivalPos="100.40" arrivalSpeed="13.90" duration="243.00" routeLength="981.14" waitSteps="148" timeLoss="171.29" rerouteNo="0" devices="vehroute_18 tripinfo_18" vType="Car" vaporized=""/>
    <tripinfo id="59" depart="233.00" departLane="2to8_0" departPos="4.60" departSpeed="0.00" departDelay="174.00" arrival="313.00" arrivalLane="9to1_0" arrivalPos="233.16" arrivalSpeed="13.90" duration="80.00" routeLength="978.01" waitSteps="0" timeLoss="8.59" rerouteNo="0" devices="vehroute_59 tripinfo_59" vType="Car" vaporized=""/>
    <tripinfo id="64" depart="253.00" departLane="2to8_0" departPos="4.60" departSpeed="0.00" departDelay="189.00" arrival="318.00" arrivalLane="4to1_0" arrivalPos="100.40" arrivalSpeed="13.90" duration="65.00" routeLength="787.48" waitSteps="0" timeLoss="7.46" rerouteNo="0" devices="vehroute_64 tripinfo_64" vType="Car" vaporized=""/>
    <tripinfo id="60" depart="237.00" departLane="2to8_0" departPos="4.60" departSpeed="0.00" departDelay="177.00" arrival="321.00" arrivalLane="4to1_0" arrivalPos="100.40" arrivalSpeed="13.90" duration="84.00" routeLength="994.02" waitSteps="0" timeLoss="11.59" rerouteNo="0" devices="vehroute_60 tripinfo_60" vType="Car" vaporized=""/>
    <tripinfo id="19" depart="73.00" departLane="2to8_0" departPos="4.60" departSpeed="0.00" departDelay="54.00" arrival="325.00" arrivalLane="9to1_0" arrivalPos="233.16" arrivalSpeed="13.90" duration="252.00" routeLength="965.13" waitSteps="153" timeLoss="182.14" rerouteNo="0" devices="vehroute_19 tripinfo_19" vType="Car" vaporized=""/>
    <tripinfo id="20" depart="77.00" departLane="2to8_0" departPos="4.60" departSpeed="0.00" departDelay="57.00" arrival="327.00" arrivalLane="9to1_0" arrivalPos="233.16" arrivalSpeed="13.90" duration="250.00" routeLength="965.13" waitSteps="151" timeLoss="179.61" rerouteNo="0" devices="vehroute_20 tripinfo_20" vType="Car" vaporized=""/>
    <tripinfo id="21" depart="81.00" departLane="2to8_0" departPos="4.60" departSpeed="0.00" departDelay="60.00" arrival="328.00" arrivalLane="9to1_0" arrivalPos="233.16" arrivalSpeed="13.90" duration="247.00" routeLength="965.13" waitSteps="148" timeLoss="177.20" rerouteNo="0" devices="vehroute_21 tripinfo_21" vType="Car" vaporized=""/>
    <tripinfo id="23" depart="89.00" departLane="2to8_0" departPos="4.60" departSpeed="0.00" departDelay="66.00" arrival="330.00" arrivalLane="9to1_0" arrivalPos="233.16" arrivalSpeed="13.90" duration="241.00" routeLength="965.13" waitSteps="141" timeLoss="170.55" rerouteNo="0" devices="vehroute_23 tripinfo_23" vType="Car" vaporized=""/>
    <tripinfo id="26" depart="101.00" departLane="2to8_0" departPos="4.60" departSpeed="0.00" departDelay="75.00" arrival="334.00" arrivalLane="9to1_0" arrivalPos="233.16" arrivalSpeed="13.90" duration="233.00" routeLength="965.13" waitSteps="132" timeLoss="162.85" rerouteNo="0" devices="vehroute_26 tripinfo_26" vType="Car" vaporized=""/>
    <tripinfo id="24" depart="93.00" departLane="2to8_0" departPos="4.60" departSpeed="0.00" departDelay="69.00" arrival="335.00" arrivalLane="4to1_0" arrivalPos="100.40" arrivalSpeed="13.90" duration="242.00" routeLength="981.14" waitSteps="139" timeLoss="170.85" rerouteNo="0" devices="vehroute_24 tripinfo_24" vType="Car" vaporized=""/>
    <tripinfo id="65" depart="257.00" departLane="2to8_0" departPos="4.60" departSpeed="0.00" departDelay="192.00" arrival="341.00" arrivalLane="4to1_0" arrivalPos="100.40" arrivalSpeed="13.90" duration="84.00" routeLength="994.02" waitSteps="0" timeLoss="11.59" rerouteNo="0" devices="vehroute_65 tripinfo_65" vType="Car" vaporized=""/>
    <tripinfo id="30" depart="117.00" departLane="2to8_0" departPos="4.60" departSpeed="0.00" departDelay="87.00" arrival="345.00" arrivalLane="9to1_0" arrivalPos="233.16" arrivalSpeed="13.90" duration="228.00" routeLength="965.13" waitSteps="122" timeLoss="158.26" rerouteNo="0" devices="vehroute_30 tripinfo_30" vType="Car" vaporized=""/>
    <tripinfo id="33" depart="129.00" departLane="2to8_0" departPos="4.60" departSpeed="0.00" departDelay="96.00" arrival="347.00" arrivalLane="9to1_0" arrivalPos="233.16" arrivalSpeed="13.90" duration="218.00" routeLength="965.13" waitSteps="111" timeLoss="147.64" rerouteNo="0" devices="vehroute_33 tripinfo_33" vType="Car" vaporized=""/>
    <tripinfo id="68" depart="269.00" departLane="2to8_0" departPos="4.60" departSpeed="0.00" departDelay="201.00" arrival="349.00" arrivalLane="9to1_0" arrivalPos="233.16" arrivalSpeed="13.90" duration="80.00" routeLength="978.01" waitSteps="0" timeLoss="8.59" rerouteNo="0" devices="vehroute_68 tripinfo_68" vType="Car" vaporized=""/>
    <tripinfo id="37" depart="145.00" departLane="2to8_0" departPos="4.60" departSpeed="0.00" departDelay="108.00" arrival="359.00" arrivalLane="9to1_0" arrivalPos="233.16" arrivalSpeed="13.90" duration="214.00" routeLength="965.13" waitSteps="103" timeLoss="143.64" rerouteNo="0" devices="vehroute_37 tripinfo_37" vType="Car" vaporized=""/>
    <tripinfo id="34" depart="133.00" departLane="2to8_0" departPos="4.60" departSpeed="0.00" departDelay="99.00" arrival="360.00" arrivalLane="4to1_0" arrivalPos="100.40" arrivalSpeed="13.90" duration="227.00" routeLength="981.14" waitSteps="114" timeLoss="155.97" rerouteNo="0" devices="vehroute_34 tripinfo_34" vType="Car" vaporized=""/>
    <tripinfo id="38" depart="149.00" departLane="2to8_0" departPos="4.60" departSpeed="0.00" departDelay="111.00" arrival="364.00" arrivalLane="4to1_0" arrivalPos="100.40" arrivalSpeed="13.90" duration="215.00" routeLength="981.14" waitSteps="101" timeLoss="143.07" rerouteNo="0" devices="vehroute_38 tripinfo_38" vType="Car" vaporized=""/>
    <tripinfo id="76" depart="301.00" departLane="2to8_0" departPos="4.60" departSpeed="0.00" departDelay="225.00" arrival="366.00" arrivalLane="4to1_0" arrivalPos="100.40" arrivalSpeed="13.90" duration="65.00" routeLength="787.48" waitSteps="0" timeLoss="7.46" rerouteNo="0" devices="vehroute_76 tripinfo_76" vType="Car" vaporized=""/>
    <tripinfo id="39" depart="153.00" departLane="2to8_0" departPos="4.60" departSpeed="0.00" departDelay="114.00" arrival="374.00" arrivalLane="4to1_0" arrivalPos="100.40" arrivalSpeed="13.90" duration="221.00" routeLength="981.14" waitSteps="100" timeLoss="149.04" rerouteNo="0" devices="vehroute_39 tripinfo_39" vType="Car" vaporized=""/>
    <tripinfo id="78" depart="309.00" departLane="2to8_0" departPos="4.60" departSpeed="0.00" departDelay="231.00" arrival="375.00" arrivalLane="4to1_0" arrivalPos="100.40" arrivalSpeed="13.90" duration="66.00" routeLength="787.48" waitSteps="0" timeLoss="8.84" rerouteNo="0" devices="vehroute_78 tripinfo_78" vType="Car" vaporized=""/>
    <tripinfo id="53" depart="209.00" departLane="2to8_0" departPos="4.60" departSpeed="0.00" departDelay="156.00" arrival="381.00" arrivalLane="9to1_0" arrivalPos="233.16" arrivalSpeed="13.90" duration="172.00" routeLength="965.13" waitSteps="54" timeLoss="102.25" rerouteNo="0" devices="vehroute_53 tripinfo_53" vType="Car" vaporized=""/>
    <tripinfo id="40" depart="157.00" departLane="2to8_0" departPos="4.60" departSpeed="0.00" departDelay="117.00" arrival="382.00" arrivalLane="4to1_0" arrivalPos="100.40" arrivalSpeed="13.90" duration="225.00" routeLength="981.14" waitSteps="100" timeLoss="153.04" rerouteNo="0" devices="vehroute_40 tripinfo_40" vType="Car" vaporized=""/>
    <tripinfo id="80" depart="317.00" departLane="2to8_0" departPos="4.60" departSpeed="0.00" departDelay="237.00" arrival="383.00" arrivalLane="4to1_0" arrivalPos="100.40" arrivalSpeed="13.90" duration="66.00" routeLength="787.48" waitSteps="0" timeLoss="8.84" rerouteNo="0" devices="vehroute_80 tripinfo_80" vType="Car" vaporized=""/>
    <tripinfo id="54" depart="213.00" departLane="2to8_0" departPos="4.60" departSpeed="0.00" departDelay="159.00" arrival="383.00" arrivalLane="9to1_0" arrivalPos="233.16" arrivalSpeed="13.90" duration="170.00" routeLength="965.13" waitSteps="51" timeLoss="99.73" rerouteNo="0" devices="vehroute_54 tripinfo_54" vType="Car" vaporized=""/>
    <tripinfo id="56" depart="221.00" departLane="2to8_0" departPos="4.60" departSpeed="0.00" departDelay="165.00" arrival="384.00" arrivalLane="9to1_0" arrivalPos="233.16" arrivalSpeed="13.90" duration="163.00" routeLength="965.13" waitSteps="44" timeLoss="93.19" rerouteNo="0" devices="vehroute_56 tripinfo_56" vType="Car" vaporized=""/>
    <tripinfo id="43" depart="169.00" departLane="2to8_0" departPos="4.60" departSpeed="0.00" departDelay="126.00" arrival="390.00" arrivalLane="4to1_0" arrivalPos="100.40" arrivalSpeed="13.90" duration="221.00" routeLength="981.14" waitSteps="92" timeLoss="149.05" rerouteNo="0" devices="vehroute_43 tripinfo_43" vType="Car" vaporized=""/>
    <tripinfo id="62" depart="245.00" departLane="2to8_0" departPos="4.60" departSpeed="0.00" departDelay="183.00" arrival="390.00" arrivalLane="9to1_0" arrivalPos="233.16" arrivalSpeed="13.90" duration="145.00" routeLength="965.13" waitSteps="28" timeLoss="74.95" rerouteNo="0" devices="vehroute_62 tripinfo_62" vType="Car" vaporized=""/>
    <tripinfo id="48" depart="189.00" departLane="2to8_0" departPos="4.60" departSpeed="0.00" departDelay="141.00" arrival="391.00" arrivalLane="4to1_0" arrivalPos="100.40" arrivalSpeed="13.90" duration="202.00" routeLength="981.14" waitSteps="74" timeLoss="130.51" rerouteNo="0" devices="vehroute_48 tripinfo_48" vType="Car" vaporized=""/>
    <tripinfo id="49" depart="193.00" departLane="2to8_0" departPos="4.60" departSpeed="0.00" departDelay="144.00" arrival="392.00" arrivalLane="4to1_0" arrivalPos="100.40" arrivalSpeed="13.90" duration="199.00" routeLength="981.14" waitSteps="70" timeLoss="127.97" rerouteNo="0" devices="vehroute_49 tripinfo_49" vType="Car" vaporized=""/>
    <tripinfo id="63" depart="249.00" departLane="2to8_0" departPos="4.60" departSpeed="0.00" departDelay="186.00" arrival="392.00" arrivalLane="9to1_0" arrivalPos="233.16" arrivalSpeed="13.90" duration="143.00" routeLength="965.13" waitSteps="28" timeLoss="72.78" rerouteNo="0" devices="vehroute_63 tripinfo_63" vType="Car" vaporized=""/>
    <tripinfo id="74" depart="293.00" departLane="2to8_0" departPos="4.60" departSpeed="0.00" departDelay="219.00" arrival="394.00" arrivalLane="4to1_0" arrivalPos="100.40" arrivalSpeed="13.90" duration="101.00" routeLength="994.02" waitSteps="6" timeLoss="28.22" rerouteNo="0" devices="vehroute_74 tripinfo_74" vType="Car" vaporized=""/>
    <tripinfo id="67" depart="265.00" departLane="2to8_0" departPos="4.60" departSpeed="0.00" departDelay="198.00" arrival="396.00" arrivalLane="9to1_0" arrivalPos="233.16" arrivalSpeed="13.90" duration="131.00" routeLength="965.13" waitSteps="21" timeLoss="60.68" rerouteNo="0" devices="vehroute_67 tripinfo_67" vType="Car" vaporized=""/>
    <tripinfo id="57" depart="225.00" departLane="2to8_0" departPos="4.60" departSpeed="0.00" departDelay="168.00" arrival="397.00" arrivalLane="4to1_0" arrivalPos="100.40" arrivalSpeed="13.90" duration="172.00" routeLength="981.14" waitSteps="42" timeLoss="100.12" rerouteNo="0" devices="vehroute_57 tripinfo_57" vType="Car" vaporized=""/>
    <tripinfo id="58" depart="229.00" departLane="2to8_0" departPos="4.60" departSpeed="0.00" departDelay="171.00" arrival="398.00" arrivalLane="4to1_0" arrivalPos="100.40" arrivalSpeed="13.90" duration="169.00" routeLength="981.14" waitSteps="39" timeLoss="97.75" rerouteNo="0" devices="vehroute_58 tripinfo_58" vType="Car" vaporized=""/>
    <tripinfo id="69" depart="273.00" departLane="2to8_0" departPos="4.60" departSpeed="0.00" departDelay="204.00" arrival="398.00" arrivalLane="9to1_0" arrivalPos="233.16" arrivalSpeed="13.90" duration="125.00" routeLength="965.13" waitSteps="18" timeLoss="54.65" rerouteNo="0" devices="vehroute_69 tripinfo_69" vType="Car" vaporized=""/>
    <tripinfo id="66" depart="261.00" departLane="2to8_0" departPos="4.60" departSpeed="0.00" departDelay="195.00" arrival="400.00" arrivalLane="4to1_0" arrivalPos="100.40" arrivalSpeed="13.90" duration="139.00" routeLength="981.14" waitSteps="21" timeLoss="67.51" rerouteNo="0" devices="vehroute_66 tripinfo_66" vType="Car" vaporized=""/>
    <tripinfo id="70" depart="277.00" departLane="2to8_0" departPos="4.60" departSpeed="0.00" departDelay="207.00" arrival="402.00" arrivalLane="4to1_0" arrivalPos="100.40" arrivalSpeed="13.90" duration="125.00" routeLength="981.14" waitSteps="15" timeLoss="53.44" rerouteNo="0" devices="vehroute_70 tripinfo_70" vType="Car" vaporized=""/>
    <tripinfo id="71" depart="281.00" departLane="2to8_0" departPos="4.60" departSpeed="0.00" departDelay="210.00" arrival="402.00" arrivalLane="9to1_0" arrivalPos="233.16" arrivalSpeed="13.90" duration="121.00" routeLength="965.13" waitSteps="13" timeLoss="50.64" rerouteNo="0" devices="vehroute_71 tripinfo_71" vType="Car" vaporized=""/>
    <tripinfo id="72" depart="285.00" departLane="2to8_0" departPos="4.60" departSpeed="0.00" departDelay="213.00" arrival="404.00" arrivalLane="9to1_0" arrivalPos="233.16" arrivalSpeed="13.90" duration="119.00" routeLength="965.13" waitSteps="13" timeLoss="48.63" rerouteNo="0" devices="vehroute_72 tripinfo_72" vType="Car" vaporized=""/>
    <tripinfo id="86" depart="341.00" departLane="2to8_0" departPos="4.60" departSpeed="0.00" departDelay="255.00" arrival="406.00" arrivalLane="4to1_0" arrivalPos="100.40" arrivalSpeed="13.90" duration="65.00" routeLength="787.48" waitSteps="0" timeLoss="7.46" rerouteNo="0" devices="vehroute_86 tripinfo_86" vType="Car" vaporized=""/>
    <tripinfo id="73" depart="289.00" departLane="2to8_0" departPos="4.60" departSpeed="0.00" departDelay="216.00" arrival="408.00" arrivalLane="4to1_0" arrivalPos="100.40" arrivalSpeed="13.90" duration="119.00" routeLength="981.14" waitSteps="13" timeLoss="47.45" rerouteNo="0" devices="vehroute_73 tripinfo_73" vType="Car" vaporized=""/>
    <tripinfo id="75" depart="297.00" departLane="2to8_0" departPos="4.60" departSpeed="0.00" departDelay="222.00" arrival="412.00" arrivalLane="4to1_0" arrivalPos="100.40" arrivalSpeed="13.90" duration="115.00" routeLength="981.14" waitSteps="9" timeLoss="43.99" rerouteNo="0" devices="vehroute_75 tripinfo_75" vType="Car" vaporized=""/>
    <tripinfo id="88" depart="349.00" departLane="2to8_0" departPos="4.60" departSpeed="0.00" departDelay="261.00" arrival="414.00" arrivalLane="4to1_0" arrivalPos="100.40" arrivalSpeed="13.90" duration="65.00" routeLength="787.48" waitSteps="0" timeLoss="7.83" rerouteNo="0" devices="vehroute_88 tripinfo_88" vType="Car" vaporized=""/>
    <tripinfo id="77" depart="305.00" departLane="2to8_0" departPos="4.60" departSpeed="0.00" departDelay="228.00" arrival="422.00" arrivalLane="4to1_0" arrivalPos="100.40" arrivalSpeed="13.90" duration="117.00" routeLength="981.14" waitSteps="8" timeLoss="45.06" rerouteNo="0" devices="vehroute_77 tripinfo_77" vType="Car" vaporized=""/>
    <tripinfo id="84" depart="333.00" departLane="2to8_0" departPos="4.60" departSpeed="0.00" departDelay="249.00" arrival="423.00" arrivalLane="4to1_0" arrivalPos="100.40" arrivalSpeed="13.90" duration="90.00" routeLength="994.02" waitSteps="1" timeLoss="17.29" rerouteNo="0" devices="vehroute_84 tripinfo_84" vType="Car" vaporized=""/>
    <tripinfo id="85" depart="337.00" departLane="2to8_0" departPos="4.60" departSpeed="0.00" departDelay="252.00" arrival="424.00" arrivalLane="4to1_0" arrivalPos="100.40" arrivalSpeed="13.90" duration="87.00" routeLength="994.02" waitSteps="0" timeLoss="14.76" rerouteNo="0" devices="vehroute_85 tripinfo_85" vType="Car" vaporized=""/>
    <tripinfo id="79" depart="313.00" departLane="2to8_0" departPos="4.60" departSpeed="0.00" departDelay="234.00" arrival="425.00" arrivalLane="9to1_0" arrivalPos="233.16" arrivalSpeed="13.90" duration="112.00" routeLength="965.13" waitSteps="12" timeLoss="42.27" rerouteNo="0" devices="vehroute_79 tripinfo_79" vType="Car" vaporized=""/>
    <tripinfo id="87" depart="345.00" departLane="2to8_0" departPos="4.60" departSpeed="0.00" departDelay="258.00" arrival="431.00" arrivalLane="4to1_0" arrivalPos="100.40" arrivalSpeed="13.90" duration="86.00" routeLength="994.02" waitSteps="0" timeLoss="13.77" rerouteNo="0" devices="vehroute_87 tripinfo_87" vType="Car" vaporized=""/>
    <tripinfo id="81" depart="321.00" departLane="2to8_0" departPos="4.60" departSpeed="0.00" departDelay="240.00" arrival="436.00" arrivalLane="4to1_0" arrivalPos="100.40" arrivalSpeed="13.90" duration="115.00" routeLength="981.14" waitSteps="12" timeLoss="43.98" rerouteNo="0" devices="vehroute_81 tripinfo_81" vType="Car" vaporized=""/>
    <tripinfo id="90" depart="357.00" departLane="2to8_0" departPos="4.60" departSpeed="0.00" departDelay="267.00" arrival="437.00" arrivalLane="9to1_0" arrivalPos="233.16" arrivalSpeed="13.90" duration="80.00" routeLength="978.01" waitSteps="0" timeLoss="8.59" rerouteNo="0" devices="vehroute_90 tripinfo_90" vType="Car" vaporized=""/>
    <tripinfo id="82" depart="325.00" departLane="2to8_0" departPos="4.60" departSpeed="0.00" departDelay="243.00" arrival="439.00" arrivalLane="4to1_0" arrivalPos="100.40" arrivalSpeed="13.90" duration="114.00" routeLength="981.14" waitSteps="11" timeLoss="42.19" rerouteNo="0" devices="vehroute_82 tripinfo_82" vType="Car" vaporized=""/>
    <tripinfo id="95" depart="377.00" departLane="2to8_0" departPos="4.60" departSpeed="0.00" departDelay="282.00" arrival="442.00" arrivalLane="4to1_0" arrivalPos="100.40" arrivalSpeed="13.90" duration="65.00" routeLength="787.48" waitSteps="0" timeLoss="7.46" rerouteNo="0" devices="vehroute_95 tripinfo_95" vType="Car" vaporized=""/>
    <tripinfo id="92" depart="365.00" departLane="2to8_0" departPos="4.60" departSpeed="0.00" departDelay="273.00" arrival="445.00" arrivalLane="9to1_0" arrivalPos="233.16" arrivalSpeed="13.90" duration="80.00" routeLength="978.01" waitSteps="0" timeLoss="8.59" rerouteNo="0" devices="vehroute_92 tripinfo_92" vType="Car" vaporized=""/>
    <tripinfo id="96" depart="381.00" departLane="2to8_0" departPos="4.60" departSpeed="0.00" departDelay="285.00" arrival="446.00" arrivalLane="4to1_0" arrivalPos="100.40" arrivalSpeed="13.90" duration="65.00" routeLength="787.48" waitSteps="0" timeLoss="7.46" rerouteNo="0" devices="vehroute_96 tripinfo_96" vType="Car" vaporized=""/>
    <tripinfo id="93" depart="369.00" departLane="2to8_0" departPos="4.60" departSpeed="0.00" departDelay="276.00" arrival="449.00" arrivalLane="9to1_0" arrivalPos="233.16" arrivalSpeed="13.90" duration="80.00" routeLength="978.01" waitSteps="0" timeLoss="8.59" rerouteNo="0" devices="vehroute_93 tripinfo_93" vType="Car" vaporized=""/>
    <tripinfo id="94" depart="373.00" departLane="2to8_0" departPos="4.60" departSpeed="0.00" departDelay="279.00" arrival="453.00" arrivalLane="9to1_0" arrivalPos="233.16" arrivalSpeed="13.90" duration="80.00" routeLength="978.01" waitSteps="0" timeLoss="8.59" rerouteNo="0" devices="vehroute_94 tripinfo_94" vType="Car" vaporized=""/>
    <tripinfo id="91" depart="361.00" departLane="2to8_0" departPos="4.60" departSpeed="0.00" departDelay="270.00" arrival="454.00" arrivalLane="4to1_0" arrivalPos="100.40" arrivalSpeed="13.90" duration="93.00" routeLength="994.02" waitSteps="3" timeLoss="19.82" rerouteNo="0" devices="vehroute_91 tripinfo_91" vType="Car" vaporized=""/>
    <tripinfo id="83" depart="329.00" departLane="2to8_0" departPos="4.60" departSpeed="0.00" departDelay="246.00" arrival="461.00" arrivalLane="9to1_0" arrivalPos="233.16" arrivalSpeed="13.90" duration="132.00" routeLength="965.13" waitSteps="32" timeLoss="62.27" rerouteNo="0" devices="vehroute_83 tripinfo_83" vType="Car" vaporized=""/>
    <tripinfo id="89" depart="353.00" departLane="2to8_0" departPos="4.60" departSpeed="0.00" departDelay="264.00" arrival="463.00" arrivalLane="9to1_0" arrivalPos="233.16" arrivalSpeed="13.90" duration="110.00" routeLength="965.13" waitSteps="21" timeLoss="39.74" rerouteNo="0" devices="vehroute_89 tripinfo_89" vType="Car" vaporized=""/>
    <tripinfo id="97" depart="385.00" departLane="2to8_0" departPos="4.60" departSpeed="0.00" departDelay="288.00" arrival="465.00" arrivalLane="9to1_0" arrivalPos="233.16" arrivalSpeed="13.90" duration="80.00" routeLength="978.01" waitSteps="0" timeLoss="8.59" rerouteNo="0" devices="vehroute_97 tripinfo_97" vType="Car" vaporized=""/>
    <tripinfo id="98" depart="389.00" departLane="2to8_0" departPos="4.60" departSpeed="0.00" departDelay="291.00" arrival="469.00" arrivalLane="9to1_0" arrivalPos="233.16" arrivalSpeed="13.90" duration="80.00" routeLength="978.01" waitSteps="0" timeLoss="8.59" rerouteNo="0" devices="vehroute_98 tripinfo_98" vType="Car" vaporized=""/>
    <tripinfo id="99" depart="393.00" departLane="2to8_0" departPos="4.60" departSpeed="0.00" departDelay="294.00" arrival="477.00" arrivalLane="4to1_0" arrivalPos="100.40" arrivalSpeed="13.90" duration="84.00" routeLength="994.02" waitSteps="0" timeLoss="11.59" rerouteNo="0" devices="vehroute_99 tripinfo_99" vType="Car" vaporized=""/>
    <tripinfo id="100" depart="397.00" departLane="2to8_0" departPos="4.60" departSpeed="0.00" departDelay="297.00" arrival="481.00" arrivalLane="4to1_0" arrivalPos="100.40" arrivalSpeed="13.90" duration="84.00" routeLength="994.02" waitSteps="0" timeLoss="11.59" rerouteNo="0" devices="vehroute_100 tripinfo_100" vType="Car" vaporized=""/>
</tripinfos>
