<routes>
  	<vType accel="1.0" decel="5.0" id="Car" length="4.5" minGap="2.0" maxSpeed="50.0" sigma="0" />

    <route id="route0" edges="1to2 2to3" />
  	<route id="route1" edges="1to2 2to4" />
    
    <vehicle depart="0" id="0" route="route0" type="Car" departPos="0" departSpeed="random">
         <stop lane="2to3_0" endPos="100" duration="55"/>
    </vehicle>
    <vehicle depart="1" id="1" route="route0" type="Car" departPos="0" departSpeed="random">
    </vehicle>
    <vehicle depart="2" id="2" route="route0" type="Car" departPos="0" departSpeed="random">
    </vehicle>
    <vehicle depart="3" id="3" route="route0" type="Car" departPos="0" departSpeed="random">
    </vehicle>
    <vehicle depart="4" id="4" route="route0" type="Car" departPos="0" departSpeed="random">
    </vehicle>
    <vehicle depart="5" id="5" route="route0" type="Car" departPos="0" departSpeed="random">
    </vehicle>
    <vehicle depart="6" id="6" route="route0" type="Car" departPos="0" departSpeed="random">
    </vehicle>
    <vehicle depart="7" id="7" route="route0" type="Car" departPos="0" departSpeed="random">
    </vehicle>
    <vehicle depart="8" id="8" route="route0" type="Car" departPos="0" departSpeed="random">
    </vehicle>
    <vehicle depart="9" id="9" route="route0" type="Car" departPos="0" departSpeed="random">
    </vehicle>
    <vehicle id="10" type="Car" route="route1" depart="10" />
    <vehicle id="11" type="Car" route="route1" depart="14" />
    <vehicle id="12" type="Car" route="route0" depart="16" />
    <vehicle id="13" type="Car" route="route0" depart="17" />
    <vehicle id="14" type="Car" route="route1" depart="20" />
    <vehicle id="15" type="Car" route="route0" depart="24" />
    <vehicle id="16" type="Car" route="route0" depart="25" />
    <vehicle id="17" type="Car" route="route1" depart="32" />
    <vehicle id="18" type="Car" route="route0" depart="34" />
    <vehicle id="19" type="Car" route="route0" depart="46" />
    <vehicle id="20" type="Car" route="route0" depart="57" />
    <vehicle id="21" type="Car" route="route0" depart="58" />
    <vehicle id="22" type="Car" route="route0" depart="59" />
    <vehicle id="23" type="Car" route="route1" depart="64" />
    <vehicle id="24" type="Car" route="route0" depart="71" />
    <vehicle id="25" type="Car" route="route0" depart="77" />
    <vehicle id="26" type="Car" route="route1" depart="78" />
    <vehicle id="27" type="Car" route="route0" depart="81" />
    <vehicle id="28" type="Car" route="route0" depart="83" />
    <vehicle id="29" type="Car" route="route0" depart="86" />
    <vehicle id="30" type="Car" route="route0" depart="94" />
    <vehicle id="31" type="Car" route="route0" depart="100" />
    <vehicle id="32" type="Car" route="route0" depart="106" />
    <vehicle id="33" type="Car" route="route0" depart="110" />
    <vehicle id="34" type="Car" route="route0" depart="113" />
    <vehicle id="35" type="Car" route="route0" depart="118" />
    <vehicle id="36" type="Car" route="route0" depart="129" />
    <vehicle id="37" type="Car" route="route0" depart="136" />
    <vehicle id="38" type="Car" route="route0" depart="147" />
    <vehicle id="39" type="Car" route="route0" depart="153" />
    <vehicle id="40" type="Car" route="route1" depart="156" />
    <vehicle id="41" type="Car" route="route0" depart="159" />
    <vehicle id="42" type="Car" route="route0" depart="160" />
    <vehicle id="43" type="Car" route="route0" depart="161" />
    <vehicle id="44" type="Car" route="route0" depart="167" />
    <vehicle id="45" type="Car" route="route0" depart="169" />
    <vehicle id="46" type="Car" route="route0" depart="173" />
    <vehicle id="47" type="Car" route="route0" depart="174" />
    <vehicle id="48" type="Car" route="route0" depart="178" />
    <vehicle id="49" type="Car" route="route0" depart="185" />
    <vehicle id="50" type="Car" route="route1" depart="188" />
    <vehicle id="51" type="Car" route="route0" depart="193" />
    <vehicle id="52" type="Car" route="route0" depart="198" />
    <vehicle id="53" type="Car" route="route0" depart="199" />
    <vehicle id="54" type="Car" route="route0" depart="207" />
    <vehicle id="55" type="Car" route="route1" depart="212" />
    <vehicle id="56" type="Car" route="route0" depart="216" />
    <vehicle id="57" type="Car" route="route0" depart="222" />
    <vehicle id="58" type="Car" route="route1" depart="226" />
    <vehicle id="59" type="Car" route="route0" depart="232" />
    <vehicle id="60" type="Car" route="route0" depart="233" />
    <vehicle id="61" type="Car" route="route0" depart="238" />
    <vehicle id="62" type="Car" route="route0" depart="242" />
    <vehicle id="63" type="Car" route="route0" depart="245" />
    <vehicle id="64" type="Car" route="route0" depart="247" />
    <vehicle id="65" type="Car" route="route0" depart="250" />
    <vehicle id="66" type="Car" route="route0" depart="263" />
    <vehicle id="67" type="Car" route="route0" depart="266" />
    <vehicle id="68" type="Car" route="route1" depart="274" />
    <vehicle id="69" type="Car" route="route1" depart="280" />
    <vehicle id="70" type="Car" route="route1" depart="284" />
    <vehicle id="71" type="Car" route="route0" depart="286" />
    <vehicle id="72" type="Car" route="route0" depart="293" />
    <vehicle id="73" type="Car" route="route0" depart="294" />
    <vehicle id="74" type="Car" route="route0" depart="299" />
    <vehicle id="75" type="Car" route="route0" depart="300" />
    <vehicle id="76" type="Car" route="route0" depart="301" />
    <vehicle id="77" type="Car" route="route0" depart="302" />
    <vehicle id="78" type="Car" route="route0" depart="307" />
    <vehicle id="79" type="Car" route="route0" depart="309" />
    <vehicle id="80" type="Car" route="route0" depart="310" />
    <vehicle id="81" type="Car" route="route0" depart="315" />
    <vehicle id="82" type="Car" route="route0" depart="331" />
    <vehicle id="83" type="Car" route="route1" depart="334" />
    <vehicle id="84" type="Car" route="route0" depart="339" />
    <vehicle id="85" type="Car" route="route0" depart="351" />
    <vehicle id="86" type="Car" route="route0" depart="352" />
    <vehicle id="87" type="Car" route="route0" depart="353" />
    <vehicle id="88" type="Car" route="route0" depart="355" />
    <vehicle id="89" type="Car" route="route0" depart="359" />
    <vehicle id="90" type="Car" route="route0" depart="360" />
    <vehicle id="91" type="Car" route="route0" depart="362" />
    <vehicle id="92" type="Car" route="route0" depart="369" />
    <vehicle id="93" type="Car" route="route0" depart="370" />
    <vehicle id="94" type="Car" route="route0" depart="373" />
    <vehicle id="95" type="Car" route="route0" depart="375" />
    <vehicle id="96" type="Car" route="route0" depart="387" />
    <vehicle id="97" type="Car" route="route0" depart="388" />
    <vehicle id="98" type="Car" route="route0" depart="389" />
    <vehicle id="99" type="Car" route="route0" depart="399" />
    <vehicle id="100" type="Car" route="route0" depart="400" />
    <vehicle id="101" type="Car" route="route0" depart="403" />
    <vehicle id="102" type="Car" route="route0" depart="407" />
    <vehicle id="103" type="Car" route="route1" depart="413" />
    <vehicle id="104" type="Car" route="route0" depart="416" />
    <vehicle id="105" type="Car" route="route0" depart="429" />
    <vehicle id="106" type="Car" route="route0" depart="438" />
    <vehicle id="107" type="Car" route="route0" depart="457" />
    <vehicle id="108" type="Car" route="route0" depart="460" />
    <vehicle id="109" type="Car" route="route0" depart="465" />
</routes>
