<?xml version="1.0" encoding="UTF-8"?>

<!-- generated on 10/20/2016 10:31:08 AM by SUMO gui Version 0.27.0
<?xml version="1.0" encoding="UTF-8"?>

<configuration xmlns:xsi="http://www.w3.org/2001/XMLSchema-instance" xsi:noNamespaceSchemaLocation="http://sumo.dlr.de/xsd/sumo-gui.exeConfiguration.xsd">

    <input>
        <net-file value="hello.net.xml"/>
        <route-files value="hello.rou.xml"/>
    </input>

    <output>
        <tripinfo-output value="tripinfo.xml"/>
        <vehroute-output value="vehroutes.xml"/>
    </output>

    <report>
        <xml-validation value="never"/>
        <duration-log.disable value="true"/>
        <no-step-log value="true"/>
    </report>

    <traci_server>
        <remote-port value="8816"/>
    </traci_server>

</configuration>
-->

<routes xmlns:xsi="http://www.w3.org/2001/XMLSchema-instance" xsi:noNamespaceSchemaLocation="http://sumo.dlr.de/xsd/routes_file.xsd">
    <vehicle id="5" type="Car" depart="39.00" arrival="86.00">
        <routeDistribution>
            <route replacedOnEdge="1to2" replacedAtTime="66.00" probability="0" edges="1to2 2to3"/>
            <route edges="1to2 2to4"/>
        </routeDistribution>
    </vehicle>

    <vehicle id="6" type="Car" depart="43.00" arrival="90.00">
        <route edges="1to2 2to4"/>
    </vehicle>

</routes>
