<routes>
  	<vType accel="1.0" decel="5.0" id="Car" length="4.5" minGap="2.0" maxSpeed="50.0" sigma="0" />
    <route id="route0" edges="1to2 2to3" />
  	<route id="route1" edges="1to2 2to4" />

    <vehicle depart="1" id="0" route="route0" type="Car" departPos="0" departSpeed="random">
         <stop lane="2to3_0" endPos="50" duration="30"/>
    </vehicle>
    
    <vehicle depart="3" id="1" route="route0" type="Car" departPos="0">
    </vehicle>
    
    <vehicle depart="5" id="2" route="route0" type="Car" departPos="0">
    </vehicle>
    
    <vehicle depart="6" id="3" route="route0" type="Car" departPos="0">
    </vehicle>
    
    <vehicle depart="7" id="4" route="route0" type="Car" departPos="0">
    </vehicle>
    
    <vehicle id="5" type="Car" route="route0" depart="25" />
    <vehicle id="6" type="Car" route="route1" depart="26" />
    <vehicle id="7" type="Car" route="route0" depart="27" />
    <vehicle id="8" type="Car" route="route0" depart="28" />
    <vehicle id="9" type="Car" route="route0" depart="29" />
    <vehicle id="10" type="Car" route="route0" depart="30" />
    <vehicle id="11" type="Car" route="route1" depart="34" />
    <vehicle id="12" type="Car" route="route0" depart="45" />
    <vehicle id="13" type="Car" route="route1" depart="45" />
    <vehicle id="14" type="Car" route="route0" depart="46" />
    <vehicle id="15" type="Car" route="route0" depart="48" />
    <vehicle id="16" type="Car" route="route0" depart="51" />
    <vehicle id="17" type="Car" route="route0" depart="54" />
    <vehicle id="18" type="Car" route="route0" depart="63" />
    <vehicle id="19" type="Car" route="route0" depart="64" />
    <vehicle id="20" type="Car" route="route0" depart="68" />
    <vehicle id="21" type="Car" route="route0" depart="69" />
    <vehicle id="22" type="Car" route="route0" depart="78" />
    <vehicle id="23" type="Car" route="route0" depart="81" />
    <vehicle id="24" type="Car" route="route0" depart="89" />
    <vehicle id="25" type="Car" route="route0" depart="95" />
    <vehicle id="26" type="Car" route="route0" depart="110" />
    <vehicle id="27" type="Car" route="route0" depart="113" />
    <vehicle id="28" type="Car" route="route0" depart="115" />
    <vehicle id="29" type="Car" route="route0" depart="116" />
    <vehicle id="30" type="Car" route="route0" depart="127" />
    <vehicle id="31" type="Car" route="route0" depart="129" />
    <vehicle id="32" type="Car" route="route1" depart="135" />
    <vehicle id="33" type="Car" route="route0" depart="138" />
    <vehicle id="34" type="Car" route="route0" depart="139" />
    <vehicle id="35" type="Car" route="route0" depart="146" />
    <vehicle id="36" type="Car" route="route1" depart="149" />
    <vehicle id="37" type="Car" route="route0" depart="150" />
    <vehicle id="38" type="Car" route="route0" depart="153" />
    <vehicle id="39" type="Car" route="route0" depart="160" />
    <vehicle id="40" type="Car" route="route0" depart="163" />
    <vehicle id="41" type="Car" route="route0" depart="172" />
    <vehicle id="42" type="Car" route="route0" depart="180" />
    <vehicle id="43" type="Car" route="route0" depart="185" />
    <vehicle id="44" type="Car" route="route0" depart="194" />
    <vehicle id="45" type="Car" route="route0" depart="198" />
    <vehicle id="46" type="Car" route="route0" depart="204" />
    <vehicle id="47" type="Car" route="route0" depart="208" />
    <vehicle id="48" type="Car" route="route1" depart="208" />
    <vehicle id="49" type="Car" route="route0" depart="212" />
    <vehicle id="50" type="Car" route="route1" depart="214" />
    <vehicle id="51" type="Car" route="route0" depart="216" />
    <vehicle id="52" type="Car" route="route0" depart="217" />
    <vehicle id="53" type="Car" route="route0" depart="231" />
    <vehicle id="54" type="Car" route="route1" depart="241" />
    <vehicle id="55" type="Car" route="route1" depart="247" />
    <vehicle id="56" type="Car" route="route1" depart="251" />
    <vehicle id="57" type="Car" route="route0" depart="253" />
    <vehicle id="58" type="Car" route="route0" depart="254" />
    <vehicle id="59" type="Car" route="route0" depart="255" />
    <vehicle id="60" type="Car" route="route0" depart="260" />
    <vehicle id="61" type="Car" route="route0" depart="265" />
    <vehicle id="62" type="Car" route="route0" depart="266" />
    <vehicle id="63" type="Car" route="route0" depart="269" />
    <vehicle id="64" type="Car" route="route0" depart="272" />
    <vehicle id="65" type="Car" route="route1" depart="272" />
    <vehicle id="66" type="Car" route="route0" depart="277" />
    <vehicle id="67" type="Car" route="route0" depart="279" />
    <vehicle id="68" type="Car" route="route0" depart="284" />
    <vehicle id="69" type="Car" route="route1" depart="295" />
    <vehicle id="70" type="Car" route="route0" depart="300" />
    <vehicle id="71" type="Car" route="route0" depart="301" />
    <vehicle id="72" type="Car" route="route0" depart="305" />
    <vehicle id="73" type="Car" route="route0" depart="312" />
    <vehicle id="74" type="Car" route="route0" depart="314" />
    <vehicle id="75" type="Car" route="route0" depart="318" />
    <vehicle id="76" type="Car" route="route0" depart="319" />
    <vehicle id="77" type="Car" route="route1" depart="319" />
    <vehicle id="78" type="Car" route="route0" depart="326" />
    <vehicle id="79" type="Car" route="route0" depart="329" />
    <vehicle id="80" type="Car" route="route0" depart="330" />
    <vehicle id="81" type="Car" route="route0" depart="342" />
    <vehicle id="82" type="Car" route="route0" depart="343" />
    <vehicle id="83" type="Car" route="route0" depart="353" />
    <vehicle id="84" type="Car" route="route0" depart="359" />
    <vehicle id="85" type="Car" route="route0" depart="361" />
    <vehicle id="86" type="Car" route="route0" depart="365" />
    <vehicle id="87" type="Car" route="route0" depart="380" />
    <vehicle id="88" type="Car" route="route0" depart="385" />
    <vehicle id="89" type="Car" route="route0" depart="387" />
    <vehicle id="90" type="Car" route="route0" depart="407" />
    <vehicle id="91" type="Car" route="route1" depart="409" />
    <vehicle id="92" type="Car" route="route0" depart="414" />
    <vehicle id="93" type="Car" route="route1" depart="426" />
    <vehicle id="94" type="Car" route="route0" depart="427" />
    <vehicle id="95" type="Car" route="route0" depart="430" />
    <vehicle id="96" type="Car" route="route0" depart="433" />
    <vehicle id="97" type="Car" route="route0" depart="435" />
    <vehicle id="98" type="Car" route="route0" depart="437" />
    <vehicle id="99" type="Car" route="route0" depart="440" />
    <vehicle id="100" type="Car" route="route0" depart="442" />
    <vehicle id="101" type="Car" route="route0" depart="449" />
    <vehicle id="102" type="Car" route="route0" depart="451" />
    <vehicle id="103" type="Car" route="route0" depart="453" />
    <vehicle id="104" type="Car" route="route0" depart="455" />
    <vehicle id="105" type="Car" route="route0" depart="457" />
</routes>