<?xml version="1.0" encoding="UTF-8"?>

<!-- generated on 10/28/2016 6:29:52 PM by SUMO gui Version 0.27.0
<?xml version="1.0" encoding="UTF-8"?>

<configuration xmlns:xsi="http://www.w3.org/2001/XMLSchema-instance" xsi:noNamespaceSchemaLocation="http://sumo.dlr.de/xsd/sumo-gui.exeConfiguration.xsd">

    <input>
        <net-file value="complex.net.xml"/>
        <route-files value="complex.rou.xml"/>
    </input>

    <output>
        <tripinfo-output value="tripinfo.xml"/>
        <vehroute-output value="vehroutes.xml"/>
    </output>

    <report>
        <xml-validation value="never"/>
        <duration-log.disable value="true"/>
        <no-step-log value="true"/>
    </report>

    <traci_server>
        <remote-port value="8813"/>
    </traci_server>

</configuration>
-->

<tripinfos xmlns:xsi="http://www.w3.org/2001/XMLSchema-instance" xsi:noNamespaceSchemaLocation="http://sumo.dlr.de/xsd/tripinfo_file.xsd">
    <tripinfo id="2" depart="5.00" departLane="2to8_0" departPos="4.60" departSpeed="0.00" departDelay="3.00" arrival="70.00" arrivalLane="4to1_0" arrivalPos="100.40" arrivalSpeed="13.90" duration="65.00" routeLength="787.48" waitSteps="0" timeLoss="7.46" rerouteNo="0" devices="vehroute_2 tripinfo_2" vType="Car" vaporized=""/>
    <tripinfo id="3" depart="9.00" departLane="2to8_0" departPos="4.60" departSpeed="0.00" departDelay="6.00" arrival="74.00" arrivalLane="4to1_0" arrivalPos="100.40" arrivalSpeed="13.90" duration="65.00" routeLength="787.48" waitSteps="0" timeLoss="7.46" rerouteNo="0" devices="vehroute_3 tripinfo_3" vType="Car" vaporized=""/>
    <tripinfo id="4" depart="13.00" departLane="2to8_0" departPos="4.60" departSpeed="0.00" departDelay="9.00" arrival="94.00" arrivalLane="4to1_0" arrivalPos="100.40" arrivalSpeed="13.90" duration="81.00" routeLength="981.14" waitSteps="0" timeLoss="10.00" rerouteNo="0" devices="vehroute_4 tripinfo_4" vType="Car" vaporized=""/>
    <tripinfo id="5" depart="17.00" departLane="2to8_0" departPos="4.60" departSpeed="0.00" departDelay="12.00" arrival="98.00" arrivalLane="4to1_0" arrivalPos="100.40" arrivalSpeed="13.90" duration="81.00" routeLength="981.14" waitSteps="0" timeLoss="10.00" rerouteNo="0" devices="vehroute_5 tripinfo_5" vType="Car" vaporized=""/>
    <tripinfo id="10" depart="37.00" departLane="2to8_0" departPos="4.60" departSpeed="0.00" departDelay="27.00" arrival="102.00" arrivalLane="4to1_0" arrivalPos="100.40" arrivalSpeed="13.90" duration="65.00" routeLength="787.48" waitSteps="0" timeLoss="7.46" rerouteNo="0" devices="vehroute_10 tripinfo_10" vType="Car" vaporized=""/>
    <tripinfo id="6" depart="21.00" departLane="2to8_0" departPos="4.60" departSpeed="0.00" departDelay="15.00" arrival="105.00" arrivalLane="4to1_0" arrivalPos="100.40" arrivalSpeed="13.90" duration="84.00" routeLength="994.02" waitSteps="0" timeLoss="11.59" rerouteNo="0" devices="vehroute_6 tripinfo_6" vType="Car" vaporized=""/>
    <tripinfo id="7" depart="25.00" departLane="2to8_0" departPos="4.60" departSpeed="0.00" departDelay="18.00" arrival="111.00" arrivalLane="4to1_0" arrivalPos="100.40" arrivalSpeed="13.90" duration="86.00" routeLength="981.14" waitSteps="0" timeLoss="14.21" rerouteNo="1" devices="vehroute_7 tripinfo_7" vType="Car" vaporized=""/>
    <tripinfo id="8" depart="29.00" departLane="2to8_0" departPos="4.60" departSpeed="0.00" departDelay="21.00" arrival="113.00" arrivalLane="4to1_0" arrivalPos="100.40" arrivalSpeed="13.90" duration="84.00" routeLength="994.02" waitSteps="0" timeLoss="10.88" rerouteNo="1" devices="vehroute_8 tripinfo_8" vType="Car" vaporized=""/>
    <tripinfo id="9" depart="33.00" departLane="2to8_0" departPos="4.60" departSpeed="0.00" departDelay="24.00" arrival="119.00" arrivalLane="4to1_0" arrivalPos="100.40" arrivalSpeed="13.90" duration="86.00" routeLength="981.14" waitSteps="0" timeLoss="14.21" rerouteNo="1" devices="vehroute_9 tripinfo_9" vType="Car" vaporized=""/>
    <tripinfo id="16" depart="61.00" departLane="2to8_0" departPos="4.60" departSpeed="0.00" departDelay="45.00" arrival="126.00" arrivalLane="4to1_0" arrivalPos="100.40" arrivalSpeed="13.90" duration="65.00" routeLength="787.48" waitSteps="0" timeLoss="7.46" rerouteNo="0" devices="vehroute_16 tripinfo_16" vType="Car" vaporized=""/>
    <tripinfo id="12" depart="45.00" departLane="2to8_0" departPos="4.60" departSpeed="0.00" departDelay="33.00" arrival="131.00" arrivalLane="4to1_0" arrivalPos="100.40" arrivalSpeed="13.90" duration="86.00" routeLength="981.14" waitSteps="0" timeLoss="14.21" rerouteNo="1" devices="vehroute_12 tripinfo_12" vType="Car" vaporized=""/>
    <tripinfo id="13" depart="49.00" departLane="2to8_0" departPos="4.60" departSpeed="0.00" departDelay="36.00" arrival="133.00" arrivalLane="4to1_0" arrivalPos="100.40" arrivalSpeed="13.90" duration="84.00" routeLength="981.14" waitSteps="0" timeLoss="12.32" rerouteNo="1" devices="vehroute_13 tripinfo_13" vType="Car" vaporized=""/>
    <tripinfo id="14" depart="53.00" departLane="2to8_0" departPos="4.60" departSpeed="0.00" departDelay="39.00" arrival="134.00" arrivalLane="4to1_0" arrivalPos="100.40" arrivalSpeed="13.90" duration="81.00" routeLength="981.14" waitSteps="0" timeLoss="9.82" rerouteNo="0" devices="vehroute_14 tripinfo_14" vType="Car" vaporized=""/>
    <tripinfo id="15" depart="57.00" departLane="2to8_0" departPos="4.60" departSpeed="0.00" departDelay="42.00" arrival="141.00" arrivalLane="4to1_0" arrivalPos="100.40" arrivalSpeed="13.90" duration="84.00" routeLength="994.02" waitSteps="0" timeLoss="11.59" rerouteNo="1" devices="vehroute_15 tripinfo_15" vType="Car" vaporized=""/>
    <tripinfo id="22" depart="85.00" departLane="2to8_0" departPos="4.60" departSpeed="0.00" departDelay="63.00" arrival="150.00" arrivalLane="4to1_0" arrivalPos="100.40" arrivalSpeed="13.90" duration="65.00" routeLength="787.48" waitSteps="0" timeLoss="7.46" rerouteNo="0" devices="vehroute_22 tripinfo_22" vType="Car" vaporized=""/>
    <tripinfo id="17" depart="65.00" departLane="2to8_0" departPos="4.60" departSpeed="0.00" departDelay="48.00" arrival="158.00" arrivalLane="4to1_0" arrivalPos="100.40" arrivalSpeed="13.90" duration="93.00" routeLength="994.02" waitSteps="3" timeLoss="19.82" rerouteNo="1" devices="vehroute_17 tripinfo_17" vType="Car" vaporized=""/>
    <tripinfo id="18" depart="69.00" departLane="2to8_0" departPos="4.60" departSpeed="0.00" departDelay="51.00" arrival="159.00" arrivalLane="4to1_0" arrivalPos="100.40" arrivalSpeed="13.90" duration="90.00" routeLength="994.02" waitSteps="1" timeLoss="17.29" rerouteNo="0" devices="vehroute_18 tripinfo_18" vType="Car" vaporized=""/>
    <tripinfo id="19" depart="73.00" departLane="2to8_0" departPos="4.60" departSpeed="0.00" departDelay="54.00" arrival="160.00" arrivalLane="4to1_0" arrivalPos="100.40" arrivalSpeed="13.90" duration="87.00" routeLength="981.14" waitSteps="0" timeLoss="16.02" rerouteNo="1" devices="vehroute_19 tripinfo_19" vType="Car" vaporized=""/>
    <tripinfo id="25" depart="97.00" departLane="2to8_0" departPos="4.60" departSpeed="0.00" departDelay="72.00" arrival="162.00" arrivalLane="4to1_0" arrivalPos="100.40" arrivalSpeed="13.90" duration="65.00" routeLength="787.48" waitSteps="0" timeLoss="7.85" rerouteNo="0" devices="vehroute_25 tripinfo_25" vType="Car" vaporized=""/>
    <tripinfo id="20" depart="77.00" departLane="2to8_0" departPos="4.60" departSpeed="0.00" departDelay="57.00" arrival="170.00" arrivalLane="4to1_0" arrivalPos="100.40" arrivalSpeed="13.90" duration="93.00" routeLength="994.02" waitSteps="2" timeLoss="19.82" rerouteNo="0" devices="vehroute_20 tripinfo_20" vType="Car" vaporized=""/>
    <tripinfo id="21" depart="81.00" departLane="2to8_0" departPos="4.60" departSpeed="0.00" departDelay="60.00" arrival="171.00" arrivalLane="4to1_0" arrivalPos="100.40" arrivalSpeed="13.90" duration="90.00" routeLength="981.14" waitSteps="2" timeLoss="18.55" rerouteNo="0" devices="vehroute_21 tripinfo_21" vType="Car" vaporized=""/>
    <tripinfo id="23" depart="89.00" departLane="2to8_0" departPos="4.60" departSpeed="0.00" departDelay="66.00" arrival="173.00" arrivalLane="4to1_0" arrivalPos="100.40" arrivalSpeed="13.90" duration="84.00" routeLength="981.14" waitSteps="0" timeLoss="12.08" rerouteNo="1" devices="vehroute_23 tripinfo_23" vType="Car" vaporized=""/>
    <tripinfo id="24" depart="93.00" departLane="2to8_0" departPos="4.60" departSpeed="0.00" departDelay="69.00" arrival="177.00" arrivalLane="4to1_0" arrivalPos="100.40" arrivalSpeed="13.90" duration="84.00" routeLength="994.02" waitSteps="0" timeLoss="11.59" rerouteNo="0" devices="vehroute_24 tripinfo_24" vType="Car" vaporized=""/>
    <tripinfo id="26" depart="101.00" departLane="2to8_0" departPos="4.60" departSpeed="0.00" departDelay="75.00" arrival="182.00" arrivalLane="4to1_0" arrivalPos="100.40" arrivalSpeed="13.90" duration="81.00" routeLength="981.14" waitSteps="0" timeLoss="10.00" rerouteNo="1" devices="vehroute_26 tripinfo_26" vType="Car" vaporized=""/>
    <tripinfo id="28" depart="109.00" departLane="2to8_0" departPos="4.60" departSpeed="0.00" departDelay="81.00" arrival="193.00" arrivalLane="4to1_0" arrivalPos="100.40" arrivalSpeed="13.90" duration="84.00" routeLength="994.02" waitSteps="0" timeLoss="11.59" rerouteNo="0" devices="vehroute_28 tripinfo_28" vType="Car" vaporized=""/>
    <tripinfo id="29" depart="113.00" departLane="2to8_0" departPos="4.60" departSpeed="0.00" departDelay="84.00" arrival="195.00" arrivalLane="4to1_0" arrivalPos="100.40" arrivalSpeed="13.90" duration="82.00" routeLength="981.14" waitSteps="0" timeLoss="10.32" rerouteNo="0" devices="vehroute_29 tripinfo_29" vType="Car" vaporized=""/>
    <tripinfo id="34" depart="133.00" departLane="2to8_0" departPos="4.60" departSpeed="0.00" departDelay="99.00" arrival="198.00" arrivalLane="4to1_0" arrivalPos="100.40" arrivalSpeed="13.90" duration="65.00" routeLength="787.48" waitSteps="0" timeLoss="7.46" rerouteNo="0" devices="vehroute_34 tripinfo_34" vType="Car" vaporized=""/>
    <tripinfo id="30" depart="117.00" departLane="2to8_0" departPos="4.60" departSpeed="0.00" departDelay="87.00" arrival="201.00" arrivalLane="4to1_0" arrivalPos="100.40" arrivalSpeed="13.90" duration="84.00" routeLength="994.02" waitSteps="0" timeLoss="11.59" rerouteNo="0" devices="vehroute_30 tripinfo_30" vType="Car" vaporized=""/>
    <tripinfo id="31" depart="121.00" departLane="2to8_0" departPos="4.60" departSpeed="0.00" departDelay="90.00" arrival="203.00" arrivalLane="4to1_0" arrivalPos="100.40" arrivalSpeed="13.90" duration="82.00" routeLength="981.14" waitSteps="0" timeLoss="10.32" rerouteNo="0" devices="vehroute_31 tripinfo_31" vType="Car" vaporized=""/>
    <tripinfo id="32" depart="125.00" departLane="2to8_0" departPos="4.60" departSpeed="0.00" departDelay="93.00" arrival="209.00" arrivalLane="4to1_0" arrivalPos="100.40" arrivalSpeed="13.90" duration="84.00" routeLength="994.02" waitSteps="0" timeLoss="11.59" rerouteNo="1" devices="vehroute_32 tripinfo_32" vType="Car" vaporized=""/>
    <tripinfo id="33" depart="129.00" departLane="2to8_0" departPos="4.60" departSpeed="0.00" departDelay="96.00" arrival="213.00" arrivalLane="4to1_0" arrivalPos="100.40" arrivalSpeed="13.90" duration="84.00" routeLength="994.02" waitSteps="0" timeLoss="11.59" rerouteNo="0" devices="vehroute_33 tripinfo_33" vType="Car" vaporized=""/>
    <tripinfo id="35" depart="137.00" departLane="2to8_0" departPos="4.60" departSpeed="0.00" departDelay="102.00" arrival="221.00" arrivalLane="4to1_0" arrivalPos="100.40" arrivalSpeed="13.90" duration="84.00" routeLength="994.02" waitSteps="0" timeLoss="11.59" rerouteNo="1" devices="vehroute_35 tripinfo_35" vType="Car" vaporized=""/>
    <tripinfo id="36" depart="141.00" departLane="2to8_0" departPos="4.60" departSpeed="0.00" departDelay="105.00" arrival="225.00" arrivalLane="4to1_0" arrivalPos="100.40" arrivalSpeed="13.90" duration="84.00" routeLength="994.02" waitSteps="0" timeLoss="11.59" rerouteNo="0" devices="vehroute_36 tripinfo_36" vType="Car" vaporized=""/>
    <tripinfo id="37" depart="145.00" departLane="2to8_0" departPos="4.60" departSpeed="0.00" departDelay="108.00" arrival="227.00" arrivalLane="4to1_0" arrivalPos="100.40" arrivalSpeed="13.90" duration="82.00" routeLength="981.14" waitSteps="0" timeLoss="10.32" rerouteNo="0" devices="vehroute_37 tripinfo_37" vType="Car" vaporized=""/>
    <tripinfo id="42" depart="165.00" departLane="2to8_0" departPos="4.60" departSpeed="0.00" departDelay="123.00" arrival="230.00" arrivalLane="4to1_0" arrivalPos="100.40" arrivalSpeed="13.90" duration="65.00" routeLength="787.48" waitSteps="0" timeLoss="7.46" rerouteNo="0" devices="vehroute_42 tripinfo_42" vType="Car" vaporized=""/>
    <tripinfo id="43" depart="169.00" departLane="2to8_0" departPos="4.60" departSpeed="0.00" departDelay="126.00" arrival="234.00" arrivalLane="4to1_0" arrivalPos="100.40" arrivalSpeed="13.90" duration="65.00" routeLength="787.48" waitSteps="0" timeLoss="7.46" rerouteNo="0" devices="vehroute_43 tripinfo_43" vType="Car" vaporized=""/>
    <tripinfo id="38" depart="149.00" departLane="2to8_0" departPos="4.60" departSpeed="0.00" departDelay="111.00" arrival="242.00" arrivalLane="4to1_0" arrivalPos="100.40" arrivalSpeed="13.90" duration="93.00" routeLength="994.02" waitSteps="3" timeLoss="19.82" rerouteNo="0" devices="vehroute_38 tripinfo_38" vType="Car" vaporized=""/>
    <tripinfo id="45" depart="177.00" departLane="2to8_0" departPos="4.60" departSpeed="0.00" departDelay="132.00" arrival="243.00" arrivalLane="4to1_0" arrivalPos="100.40" arrivalSpeed="13.90" duration="66.00" routeLength="787.48" waitSteps="0" timeLoss="8.84" rerouteNo="0" devices="vehroute_45 tripinfo_45" vType="Car" vaporized=""/>
    <tripinfo id="39" depart="153.00" departLane="2to8_0" departPos="4.60" departSpeed="0.00" departDelay="114.00" arrival="250.00" arrivalLane="4to1_0" arrivalPos="100.40" arrivalSpeed="13.90" duration="97.00" routeLength="994.02" waitSteps="4" timeLoss="23.82" rerouteNo="1" devices="vehroute_39 tripinfo_39" vType="Car" vaporized=""/>
    <tripinfo id="47" depart="185.00" departLane="2to8_0" departPos="4.60" departSpeed="0.00" departDelay="138.00" arrival="251.00" arrivalLane="4to1_0" arrivalPos="100.40" arrivalSpeed="13.90" duration="66.00" routeLength="787.48" waitSteps="0" timeLoss="8.84" rerouteNo="0" devices="vehroute_47 tripinfo_47" vType="Car" vaporized=""/>
    <tripinfo id="40" depart="157.00" departLane="2to8_0" departPos="4.60" departSpeed="0.00" departDelay="117.00" arrival="258.00" arrivalLane="4to1_0" arrivalPos="100.40" arrivalSpeed="13.90" duration="101.00" routeLength="981.14" waitSteps="6" timeLoss="29.08" rerouteNo="0" devices="vehroute_40 tripinfo_40" vType="Car" vaporized=""/>
    <tripinfo id="49" depart="193.00" departLane="2to8_0" departPos="4.60" departSpeed="0.00" departDelay="144.00" arrival="259.00" arrivalLane="4to1_0" arrivalPos="100.40" arrivalSpeed="13.90" duration="66.00" routeLength="787.48" waitSteps="0" timeLoss="8.84" rerouteNo="0" devices="vehroute_49 tripinfo_49" vType="Car" vaporized=""/>
    <tripinfo id="50" depart="197.00" departLane="2to8_0" departPos="4.60" departSpeed="0.00" departDelay="147.00" arrival="262.00" arrivalLane="4to1_0" arrivalPos="100.40" arrivalSpeed="13.90" duration="65.00" routeLength="787.48" waitSteps="0" timeLoss="7.46" rerouteNo="0" devices="vehroute_50 tripinfo_50" vType="Car" vaporized=""/>
    <tripinfo id="51" depart="201.00" departLane="2to8_0" departPos="4.60" departSpeed="0.00" departDelay="150.00" arrival="266.00" arrivalLane="4to1_0" arrivalPos="100.40" arrivalSpeed="13.90" duration="65.00" routeLength="787.48" waitSteps="0" timeLoss="7.46" rerouteNo="0" devices="vehroute_51 tripinfo_51" vType="Car" vaporized=""/>
    <tripinfo id="52" depart="205.00" departLane="2to8_0" departPos="4.60" departSpeed="0.00" departDelay="153.00" arrival="270.00" arrivalLane="4to1_0" arrivalPos="100.40" arrivalSpeed="13.90" duration="65.00" routeLength="787.48" waitSteps="0" timeLoss="7.46" rerouteNo="0" devices="vehroute_52 tripinfo_52" vType="Car" vaporized=""/>
    <tripinfo id="41" depart="161.00" departLane="2to8_0" departPos="4.60" departSpeed="0.00" departDelay="120.00" arrival="278.00" arrivalLane="4to1_0" arrivalPos="100.40" arrivalSpeed="13.90" duration="117.00" routeLength="981.14" waitSteps="21" timeLoss="45.08" rerouteNo="1" devices="vehroute_41 tripinfo_41" vType="Car" vaporized=""/>
    <tripinfo id="44" depart="173.00" departLane="2to8_0" departPos="4.60" departSpeed="0.00" departDelay="129.00" arrival="279.00" arrivalLane="4to1_0" arrivalPos="100.40" arrivalSpeed="13.90" duration="106.00" routeLength="981.14" waitSteps="15" timeLoss="34.55" rerouteNo="1" devices="vehroute_44 tripinfo_44" vType="Car" vaporized=""/>
    <tripinfo id="46" depart="181.00" departLane="2to8_0" departPos="4.60" departSpeed="0.00" departDelay="135.00" arrival="280.00" arrivalLane="4to1_0" arrivalPos="100.40" arrivalSpeed="13.90" duration="99.00" routeLength="981.14" waitSteps="12" timeLoss="28.02" rerouteNo="1" devices="vehroute_46 tripinfo_46" vType="Car" vaporized=""/>
    <tripinfo id="48" depart="189.00" departLane="2to8_0" departPos="4.60" departSpeed="0.00" departDelay="141.00" arrival="282.00" arrivalLane="4to1_0" arrivalPos="100.40" arrivalSpeed="13.90" duration="93.00" routeLength="981.14" waitSteps="5" timeLoss="21.48" rerouteNo="0" devices="vehroute_48 tripinfo_48" vType="Car" vaporized=""/>
    <tripinfo id="53" depart="209.00" departLane="2to8_0" departPos="4.60" departSpeed="0.00" departDelay="156.00" arrival="293.00" arrivalLane="4to1_0" arrivalPos="100.40" arrivalSpeed="13.90" duration="84.00" routeLength="994.02" waitSteps="0" timeLoss="11.59" rerouteNo="0" devices="vehroute_53 tripinfo_53" vType="Car" vaporized=""/>
    <tripinfo id="59" depart="233.00" departLane="2to8_0" departPos="4.60" departSpeed="0.00" departDelay="174.00" arrival="298.00" arrivalLane="4to1_0" arrivalPos="100.40" arrivalSpeed="13.90" duration="65.00" routeLength="787.48" waitSteps="0" timeLoss="7.46" rerouteNo="0" devices="vehroute_59 tripinfo_59" vType="Car" vaporized=""/>
    <tripinfo id="54" depart="213.00" departLane="2to8_0" departPos="4.60" departSpeed="0.00" departDelay="159.00" arrival="306.00" arrivalLane="4to1_0" arrivalPos="100.40" arrivalSpeed="13.90" duration="93.00" routeLength="981.14" waitSteps="1" timeLoss="21.08" rerouteNo="0" devices="vehroute_54 tripinfo_54" vType="Car" vaporized=""/>
    <tripinfo id="55" depart="217.00" departLane="2to8_0" departPos="4.60" departSpeed="0.00" departDelay="162.00" arrival="307.00" arrivalLane="4to1_0" arrivalPos="100.40" arrivalSpeed="13.90" duration="90.00" routeLength="981.14" waitSteps="1" timeLoss="18.55" rerouteNo="0" devices="vehroute_55 tripinfo_55" vType="Car" vaporized=""/>
    <tripinfo id="56" depart="221.00" departLane="2to8_0" departPos="4.60" departSpeed="0.00" departDelay="165.00" arrival="308.00" arrivalLane="4to1_0" arrivalPos="100.40" arrivalSpeed="13.90" duration="87.00" routeLength="981.14" waitSteps="0" timeLoss="16.02" rerouteNo="1" devices="vehroute_56 tripinfo_56" vType="Car" vaporized=""/>
    <tripinfo id="57" depart="225.00" departLane="2to8_0" departPos="4.60" departSpeed="0.00" departDelay="168.00" arrival="310.00" arrivalLane="4to1_0" arrivalPos="100.40" arrivalSpeed="13.90" duration="85.00" routeLength="981.14" waitSteps="0" timeLoss="13.49" rerouteNo="0" devices="vehroute_57 tripinfo_57" vType="Car" vaporized=""/>
    <tripinfo id="58" depart="229.00" departLane="2to8_0" departPos="4.60" departSpeed="0.00" departDelay="171.00" arrival="312.00" arrivalLane="4to1_0" arrivalPos="100.40" arrivalSpeed="13.90" duration="83.00" routeLength="981.14" waitSteps="0" timeLoss="11.61" rerouteNo="1" devices="vehroute_58 tripinfo_58" vType="Car" vaporized=""/>
    <tripinfo id="60" depart="237.00" departLane="2to8_0" departPos="4.60" departSpeed="0.00" departDelay="177.00" arrival="321.00" arrivalLane="4to1_0" arrivalPos="100.40" arrivalSpeed="13.90" duration="84.00" routeLength="994.02" waitSteps="0" timeLoss="11.59" rerouteNo="0" devices="vehroute_60 tripinfo_60" vType="Car" vaporized=""/>
    <tripinfo id="66" depart="261.00" departLane="2to8_0" departPos="4.60" departSpeed="0.00" departDelay="195.00" arrival="326.00" arrivalLane="4to1_0" arrivalPos="100.40" arrivalSpeed="13.90" duration="65.00" routeLength="787.48" waitSteps="0" timeLoss="7.46" rerouteNo="0" devices="vehroute_66 tripinfo_66" vType="Car" vaporized=""/>
    <tripinfo id="61" depart="241.00" departLane="2to8_0" departPos="4.60" departSpeed="0.00" departDelay="180.00" arrival="334.00" arrivalLane="4to1_0" arrivalPos="100.40" arrivalSpeed="13.90" duration="93.00" routeLength="981.14" waitSteps="1" timeLoss="21.08" rerouteNo="0" devices="vehroute_61 tripinfo_61" vType="Car" vaporized=""/>
    <tripinfo id="68" depart="269.00" departLane="2to8_0" departPos="4.60" departSpeed="0.00" departDelay="201.00" arrival="335.00" arrivalLane="4to1_0" arrivalPos="100.40" arrivalSpeed="13.90" duration="66.00" routeLength="787.48" waitSteps="0" timeLoss="8.84" rerouteNo="0" devices="vehroute_68 tripinfo_68" vType="Car" vaporized=""/>
    <tripinfo id="69" depart="273.00" departLane="2to8_0" departPos="4.60" departSpeed="0.00" departDelay="204.00" arrival="338.00" arrivalLane="4to1_0" arrivalPos="100.40" arrivalSpeed="13.90" duration="65.00" routeLength="787.48" waitSteps="0" timeLoss="7.46" rerouteNo="0" devices="vehroute_69 tripinfo_69" vType="Car" vaporized=""/>
    <tripinfo id="70" depart="277.00" departLane="2to8_0" departPos="4.60" departSpeed="0.00" departDelay="207.00" arrival="342.00" arrivalLane="4to1_0" arrivalPos="100.40" arrivalSpeed="13.90" duration="65.00" routeLength="787.48" waitSteps="0" timeLoss="7.46" rerouteNo="0" devices="vehroute_70 tripinfo_70" vType="Car" vaporized=""/>
    <tripinfo id="62" depart="245.00" departLane="2to8_0" departPos="4.60" departSpeed="0.00" departDelay="183.00" arrival="350.00" arrivalLane="4to1_0" arrivalPos="100.40" arrivalSpeed="13.90" duration="105.00" routeLength="994.02" waitSteps="12" timeLoss="31.82" rerouteNo="1" devices="vehroute_62 tripinfo_62" vType="Car" vaporized=""/>
    <tripinfo id="63" depart="249.00" departLane="2to8_0" departPos="4.60" departSpeed="0.00" departDelay="186.00" arrival="351.00" arrivalLane="4to1_0" arrivalPos="100.40" arrivalSpeed="13.90" duration="102.00" routeLength="981.14" waitSteps="10" timeLoss="30.55" rerouteNo="0" devices="vehroute_63 tripinfo_63" vType="Car" vaporized=""/>
    <tripinfo id="64" depart="253.00" departLane="2to8_0" departPos="4.60" departSpeed="0.00" departDelay="189.00" arrival="352.00" arrivalLane="4to1_0" arrivalPos="100.40" arrivalSpeed="13.90" duration="99.00" routeLength="994.02" waitSteps="10" timeLoss="26.76" rerouteNo="0" devices="vehroute_64 tripinfo_64" vType="Car" vaporized=""/>
    <tripinfo id="73" depart="289.00" departLane="2to8_0" departPos="4.60" departSpeed="0.00" departDelay="216.00" arrival="354.00" arrivalLane="4to1_0" arrivalPos="100.40" arrivalSpeed="13.90" duration="65.00" routeLength="787.48" waitSteps="0" timeLoss="7.85" rerouteNo="0" devices="vehroute_73 tripinfo_73" vType="Car" vaporized=""/>
    <tripinfo id="65" depart="257.00" departLane="2to8_0" departPos="4.60" departSpeed="0.00" departDelay="192.00" arrival="362.00" arrivalLane="4to1_0" arrivalPos="100.40" arrivalSpeed="13.90" duration="105.00" routeLength="981.14" waitSteps="8" timeLoss="33.07" rerouteNo="0" devices="vehroute_65 tripinfo_65" vType="Car" vaporized=""/>
    <tripinfo id="75" depart="297.00" departLane="2to8_0" departPos="4.60" departSpeed="0.00" departDelay="222.00" arrival="363.00" arrivalLane="4to1_0" arrivalPos="100.40" arrivalSpeed="13.90" duration="66.00" routeLength="787.48" waitSteps="0" timeLoss="8.84" rerouteNo="0" devices="vehroute_75 tripinfo_75" vType="Car" vaporized=""/>
    <tripinfo id="67" depart="265.00" departLane="2to8_0" departPos="4.60" departSpeed="0.00" departDelay="198.00" arrival="370.00" arrivalLane="4to1_0" arrivalPos="100.40" arrivalSpeed="13.90" duration="105.00" routeLength="981.14" waitSteps="9" timeLoss="33.08" rerouteNo="1" devices="vehroute_67 tripinfo_67" vType="Car" vaporized=""/>
    <tripinfo id="71" depart="281.00" departLane="2to8_0" departPos="4.60" departSpeed="0.00" departDelay="210.00" arrival="371.00" arrivalLane="4to1_0" arrivalPos="100.40" arrivalSpeed="13.90" duration="90.00" routeLength="994.02" waitSteps="1" timeLoss="17.29" rerouteNo="0" devices="vehroute_71 tripinfo_71" vType="Car" vaporized=""/>
    <tripinfo id="72" depart="285.00" departLane="2to8_0" departPos="4.60" departSpeed="0.00" departDelay="213.00" arrival="372.00" arrivalLane="4to1_0" arrivalPos="100.40" arrivalSpeed="13.90" duration="87.00" routeLength="994.02" waitSteps="0" timeLoss="14.76" rerouteNo="0" devices="vehroute_72 tripinfo_72" vType="Car" vaporized=""/>
    <tripinfo id="78" depart="309.00" departLane="2to8_0" departPos="4.60" departSpeed="0.00" departDelay="231.00" arrival="374.00" arrivalLane="4to1_0" arrivalPos="100.40" arrivalSpeed="13.90" duration="65.00" routeLength="787.48" waitSteps="0" timeLoss="7.85" rerouteNo="0" devices="vehroute_78 tripinfo_78" vType="Car" vaporized=""/>
    <tripinfo id="79" depart="313.00" departLane="2to8_0" departPos="4.60" departSpeed="0.00" departDelay="234.00" arrival="378.00" arrivalLane="4to1_0" arrivalPos="100.40" arrivalSpeed="13.90" duration="65.00" routeLength="787.48" waitSteps="0" timeLoss="7.46" rerouteNo="0" devices="vehroute_79 tripinfo_79" vType="Car" vaporized=""/>
    <tripinfo id="0" depart="0.00" departLane="2to8_0" departPos="0.00" departSpeed="12.39" departDelay="0.00" arrival="381.00" arrivalLane="9to1_0" arrivalPos="233.16" arrivalSpeed="13.90" duration="381.00" routeLength="969.73" waitSteps="0" timeLoss="9.85" rerouteNo="0" devices="vehroute_0 tripinfo_0" vType="Car" vaporized=""/>
    <tripinfo id="1" depart="1.00" departLane="2to8_0" departPos="4.60" departSpeed="0.00" departDelay="0.00" arrival="383.00" arrivalLane="9to1_0" arrivalPos="233.16" arrivalSpeed="13.90" duration="382.00" routeLength="965.13" waitSteps="296" timeLoss="311.65" rerouteNo="0" devices="vehroute_1 tripinfo_1" vType="Car" vaporized=""/>
    <tripinfo id="11" depart="41.00" departLane="2to8_0" departPos="4.60" departSpeed="0.00" departDelay="30.00" arrival="384.00" arrivalLane="9to1_0" arrivalPos="233.16" arrivalSpeed="13.90" duration="343.00" routeLength="978.01" waitSteps="255" timeLoss="271.86" rerouteNo="0" devices="vehroute_11 tripinfo_11" vType="Car" vaporized=""/>
    <tripinfo id="27" depart="105.00" departLane="2to8_0" departPos="4.60" departSpeed="0.00" departDelay="78.00" arrival="386.00" arrivalLane="9to1_0" arrivalPos="233.16" arrivalSpeed="13.90" duration="281.00" routeLength="965.13" waitSteps="194" timeLoss="210.59" rerouteNo="0" devices="vehroute_27 tripinfo_27" vType="Car" vaporized=""/>
    <tripinfo id="74" depart="293.00" departLane="2to8_0" departPos="4.60" departSpeed="0.00" departDelay="219.00" arrival="386.00" arrivalLane="4to1_0" arrivalPos="100.40" arrivalSpeed="13.90" duration="93.00" routeLength="981.14" waitSteps="5" timeLoss="21.08" rerouteNo="0" devices="vehroute_74 tripinfo_74" vType="Car" vaporized=""/>
    <tripinfo id="81" depart="321.00" departLane="2to8_0" departPos="4.60" departSpeed="0.00" departDelay="240.00" arrival="387.00" arrivalLane="4to1_0" arrivalPos="100.40" arrivalSpeed="13.90" duration="66.00" routeLength="787.48" waitSteps="0" timeLoss="8.84" rerouteNo="0" devices="vehroute_81 tripinfo_81" vType="Car" vaporized=""/>
    <tripinfo id="76" depart="301.00" departLane="2to8_0" departPos="4.60" departSpeed="0.00" departDelay="225.00" arrival="394.00" arrivalLane="4to1_0" arrivalPos="100.40" arrivalSpeed="13.90" duration="93.00" routeLength="994.02" waitSteps="3" timeLoss="19.82" rerouteNo="0" devices="vehroute_76 tripinfo_76" vType="Car" vaporized=""/>
    <tripinfo id="77" depart="305.00" departLane="2to8_0" departPos="4.60" departSpeed="0.00" departDelay="228.00" arrival="395.00" arrivalLane="4to1_0" arrivalPos="100.40" arrivalSpeed="13.90" duration="90.00" routeLength="994.02" waitSteps="1" timeLoss="17.29" rerouteNo="1" devices="vehroute_77 tripinfo_77" vType="Car" vaporized=""/>
    <tripinfo id="84" depart="333.00" departLane="2to8_0" departPos="4.60" departSpeed="0.00" departDelay="249.00" arrival="398.00" arrivalLane="4to1_0" arrivalPos="100.40" arrivalSpeed="13.90" duration="65.00" routeLength="787.48" waitSteps="0" timeLoss="7.46" rerouteNo="0" devices="vehroute_84 tripinfo_84" vType="Car" vaporized=""/>
    <tripinfo id="85" depart="337.00" departLane="2to8_0" departPos="4.60" departSpeed="0.00" departDelay="252.00" arrival="402.00" arrivalLane="4to1_0" arrivalPos="100.40" arrivalSpeed="13.90" duration="65.00" routeLength="787.48" waitSteps="0" timeLoss="7.46" rerouteNo="0" devices="vehroute_85 tripinfo_85" vType="Car" vaporized=""/>
    <tripinfo id="80" depart="317.00" departLane="2to8_0" departPos="4.60" departSpeed="0.00" departDelay="237.00" arrival="410.00" arrivalLane="4to1_0" arrivalPos="100.40" arrivalSpeed="13.90" duration="93.00" routeLength="994.02" waitSteps="3" timeLoss="19.82" rerouteNo="1" devices="vehroute_80 tripinfo_80" vType="Car" vaporized=""/>
    <tripinfo id="82" depart="325.00" departLane="2to8_0" departPos="4.60" departSpeed="0.00" departDelay="243.00" arrival="411.00" arrivalLane="4to1_0" arrivalPos="100.40" arrivalSpeed="13.90" duration="86.00" routeLength="994.02" waitSteps="0" timeLoss="13.29" rerouteNo="1" devices="vehroute_82 tripinfo_82" vType="Car" vaporized=""/>
    <tripinfo id="83" depart="329.00" departLane="2to8_0" departPos="4.60" departSpeed="0.00" departDelay="246.00" arrival="413.00" arrivalLane="4to1_0" arrivalPos="100.40" arrivalSpeed="13.90" duration="84.00" routeLength="994.02" waitSteps="0" timeLoss="11.59" rerouteNo="0" devices="vehroute_83 tripinfo_83" vType="Car" vaporized=""/>
    <tripinfo id="86" depart="341.00" departLane="2to8_0" departPos="4.60" departSpeed="0.00" departDelay="255.00" arrival="425.00" arrivalLane="4to1_0" arrivalPos="100.40" arrivalSpeed="13.90" duration="84.00" routeLength="994.02" waitSteps="0" timeLoss="11.59" rerouteNo="0" devices="vehroute_86 tripinfo_86" vType="Car" vaporized=""/>
    <tripinfo id="87" depart="345.00" departLane="2to8_0" departPos="4.60" departSpeed="0.00" departDelay="258.00" arrival="429.00" arrivalLane="4to1_0" arrivalPos="100.40" arrivalSpeed="13.90" duration="84.00" routeLength="994.02" waitSteps="0" timeLoss="11.59" rerouteNo="1" devices="vehroute_87 tripinfo_87" vType="Car" vaporized=""/>
    <tripinfo id="89" depart="353.00" departLane="2to8_0" departPos="4.60" departSpeed="0.00" departDelay="264.00" arrival="431.00" arrivalLane="9to1_0" arrivalPos="233.16" arrivalSpeed="13.90" duration="78.00" routeLength="965.13" waitSteps="0" timeLoss="8.30" rerouteNo="0" devices="vehroute_89 tripinfo_89" vType="Car" vaporized=""/>
    <tripinfo id="88" depart="349.00" departLane="2to8_0" departPos="4.60" departSpeed="0.00" departDelay="261.00" arrival="431.00" arrivalLane="4to1_0" arrivalPos="100.40" arrivalSpeed="13.90" duration="82.00" routeLength="981.14" waitSteps="0" timeLoss="10.32" rerouteNo="1" devices="vehroute_88 tripinfo_88" vType="Car" vaporized=""/>
    <tripinfo id="90" depart="357.00" departLane="2to8_0" departPos="4.60" departSpeed="0.00" departDelay="267.00" arrival="435.00" arrivalLane="9to1_0" arrivalPos="233.16" arrivalSpeed="13.90" duration="78.00" routeLength="965.13" waitSteps="0" timeLoss="8.30" rerouteNo="0" devices="vehroute_90 tripinfo_90" vType="Car" vaporized=""/>
    <tripinfo id="95" depart="377.00" departLane="2to8_0" departPos="4.60" departSpeed="0.00" departDelay="282.00" arrival="442.00" arrivalLane="4to1_0" arrivalPos="100.40" arrivalSpeed="13.90" duration="65.00" routeLength="787.48" waitSteps="0" timeLoss="7.46" rerouteNo="0" devices="vehroute_95 tripinfo_95" vType="Car" vaporized=""/>
    <tripinfo id="93" depart="369.00" departLane="2to8_0" departPos="4.60" departSpeed="0.00" departDelay="276.00" arrival="449.00" arrivalLane="9to1_0" arrivalPos="233.16" arrivalSpeed="13.90" duration="80.00" routeLength="978.01" waitSteps="0" timeLoss="8.59" rerouteNo="0" devices="vehroute_93 tripinfo_93" vType="Car" vaporized=""/>
    <tripinfo id="91" depart="361.00" departLane="2to8_0" departPos="4.60" departSpeed="0.00" departDelay="270.00" arrival="450.00" arrivalLane="4to1_0" arrivalPos="100.40" arrivalSpeed="13.90" duration="89.00" routeLength="981.14" waitSteps="1" timeLoss="17.08" rerouteNo="0" devices="vehroute_91 tripinfo_91" vType="Car" vaporized=""/>
    <tripinfo id="94" depart="373.00" departLane="2to8_0" departPos="4.60" departSpeed="0.00" departDelay="279.00" arrival="451.00" arrivalLane="9to1_0" arrivalPos="233.16" arrivalSpeed="13.90" duration="78.00" routeLength="965.13" waitSteps="0" timeLoss="8.30" rerouteNo="0" devices="vehroute_94 tripinfo_94" vType="Car" vaporized=""/>
    <tripinfo id="92" depart="365.00" departLane="2to8_0" departPos="4.60" departSpeed="0.00" departDelay="273.00" arrival="451.00" arrivalLane="4to1_0" arrivalPos="100.40" arrivalSpeed="13.90" duration="86.00" routeLength="981.14" waitSteps="0" timeLoss="14.55" rerouteNo="0" devices="vehroute_92 tripinfo_92" vType="Car" vaporized=""/>
    <tripinfo id="97" depart="385.00" departLane="2to8_0" departPos="4.60" departSpeed="0.00" departDelay="288.00" arrival="465.00" arrivalLane="9to1_0" arrivalPos="233.16" arrivalSpeed="13.90" duration="80.00" routeLength="978.01" waitSteps="0" timeLoss="8.59" rerouteNo="0" devices="vehroute_97 tripinfo_97" vType="Car" vaporized=""/>
    <tripinfo id="96" depart="381.00" departLane="2to8_0" departPos="4.60" departSpeed="0.00" departDelay="285.00" arrival="465.00" arrivalLane="4to1_0" arrivalPos="100.40" arrivalSpeed="13.90" duration="84.00" routeLength="994.02" waitSteps="0" timeLoss="11.59" rerouteNo="0" devices="vehroute_96 tripinfo_96" vType="Car" vaporized=""/>
    <tripinfo id="98" depart="389.00" departLane="2to8_0" departPos="4.60" departSpeed="0.00" departDelay="291.00" arrival="473.00" arrivalLane="4to1_0" arrivalPos="100.40" arrivalSpeed="13.90" duration="84.00" routeLength="994.02" waitSteps="0" timeLoss="11.59" rerouteNo="0" devices="vehroute_98 tripinfo_98" vType="Car" vaporized=""/>
    <tripinfo id="99" depart="393.00" departLane="2to8_0" departPos="4.60" departSpeed="0.00" departDelay="294.00" arrival="477.00" arrivalLane="4to1_0" arrivalPos="100.40" arrivalSpeed="13.90" duration="84.00" routeLength="994.02" waitSteps="0" timeLoss="11.59" rerouteNo="0" devices="vehroute_99 tripinfo_99" vType="Car" vaporized=""/>
    <tripinfo id="100" depart="397.00" departLane="2to8_0" departPos="4.60" departSpeed="0.00" departDelay="297.00" arrival="481.00" arrivalLane="4to1_0" arrivalPos="100.40" arrivalSpeed="13.90" duration="84.00" routeLength="994.02" waitSteps="0" timeLoss="11.59" rerouteNo="0" devices="vehroute_100 tripinfo_100" vType="Car" vaporized=""/>
</tripinfos>
