<?xml version="1.0" encoding="UTF-8"?>

<!-- generated on 10/28/2016 6:29:52 PM by SUMO gui Version 0.27.0
<?xml version="1.0" encoding="UTF-8"?>

<configuration xmlns:xsi="http://www.w3.org/2001/XMLSchema-instance" xsi:noNamespaceSchemaLocation="http://sumo.dlr.de/xsd/sumo-gui.exeConfiguration.xsd">

    <input>
        <net-file value="complex.net.xml"/>
        <route-files value="complex.rou.xml"/>
    </input>

    <output>
        <tripinfo-output value="tripinfo.xml"/>
        <vehroute-output value="vehroutes.xml"/>
    </output>

    <report>
        <xml-validation value="never"/>
        <duration-log.disable value="true"/>
        <no-step-log value="true"/>
    </report>

    <traci_server>
        <remote-port value="8813"/>
    </traci_server>

</configuration>
-->

<routes xmlns:xsi="http://www.w3.org/2001/XMLSchema-instance" xsi:noNamespaceSchemaLocation="http://sumo.dlr.de/xsd/routes_file.xsd">
    <vehicle id="2" type="Car" depart="5.00" arrival="70.00">
        <route edges="2to8 8to6 6to4 4to1"/>
    </vehicle>

    <vehicle id="3" type="Car" depart="9.00" arrival="74.00">
        <route edges="2to8 8to6 6to4 4to1"/>
    </vehicle>

    <vehicle id="4" type="Car" depart="13.00" arrival="94.00">
        <route edges="2to8 8to3 3to9 9to4 4to1"/>
    </vehicle>

    <vehicle id="5" type="Car" depart="17.00" arrival="98.00">
        <route edges="2to8 8to3 3to9 9to4 4to1"/>
    </vehicle>

    <vehicle id="10" type="Car" depart="37.00" arrival="102.00">
        <route edges="2to8 8to6 6to4 4to1"/>
    </vehicle>

    <vehicle id="6" type="Car" depart="21.00" arrival="105.00">
        <route edges="2to8 8to6 6to3 3to9 9to4 4to1"/>
    </vehicle>

    <vehicle id="7" type="Car" depart="25.00" arrival="111.00">
        <routeDistribution>
            <route replacedOnEdge="3to9" replacedAtTime="71.00" probability="0" edges="2to8 8to3 3to9 9to1"/>
            <route edges="2to8 8to3 3to9 9to4 4to1"/>
        </routeDistribution>
    </vehicle>

    <vehicle id="8" type="Car" depart="29.00" arrival="113.00">
        <routeDistribution>
            <route replacedOnEdge="6to3" replacedAtTime="69.00" probability="0" edges="2to8 8to6 6to3 3to9 9to1"/>
            <route edges="2to8 8to6 6to3 3to9 9to4 4to1"/>
        </routeDistribution>
    </vehicle>

    <vehicle id="9" type="Car" depart="33.00" arrival="119.00">
        <routeDistribution>
            <route replacedOnEdge="3to9" replacedAtTime="79.00" probability="0" edges="2to8 8to3 3to9 9to1"/>
            <route edges="2to8 8to3 3to9 9to4 4to1"/>
        </routeDistribution>
    </vehicle>

    <vehicle id="16" type="Car" depart="61.00" arrival="126.00">
        <route edges="2to8 8to6 6to4 4to1"/>
    </vehicle>

    <vehicle id="12" type="Car" depart="45.00" arrival="131.00">
        <routeDistribution>
            <route replacedOnEdge="3to9" replacedAtTime="91.00" probability="0" edges="2to8 8to3 3to9 9to1"/>
            <route edges="2to8 8to3 3to9 9to4 4to1"/>
        </routeDistribution>
    </vehicle>

    <vehicle id="13" type="Car" depart="49.00" arrival="133.00">
        <routeDistribution>
            <route replacedOnEdge="3to9" replacedAtTime="93.00" probability="0" edges="2to8 8to3 3to9 9to1"/>
            <route edges="2to8 8to3 3to9 9to4 4to1"/>
        </routeDistribution>
    </vehicle>

    <vehicle id="14" type="Car" depart="53.00" arrival="134.00">
        <route edges="2to8 8to3 3to9 9to4 4to1"/>
    </vehicle>

    <vehicle id="15" type="Car" depart="57.00" arrival="141.00">
        <routeDistribution>
            <route replacedOnEdge="6to3" replacedAtTime="94.00" probability="0" edges="2to8 8to6 6to3 3to9 9to1"/>
            <route edges="2to8 8to6 6to3 3to9 9to4 4to1"/>
        </routeDistribution>
    </vehicle>

    <vehicle id="22" type="Car" depart="85.00" arrival="150.00">
        <route edges="2to8 8to6 6to4 4to1"/>
    </vehicle>

    <vehicle id="17" type="Car" depart="65.00" arrival="158.00">
        <routeDistribution>
            <route replacedOnEdge="6to3" replacedAtTime="102.00" probability="0" edges="2to8 8to6 6to3 3to9 9to1"/>
            <route edges="2to8 8to6 6to3 3to9 9to4 4to1"/>
        </routeDistribution>
    </vehicle>

    <vehicle id="18" type="Car" depart="69.00" arrival="159.00">
        <route edges="2to8 8to6 6to3 3to9 9to4 4to1"/>
    </vehicle>

    <vehicle id="19" type="Car" depart="73.00" arrival="160.00">
        <routeDistribution>
            <route replacedOnEdge="3to9" replacedAtTime="117.00" probability="0" edges="2to8 8to3 3to9 9to1"/>
            <route edges="2to8 8to3 3to9 9to4 4to1"/>
        </routeDistribution>
    </vehicle>

    <vehicle id="25" type="Car" depart="97.00" arrival="162.00">
        <route edges="2to8 8to6 6to4 4to1"/>
    </vehicle>

    <vehicle id="20" type="Car" depart="77.00" arrival="170.00">
        <route edges="2to8 8to6 6to3 3to9 9to4 4to1"/>
    </vehicle>

    <vehicle id="21" type="Car" depart="81.00" arrival="171.00">
        <route edges="2to8 8to3 3to9 9to4 4to1"/>
    </vehicle>

    <vehicle id="23" type="Car" depart="89.00" arrival="173.00">
        <routeDistribution>
            <route replacedOnEdge="3to9" replacedAtTime="145.00" probability="0" edges="2to8 8to3 3to9 9to1"/>
            <route edges="2to8 8to3 3to9 9to4 4to1"/>
        </routeDistribution>
    </vehicle>

    <vehicle id="24" type="Car" depart="93.00" arrival="177.00">
        <route edges="2to8 8to6 6to3 3to9 9to4 4to1"/>
    </vehicle>

    <vehicle id="26" type="Car" depart="101.00" arrival="182.00">
        <routeDistribution>
            <route replacedOnEdge="3to9" replacedAtTime="145.00" probability="0" edges="2to8 8to3 3to9 9to1"/>
            <route edges="2to8 8to3 3to9 9to4 4to1"/>
        </routeDistribution>
    </vehicle>

    <vehicle id="28" type="Car" depart="109.00" arrival="193.00">
        <route edges="2to8 8to6 6to3 3to9 9to4 4to1"/>
    </vehicle>

    <vehicle id="29" type="Car" depart="113.00" arrival="195.00">
        <route edges="2to8 8to3 3to9 9to4 4to1"/>
    </vehicle>

    <vehicle id="34" type="Car" depart="133.00" arrival="198.00">
        <route edges="2to8 8to6 6to4 4to1"/>
    </vehicle>

    <vehicle id="30" type="Car" depart="117.00" arrival="201.00">
        <route edges="2to8 8to6 6to3 3to9 9to4 4to1"/>
    </vehicle>

    <vehicle id="31" type="Car" depart="121.00" arrival="203.00">
        <route edges="2to8 8to3 3to9 9to4 4to1"/>
    </vehicle>

    <vehicle id="32" type="Car" depart="125.00" arrival="209.00">
        <routeDistribution>
            <route replacedOnEdge="6to3" replacedAtTime="162.00" probability="0" edges="2to8 8to6 6to3 3to9 9to1"/>
            <route edges="2to8 8to6 6to3 3to9 9to4 4to1"/>
        </routeDistribution>
    </vehicle>

    <vehicle id="33" type="Car" depart="129.00" arrival="213.00">
        <route edges="2to8 8to6 6to3 3to9 9to4 4to1"/>
    </vehicle>

    <vehicle id="35" type="Car" depart="137.00" arrival="221.00">
        <routeDistribution>
            <route replacedOnEdge="6to3" replacedAtTime="174.00" probability="0" edges="2to8 8to6 6to3 3to9 9to1"/>
            <route edges="2to8 8to6 6to3 3to9 9to4 4to1"/>
        </routeDistribution>
    </vehicle>

    <vehicle id="36" type="Car" depart="141.00" arrival="225.00">
        <route edges="2to8 8to6 6to3 3to9 9to4 4to1"/>
    </vehicle>

    <vehicle id="37" type="Car" depart="145.00" arrival="227.00">
        <route edges="2to8 8to3 3to9 9to4 4to1"/>
    </vehicle>

    <vehicle id="42" type="Car" depart="165.00" arrival="230.00">
        <route edges="2to8 8to6 6to4 4to1"/>
    </vehicle>

    <vehicle id="43" type="Car" depart="169.00" arrival="234.00">
        <route edges="2to8 8to6 6to4 4to1"/>
    </vehicle>

    <vehicle id="38" type="Car" depart="149.00" arrival="242.00">
        <route edges="2to8 8to6 6to3 3to9 9to4 4to1"/>
    </vehicle>

    <vehicle id="45" type="Car" depart="177.00" arrival="243.00">
        <route edges="2to8 8to6 6to4 4to1"/>
    </vehicle>

    <vehicle id="39" type="Car" depart="153.00" arrival="250.00">
        <routeDistribution>
            <route replacedOnEdge="6to3" replacedAtTime="190.00" probability="0" edges="2to8 8to6 6to3 3to9 9to1"/>
            <route edges="2to8 8to6 6to3 3to9 9to4 4to1"/>
        </routeDistribution>
    </vehicle>

    <vehicle id="47" type="Car" depart="185.00" arrival="251.00">
        <route edges="2to8 8to6 6to4 4to1"/>
    </vehicle>

    <vehicle id="40" type="Car" depart="157.00" arrival="258.00">
        <route edges="2to8 8to3 3to9 9to4 4to1"/>
    </vehicle>

    <vehicle id="49" type="Car" depart="193.00" arrival="259.00">
        <route edges="2to8 8to6 6to4 4to1"/>
    </vehicle>

    <vehicle id="50" type="Car" depart="197.00" arrival="262.00">
        <route edges="2to8 8to6 6to4 4to1"/>
    </vehicle>

    <vehicle id="51" type="Car" depart="201.00" arrival="266.00">
        <route edges="2to8 8to6 6to4 4to1"/>
    </vehicle>

    <vehicle id="52" type="Car" depart="205.00" arrival="270.00">
        <route edges="2to8 8to6 6to4 4to1"/>
    </vehicle>

    <vehicle id="41" type="Car" depart="161.00" arrival="278.00">
        <routeDistribution>
            <route replacedOnEdge="3to9" replacedAtTime="205.00" probability="0" edges="2to8 8to3 3to9 9to1"/>
            <route edges="2to8 8to3 3to9 9to4 4to1"/>
        </routeDistribution>
    </vehicle>

    <vehicle id="44" type="Car" depart="173.00" arrival="279.00">
        <routeDistribution>
            <route replacedOnEdge="3to9" replacedAtTime="217.00" probability="0" edges="2to8 8to3 3to9 9to1"/>
            <route edges="2to8 8to3 3to9 9to4 4to1"/>
        </routeDistribution>
    </vehicle>

    <vehicle id="46" type="Car" depart="181.00" arrival="280.00">
        <routeDistribution>
            <route replacedOnEdge="3to9" replacedAtTime="225.00" probability="0" edges="2to8 8to3 3to9 9to1"/>
            <route edges="2to8 8to3 3to9 9to4 4to1"/>
        </routeDistribution>
    </vehicle>

    <vehicle id="48" type="Car" depart="189.00" arrival="282.00">
        <route edges="2to8 8to3 3to9 9to4 4to1"/>
    </vehicle>

    <vehicle id="53" type="Car" depart="209.00" arrival="293.00">
        <route edges="2to8 8to6 6to3 3to9 9to4 4to1"/>
    </vehicle>

    <vehicle id="59" type="Car" depart="233.00" arrival="298.00">
        <route edges="2to8 8to6 6to4 4to1"/>
    </vehicle>

    <vehicle id="54" type="Car" depart="213.00" arrival="306.00">
        <route edges="2to8 8to3 3to9 9to4 4to1"/>
    </vehicle>

    <vehicle id="55" type="Car" depart="217.00" arrival="307.00">
        <route edges="2to8 8to3 3to9 9to4 4to1"/>
    </vehicle>

    <vehicle id="56" type="Car" depart="221.00" arrival="308.00">
        <routeDistribution>
            <route replacedOnEdge="3to9" replacedAtTime="265.00" probability="0" edges="2to8 8to3 3to9 9to1"/>
            <route edges="2to8 8to3 3to9 9to4 4to1"/>
        </routeDistribution>
    </vehicle>

    <vehicle id="57" type="Car" depart="225.00" arrival="310.00">
        <route edges="2to8 8to3 3to9 9to4 4to1"/>
    </vehicle>

    <vehicle id="58" type="Car" depart="229.00" arrival="312.00">
        <routeDistribution>
            <route replacedOnEdge="3to9" replacedAtTime="273.00" probability="0" edges="2to8 8to3 3to9 9to1"/>
            <route edges="2to8 8to3 3to9 9to4 4to1"/>
        </routeDistribution>
    </vehicle>

    <vehicle id="60" type="Car" depart="237.00" arrival="321.00">
        <route edges="2to8 8to6 6to3 3to9 9to4 4to1"/>
    </vehicle>

    <vehicle id="66" type="Car" depart="261.00" arrival="326.00">
        <route edges="2to8 8to6 6to4 4to1"/>
    </vehicle>

    <vehicle id="61" type="Car" depart="241.00" arrival="334.00">
        <route edges="2to8 8to3 3to9 9to4 4to1"/>
    </vehicle>

    <vehicle id="68" type="Car" depart="269.00" arrival="335.00">
        <route edges="2to8 8to6 6to4 4to1"/>
    </vehicle>

    <vehicle id="69" type="Car" depart="273.00" arrival="338.00">
        <route edges="2to8 8to6 6to4 4to1"/>
    </vehicle>

    <vehicle id="70" type="Car" depart="277.00" arrival="342.00">
        <route edges="2to8 8to6 6to4 4to1"/>
    </vehicle>

    <vehicle id="62" type="Car" depart="245.00" arrival="350.00">
        <routeDistribution>
            <route replacedOnEdge="6to3" replacedAtTime="282.00" probability="0" edges="2to8 8to6 6to3 3to9 9to1"/>
            <route edges="2to8 8to6 6to3 3to9 9to4 4to1"/>
        </routeDistribution>
    </vehicle>

    <vehicle id="63" type="Car" depart="249.00" arrival="351.00">
        <route edges="2to8 8to3 3to9 9to4 4to1"/>
    </vehicle>

    <vehicle id="64" type="Car" depart="253.00" arrival="352.00">
        <route edges="2to8 8to6 6to3 3to9 9to4 4to1"/>
    </vehicle>

    <vehicle id="73" type="Car" depart="289.00" arrival="354.00">
        <route edges="2to8 8to6 6to4 4to1"/>
    </vehicle>

    <vehicle id="65" type="Car" depart="257.00" arrival="362.00">
        <route edges="2to8 8to3 3to9 9to4 4to1"/>
    </vehicle>

    <vehicle id="75" type="Car" depart="297.00" arrival="363.00">
        <route edges="2to8 8to6 6to4 4to1"/>
    </vehicle>

    <vehicle id="67" type="Car" depart="265.00" arrival="370.00">
        <routeDistribution>
            <route replacedOnEdge="3to9" replacedAtTime="309.00" probability="0" edges="2to8 8to3 3to9 9to1"/>
            <route edges="2to8 8to3 3to9 9to4 4to1"/>
        </routeDistribution>
    </vehicle>

    <vehicle id="71" type="Car" depart="281.00" arrival="371.00">
        <route edges="2to8 8to6 6to3 3to9 9to4 4to1"/>
    </vehicle>

    <vehicle id="72" type="Car" depart="285.00" arrival="372.00">
        <route edges="2to8 8to6 6to3 3to9 9to4 4to1"/>
    </vehicle>

    <vehicle id="78" type="Car" depart="309.00" arrival="374.00">
        <route edges="2to8 8to6 6to4 4to1"/>
    </vehicle>

    <vehicle id="79" type="Car" depart="313.00" arrival="378.00">
        <route edges="2to8 8to6 6to4 4to1"/>
    </vehicle>

    <vehicle id="0" type="Car" depart="0.00" arrival="381.00">
        <route edges="2to8 8to3 3to9 9to1"/>
    </vehicle>

    <vehicle id="1" type="Car" depart="1.00" arrival="383.00">
        <route edges="2to8 8to3 3to9 9to1"/>
    </vehicle>

    <vehicle id="11" type="Car" depart="41.00" arrival="384.00">
        <route edges="2to8 8to6 6to3 3to9 9to1"/>
    </vehicle>

    <vehicle id="27" type="Car" depart="105.00" arrival="386.00">
        <route edges="2to8 8to3 3to9 9to1"/>
    </vehicle>

    <vehicle id="74" type="Car" depart="293.00" arrival="386.00">
        <route edges="2to8 8to3 3to9 9to4 4to1"/>
    </vehicle>

    <vehicle id="81" type="Car" depart="321.00" arrival="387.00">
        <route edges="2to8 8to6 6to4 4to1"/>
    </vehicle>

    <vehicle id="76" type="Car" depart="301.00" arrival="394.00">
        <route edges="2to8 8to6 6to3 3to9 9to4 4to1"/>
    </vehicle>

    <vehicle id="77" type="Car" depart="305.00" arrival="395.00">
        <routeDistribution>
            <route replacedOnEdge="6to3" replacedAtTime="342.00" probability="0" edges="2to8 8to6 6to3 3to9 9to1"/>
            <route edges="2to8 8to6 6to3 3to9 9to4 4to1"/>
        </routeDistribution>
    </vehicle>

    <vehicle id="84" type="Car" depart="333.00" arrival="398.00">
        <route edges="2to8 8to6 6to4 4to1"/>
    </vehicle>

    <vehicle id="85" type="Car" depart="337.00" arrival="402.00">
        <route edges="2to8 8to6 6to4 4to1"/>
    </vehicle>

    <vehicle id="80" type="Car" depart="317.00" arrival="410.00">
        <routeDistribution>
            <route replacedOnEdge="6to3" replacedAtTime="354.00" probability="0" edges="2to8 8to6 6to3 3to9 9to1"/>
            <route edges="2to8 8to6 6to3 3to9 9to4 4to1"/>
        </routeDistribution>
    </vehicle>

    <vehicle id="82" type="Car" depart="325.00" arrival="411.00">
        <routeDistribution>
            <route replacedOnEdge="6to3" replacedAtTime="362.00" probability="0" edges="2to8 8to6 6to3 3to9 9to1"/>
            <route edges="2to8 8to6 6to3 3to9 9to4 4to1"/>
        </routeDistribution>
    </vehicle>

    <vehicle id="83" type="Car" depart="329.00" arrival="413.00">
        <route edges="2to8 8to6 6to3 3to9 9to4 4to1"/>
    </vehicle>

    <vehicle id="86" type="Car" depart="341.00" arrival="425.00">
        <route edges="2to8 8to6 6to3 3to9 9to4 4to1"/>
    </vehicle>

    <vehicle id="87" type="Car" depart="345.00" arrival="429.00">
        <routeDistribution>
            <route replacedOnEdge="3to9" replacedAtTime="395.00" probability="0" edges="2to8 8to6 6to3 3to9 9to1"/>
            <route edges="2to8 8to6 6to3 3to9 9to4 4to1"/>
        </routeDistribution>
    </vehicle>

    <vehicle id="89" type="Car" depart="353.00" arrival="431.00">
        <route edges="2to8 8to3 3to9 9to1"/>
    </vehicle>

    <vehicle id="88" type="Car" depart="349.00" arrival="431.00">
        <routeDistribution>
            <route replacedOnEdge="3to9" replacedAtTime="395.00" probability="0" edges="2to8 8to3 3to9 9to1"/>
            <route edges="2to8 8to3 3to9 9to4 4to1"/>
        </routeDistribution>
    </vehicle>

    <vehicle id="90" type="Car" depart="357.00" arrival="435.00">
        <route edges="2to8 8to3 3to9 9to1"/>
    </vehicle>

    <vehicle id="95" type="Car" depart="377.00" arrival="442.00">
        <route edges="2to8 8to6 6to4 4to1"/>
    </vehicle>

    <vehicle id="93" type="Car" depart="369.00" arrival="449.00">
        <route edges="2to8 8to6 6to3 3to9 9to1"/>
    </vehicle>

    <vehicle id="91" type="Car" depart="361.00" arrival="450.00">
        <route edges="2to8 8to3 3to9 9to4 4to1"/>
    </vehicle>

    <vehicle id="94" type="Car" depart="373.00" arrival="451.00">
        <route edges="2to8 8to3 3to9 9to1"/>
    </vehicle>

    <vehicle id="92" type="Car" depart="365.00" arrival="451.00">
        <route edges="2to8 8to3 3to9 9to4 4to1"/>
    </vehicle>

    <vehicle id="97" type="Car" depart="385.00" arrival="465.00">
        <route edges="2to8 8to6 6to3 3to9 9to1"/>
    </vehicle>

    <vehicle id="96" type="Car" depart="381.00" arrival="465.00">
        <route edges="2to8 8to6 6to3 3to9 9to4 4to1"/>
    </vehicle>

    <vehicle id="98" type="Car" depart="389.00" arrival="473.00">
        <route edges="2to8 8to6 6to3 3to9 9to4 4to1"/>
    </vehicle>

    <vehicle id="99" type="Car" depart="393.00" arrival="477.00">
        <route edges="2to8 8to6 6to3 3to9 9to4 4to1"/>
    </vehicle>

    <vehicle id="100" type="Car" depart="397.00" arrival="481.00">
        <route edges="2to8 8to6 6to3 3to9 9to4 4to1"/>
    </vehicle>

</routes>
