<?xml version="1.0" encoding="UTF-8"?>

<!-- generated on 10/27/16 14:16:46 by SUMO netconvert Version 0.27.0
<?xml version="1.0" encoding="UTF-8"?>

<configuration xmlns:xsi="http://www.w3.org/2001/XMLSchema-instance" xsi:noNamespaceSchemaLocation="http://sumo.dlr.de/xsd/netconvertConfiguration.xsd">

    <input>
        <osm-files value="C:\Users\jychen\Desktop\map.osm"/>
    </input>

    <output>
        <output-file value="C:\Users\jychen\Desktop\map.net.xml"/>
    </output>

    <projection>
        <proj.utm value="true"/>
    </projection>

</configuration>
-->

<net version="0.27" xmlns:xsi="http://www.w3.org/2001/XMLSchema-instance" xsi:noNamespaceSchemaLocation="http://sumo.dlr.de/xsd/net_file.xsd">

    <location netOffset="-207172.74,-2467202.33" convBoundary="0.00,0.00,375.55,165.20" origBoundary="114.158177,22.285729,114.161846,22.287158" projParameter="+proj=utm +zone=50 +ellps=WGS84 +datum=WGS84 +units=m +no_defs"/>

    <type id="highway.bridleway" priority="1" numLanes="1" speed="2.78" allow="pedestrian" oneway="1" width="2.00"/>
    <type id="highway.bus_guideway" priority="1" numLanes="1" speed="8.33" allow="bus" oneway="1"/>
    <type id="highway.cycleway" priority="1" numLanes="1" speed="5.56" allow="bicycle" oneway="0" width="1.00"/>
    <type id="highway.footway" priority="1" numLanes="1" speed="2.78" allow="pedestrian" oneway="1" width="2.00"/>
    <type id="highway.ford" priority="1" numLanes="1" speed="2.78" allow="army" oneway="0"/>
    <type id="highway.living_street" priority="3" numLanes="1" speed="2.78" disallow="tram rail_urban rail rail_electric ship" oneway="0"/>
    <type id="highway.motorway" priority="13" numLanes="2" speed="44.44" allow="private emergency authority army vip passenger hov taxi bus coach delivery truck trailer motorcycle evehicle custom1 custom2" oneway="1"/>
    <type id="highway.motorway_link" priority="12" numLanes="1" speed="22.22" allow="private emergency authority army vip passenger hov taxi bus coach delivery truck trailer motorcycle evehicle custom1 custom2" oneway="1"/>
    <type id="highway.path" priority="1" numLanes="1" speed="2.78" allow="bicycle pedestrian" oneway="1" width="2.00"/>
    <type id="highway.pedestrian" priority="1" numLanes="1" speed="2.78" allow="pedestrian" oneway="1" width="2.00"/>
    <type id="highway.primary" priority="9" numLanes="2" speed="27.78" disallow="tram rail_urban rail rail_electric ship" oneway="0"/>
    <type id="highway.primary_link" priority="8" numLanes="1" speed="22.22" disallow="tram rail_urban rail rail_electric ship" oneway="0"/>
    <type id="highway.raceway" priority="14" numLanes="2" speed="83.33" allow="vip" oneway="0"/>
    <type id="highway.residential" priority="4" numLanes="1" speed="13.89" disallow="tram rail_urban rail rail_electric ship" oneway="0"/>
    <type id="highway.secondary" priority="7" numLanes="2" speed="27.78" disallow="tram rail_urban rail rail_electric ship" oneway="0"/>
    <type id="highway.secondary_link" priority="6" numLanes="1" speed="22.22" disallow="tram rail_urban rail rail_electric ship" oneway="0"/>
    <type id="highway.service" priority="2" numLanes="1" speed="5.56" allow="delivery bicycle pedestrian" oneway="0"/>
    <type id="highway.services" priority="1" numLanes="1" speed="8.33" disallow="tram rail_urban rail rail_electric ship" oneway="0"/>
    <type id="highway.stairs" priority="1" numLanes="1" speed="1.39" allow="pedestrian" oneway="1" width="2.00"/>
    <type id="highway.step" priority="1" numLanes="1" speed="1.39" allow="pedestrian" oneway="1" width="2.00"/>
    <type id="highway.steps" priority="1" numLanes="1" speed="1.39" allow="pedestrian" oneway="1" width="2.00"/>
    <type id="highway.tertiary" priority="6" numLanes="1" speed="22.22" disallow="tram rail_urban rail rail_electric ship" oneway="0"/>
    <type id="highway.tertiary_link" priority="5" numLanes="1" speed="22.22" disallow="tram rail_urban rail rail_electric ship" oneway="0"/>
    <type id="highway.track" priority="1" numLanes="1" speed="5.56" disallow="tram rail_urban rail rail_electric ship" oneway="0"/>
    <type id="highway.trunk" priority="11" numLanes="2" speed="27.78" disallow="tram rail_urban rail rail_electric bicycle pedestrian ship" oneway="0"/>
    <type id="highway.trunk_link" priority="10" numLanes="1" speed="22.22" disallow="tram rail_urban rail rail_electric bicycle pedestrian ship" oneway="0"/>
    <type id="highway.unclassified" priority="5" numLanes="1" speed="13.89" disallow="tram rail_urban rail rail_electric ship" oneway="0"/>
    <type id="highway.unsurfaced" priority="1" numLanes="1" speed="8.33" disallow="tram rail_urban rail rail_electric ship" oneway="0"/>
    <type id="railway.light_rail" priority="15" numLanes="1" speed="27.78" allow="rail_urban" oneway="1"/>
    <type id="railway.preserved" priority="15" numLanes="1" speed="27.78" allow="rail" oneway="1"/>
    <type id="railway.rail" priority="15" numLanes="1" speed="83.33" allow="rail rail_electric" oneway="1"/>
    <type id="railway.subway" priority="15" numLanes="1" speed="27.78" allow="rail_urban" oneway="1"/>
    <type id="railway.tram" priority="15" numLanes="1" speed="13.89" allow="tram" oneway="1"/>

    <edge id=":1726097068_0" function="internal">
        <lane id=":1726097068_0_0" index="0" disallow="tram rail_urban rail rail_electric ship" speed="9.73" length="5.54" shape="314.76,29.10 309.30,30.05"/>
    </edge>
    <edge id=":1726097068_1" function="internal">
        <lane id=":1726097068_1_0" index="0" disallow="tram rail_urban rail rail_electric ship" speed="13.89" length="5.00" shape="312.35,26.08 309.30,30.05"/>
    </edge>
    <edge id=":2414714348_0" function="internal">
        <lane id=":2414714348_0_0" index="0" disallow="tram rail_urban rail rail_electric ship" speed="22.22" length="0.66" shape="252.46,45.41 251.85,45.17"/>
    </edge>
    <edge id=":274240804_0" function="internal">
        <lane id=":274240804_0_0" index="0" disallow="tram rail_urban rail rail_electric ship" speed="22.22" length="0.74" shape="234.37,46.12 233.73,46.50"/>
    </edge>
    <edge id=":274240805_0" function="internal">
        <lane id=":274240805_0_0" index="0" disallow="tram rail_urban rail rail_electric ship" speed="22.22" length="6.32" shape="229.45,77.33 234.61,80.98"/>
    </edge>
    <edge id=":274240805_1" function="internal">
        <lane id=":274240805_1_0" index="0" disallow="tram rail_urban rail rail_electric ship" speed="22.22" length="3.50" shape="228.69,81.54 232.17,81.21"/>
    </edge>
    <edge id=":274240805_2" function="internal">
        <lane id=":274240805_2_0" index="0" speed="22.22" length="2.45" shape="232.17,81.21 234.61,80.98"/>
    </edge>
    <edge id=":274240806_0" function="internal">
        <lane id=":274240806_0_0" index="0" disallow="tram rail_urban rail rail_electric ship" speed="13.89" length="4.98" shape="257.51,82.41 256.74,81.29 256.50,80.18 256.81,79.09 257.66,78.03"/>
    </edge>
    <edge id=":274240806_1" function="internal">
        <lane id=":274240806_1_0" index="0" disallow="tram rail_urban rail rail_electric ship" speed="22.22" length="5.74" shape="253.01,81.38 257.66,78.03"/>
    </edge>
    <edge id=":274240807_0" function="internal">
        <lane id=":274240807_0_0" index="0" disallow="tram rail_urban rail rail_electric ship" speed="22.22" length="5.86" shape="262.87,69.76 263.93,63.99"/>
    </edge>
    <edge id=":274240807_1" function="internal">
        <lane id=":274240807_1_0" index="0" disallow="tram rail_urban rail rail_electric ship" speed="18.06" length="5.64" shape="262.87,69.76 263.50,68.80 264.46,67.97 265.75,67.24 267.38,66.63"/>
    </edge>
    <edge id=":274240809_0" function="internal">
        <lane id=":274240809_0_0" index="0" disallow="tram rail_urban rail rail_electric ship" speed="22.22" length="5.10" shape="261.28,54.15 258.86,49.66"/>
    </edge>
    <edge id=":274240809_1" function="internal">
        <lane id=":274240809_1_0" index="0" disallow="tram rail_urban rail rail_electric ship" speed="18.06" length="5.04" shape="263.73,50.97 258.86,49.66"/>
    </edge>
    <edge id=":293398085_0" function="internal">
        <lane id=":293398085_0_0" index="0" allow="delivery bicycle pedestrian" speed="9.73" length="6.62" shape="373.14,6.44 372.11,5.63 370.74,5.34 369.02,5.55 366.96,6.27"/>
    </edge>
    <edge id=":293398085_1" function="internal">
        <lane id=":293398085_1_0" index="0" disallow="tram rail_urban rail rail_electric ship" speed="13.89" length="7.45" shape="373.14,6.44 367.09,2.10"/>
    </edge>
    <edge id=":365548998_0" function="internal">
        <lane id=":365548998_0_0" index="0" allow="delivery bicycle pedestrian" speed="5.56" length="1.13" shape="243.39,101.34 244.49,101.64"/>
    </edge>
    <edge id=":566137681_0" function="internal">
        <lane id=":566137681_0_0" index="0" disallow="tram rail_urban rail rail_electric ship" speed="22.22" length="7.73" shape="141.23,113.33 148.49,110.69"/>
    </edge>
    <edge id=":566137681_1" function="internal">
        <lane id=":566137681_1_0" index="0" disallow="tram rail_urban rail rail_electric ship" speed="13.89" length="7.29" shape="143.94,116.38 148.49,110.69"/>
    </edge>
    <edge id=":566138268_0" function="internal">
        <lane id=":566138268_0_0" index="0" disallow="tram rail_urban rail rail_electric ship" speed="22.22" length="3.34" shape="151.78,93.15 148.48,92.65"/>
    </edge>
    <edge id=":566138368_0" function="internal">
        <lane id=":566138368_0_0" index="0" disallow="tram rail_urban rail rail_electric ship" speed="22.22" length="0.10" shape="168.25,103.75 168.24,103.75"/>
    </edge>
    <edge id=":566138402_0" function="internal">
        <lane id=":566138402_0_0" index="0" disallow="tram rail_urban rail rail_electric ship" speed="22.22" length="16.01" shape="228.29,51.73 225.88,54.74 224.44,58.22 223.96,62.15 224.46,66.55"/>
    </edge>
    <edge id=":566138402_1" function="internal">
        <lane id=":566138402_1_0" index="0" disallow="tram rail_urban rail rail_electric ship" speed="22.22" length="15.64" shape="228.29,51.73 226.50,54.80 225.55,58.40 223.95,61.90 220.22,64.67"/>
        <lane id=":566138402_1_1" index="1" disallow="tram rail_urban rail rail_electric ship" speed="22.22" length="15.64" shape="228.29,51.73 226.04,54.43 224.08,57.23 221.47,59.92 217.28,62.33"/>
    </edge>

    <edge id="107039672" from="566138268" to="2526279988" priority="6" type="highway.tertiary" spreadType="center" shape="149.83,92.17 78.31,117.63 0.04,151.01">
        <lane id="107039672_0" index="0" disallow="tram rail_urban rail rail_electric ship" speed="22.22" length="159.57" shape="148.48,92.65 78.31,117.63 0.04,151.01"/>
    </edge>
    <edge id="160554426" from="293398085" to="1726097068" priority="2" type="highway.service" spreadType="center">
        <lane id="160554426_0" index="0" allow="delivery bicycle pedestrian" speed="5.56" length="56.97" shape="366.96,6.27 314.76,29.10"/>
    </edge>
    <edge id="174870831" from="365548998" to="274240806" priority="2" type="highway.service" spreadType="center" shape="243.88,101.70 252.12,100.89 260.51,93.40 261.68,86.92 255.42,80.14">
        <lane id="174870831_0" index="0" allow="delivery bicycle pedestrian" speed="5.56" length="31.64" shape="244.49,101.64 252.12,100.89 260.51,93.40 261.68,86.92 257.51,82.41"/>
    </edge>
    <edge id="245422161" from="2414714348" to="274240804" priority="6" type="highway.tertiary" spreadType="center" shape="252.18,45.23 242.62,43.59 234.00,46.24">
        <lane id="245422161_0" index="0" disallow="tram rail_urban rail rail_electric ship" speed="22.22" length="17.99" shape="251.85,45.17 242.62,43.59 234.37,46.12"/>
    </edge>
    <edge id="245422163" from="274240807" to="274240809" priority="6" type="highway.tertiary" spreadType="center" shape="263.79,67.74 264.04,60.79 263.10,56.97 258.00,49.09">
        <lane id="245422163_0" index="0" disallow="tram rail_urban rail rail_electric ship" speed="22.22" length="10.49" shape="263.93,63.99 264.04,60.79 263.10,56.97 261.28,54.15"/>
    </edge>
    <edge id="245422862" from="566137680" to="365548998" priority="2" type="highway.service" spreadType="center" shape="138.83,126.44 232.59,93.55 243.88,101.70">
        <lane id="245422862_0" index="0" allow="delivery bicycle pedestrian" speed="5.56" length="107.20" shape="144.00,124.62 232.59,93.55 243.39,101.34"/>
    </edge>
    <edge id="246516465" from="365548994" to="566137681" priority="6" type="highway.tertiary" spreadType="center" shape="0.00,165.20 10.57,161.99 86.09,133.73 146.47,111.40">
        <lane id="246516465_0" index="0" disallow="tram rail_urban rail rail_electric ship" speed="22.22" length="150.47" shape="0.00,165.20 10.57,161.99 86.09,133.73 141.23,113.33"/>
    </edge>
    <edge id="248047556" from="566137681" to="566138368" priority="6" type="highway.tertiary" spreadType="center">
        <lane id="248047556_0" index="0" disallow="tram rail_urban rail rail_electric ship" speed="22.22" length="20.94" shape="148.49,110.69 168.25,103.75"/>
    </edge>
    <edge id="248047672" from="274240805" to="274240806" priority="6" type="highway.tertiary" spreadType="center" shape="232.65,80.09 239.03,82.98 244.15,83.63 251.04,82.39 255.42,80.14">
        <lane id="248047672_0" index="0" disallow="tram rail_urban rail rail_electric ship" speed="22.22" length="19.22" shape="234.61,80.98 239.03,82.98 244.15,83.63 251.04,82.39 253.01,81.38"/>
    </edge>
    <edge id="25156721" from="566138402" to="274240805" priority="6" type="highway.tertiary" spreadType="center" shape="226.96,53.01 224.36,59.46 223.93,64.05 225.47,71.28 229.24,77.15 232.65,80.09">
        <lane id="25156721_0" index="0" disallow="tram rail_urban rail rail_electric ship" speed="22.22" length="12.09" shape="224.46,66.55 225.47,71.28 229.24,77.15 229.45,77.33"/>
    </edge>
    <edge id="253372588" from="566138368" to="274240805" priority="6" type="highway.tertiary" spreadType="center">
        <lane id="253372588_0" index="0" disallow="tram rail_urban rail rail_electric ship" speed="22.22" length="64.40" shape="168.24,103.75 228.69,81.54"/>
    </edge>
    <edge id="26748667" from="274240807" to="293398085" priority="4" type="highway.residential" spreadType="center" shape="263.79,67.74 284.88,61.19 372.87,21.02 375.55,15.01 375.04,8.81 371.43,4.32">
        <lane id="26748667_0" index="0" disallow="tram rail_urban rail rail_electric ship" speed="13.89" length="130.89" shape="267.38,66.63 284.88,61.19 372.87,21.02 375.55,15.01 375.04,8.81 373.14,6.44"/>
    </edge>
    <edge id="284649086" from="274240806" to="274240807" priority="6" type="highway.tertiary" spreadType="center" shape="255.42,80.14 260.18,75.64 263.79,67.74">
        <lane id="284649086_0" index="0" disallow="tram rail_urban rail rail_electric ship" speed="22.22" length="9.94" shape="257.66,78.03 260.18,75.64 262.87,69.76"/>
    </edge>
    <edge id="284649090" from="274240809" to="2414714348" priority="6" type="highway.tertiary" spreadType="center">
        <lane id="284649090_0" index="0" disallow="tram rail_urban rail rail_electric ship" speed="22.22" length="7.68" shape="258.86,49.66 252.46,45.41"/>
    </edge>
    <edge id="284649642#0" from="293398085" to="1726097068" priority="4" type="highway.residential" spreadType="center" shape="371.43,4.32 362.99,0.00 316.22,20.84 307.90,32.10">
        <lane id="284649642#0_0" index="0" disallow="tram rail_urban rail rail_electric ship" speed="13.89" length="62.32" shape="367.09,2.10 362.99,0.00 316.22,20.84 312.35,26.08"/>
    </edge>
    <edge id="284649642#1" from="1726097068" to="274240809" priority="4" type="highway.residential" spreadType="center" shape="307.90,32.10 304.08,37.71 294.59,45.73 283.87,51.47 275.64,52.73 269.45,52.85 258.00,49.09">
        <lane id="284649642#1_0" index="0" disallow="tram rail_urban rail rail_electric ship" speed="13.89" length="54.40" shape="309.30,30.05 304.08,37.71 294.59,45.73 283.87,51.47 275.64,52.73 269.45,52.85 263.73,50.97"/>
    </edge>
    <edge id="284653717" from="274240804" to="566138402" priority="6" type="highway.tertiary" spreadType="center">
        <lane id="284653717_0" index="0" disallow="tram rail_urban rail rail_electric ship" speed="22.22" length="7.54" shape="233.73,46.50 228.29,51.73"/>
    </edge>
    <edge id="32511359" from="566138402" to="566138268" priority="6" type="highway.tertiary" spreadType="center" shape="226.96,53.01 219.19,63.32 149.83,92.17">
        <lane id="32511359_0" index="0" disallow="tram rail_urban rail rail_electric ship" speed="22.22" length="73.22" shape="220.22,64.67 151.78,93.15"/>
        <lane id="32511359_1" index="1" disallow="tram rail_urban rail rail_electric ship" speed="22.22" length="73.22" shape="217.28,62.33 150.52,90.10"/>
    </edge>
    <edge id="44574408" from="566137680" to="566137681" priority="2" type="highway.service" spreadType="center">
        <lane id="44574408_0" index="0" allow="delivery bicycle pedestrian" speed="5.56" length="5.80" shape="141.31,121.55 143.94,116.38"/>
    </edge>

    <junction id="1726097068" type="priority" x="307.90" y="32.10" incLanes="160554426_0 284649642#0_0" intLanes=":1726097068_0_0 :1726097068_1_0" shape="315.40,30.57 314.12,27.63 313.64,27.03 311.07,25.13 307.98,29.14 310.63,30.95">
        <request index="0" response="10" foes="10" cont="0"/>
        <request index="1" response="00" foes="01" cont="0"/>
    </junction>
    <junction id="2414714348" type="priority" x="252.18" y="45.23" incLanes="284649090_0" intLanes=":2414714348_0_0" shape="251.57,46.75 253.34,44.08 252.12,43.59 251.57,46.75">
        <request index="0" response="0" foes="0" cont="0"/>
    </junction>
    <junction id="2526279988" type="unregulated" x="0.04" y="151.01" incLanes="107039672_0" intLanes="" shape="0.67,152.49 -0.59,149.54"/>
    <junction id="274240804" type="priority" x="234.00" y="46.24" incLanes="245422161_0" intLanes=":274240804_0_0" shape="234.84,47.65 233.90,44.59 232.62,45.35 234.84,47.65">
        <request index="0" response="0" foes="0" cont="0"/>
    </junction>
    <junction id="274240805" type="priority" x="232.65" y="80.09" incLanes="25156721_0 253372588_0" intLanes=":274240805_0_0 :274240805_2_0" shape="233.95,82.43 235.27,79.52 230.50,76.12 228.41,78.54 228.14,80.04 229.24,83.04">
        <request index="0" response="00" foes="10" cont="0"/>
        <request index="1" response="01" foes="01" cont="1"/>
    </junction>
    <junction id="274240806" type="priority" x="255.42" y="80.14" incLanes="174870831_0 248047672_0" intLanes=":274240806_0_0 :274240806_1_0" shape="256.34,83.49 258.69,81.32 258.76,79.19 256.56,76.87 252.28,79.96 253.74,82.81">
        <request index="0" response="10" foes="10" cont="0"/>
        <request index="1" response="00" foes="01" cont="0"/>
    </junction>
    <junction id="274240807" type="priority" x="263.79" y="67.74" incLanes="284649086_0" intLanes=":274240807_0_0 :274240807_1_0" shape="267.85,68.16 266.90,65.10 265.53,64.04 262.33,63.93 261.41,69.09 264.32,70.42">
        <request index="0" response="00" foes="00" cont="0"/>
        <request index="1" response="00" foes="00" cont="0"/>
    </junction>
    <junction id="274240809" type="priority" x="258.00" y="49.09" incLanes="245422163_0 284649642#1_0" intLanes=":274240809_0_0 :274240809_1_0" shape="259.94,55.02 262.62,53.28 263.23,52.49 264.23,49.45 259.75,48.32 257.98,50.99">
        <request index="0" response="00" foes="10" cont="0"/>
        <request index="1" response="01" foes="01" cont="0"/>
    </junction>
    <junction id="293398085" type="priority" x="371.43" y="4.32" incLanes="26748667_0" intLanes=":293398085_0_0 :293398085_1_0" shape="371.89,7.44 374.39,5.44 367.82,0.67 366.36,3.52 366.32,4.81 367.60,7.74">
        <request index="0" response="00" foes="00" cont="0"/>
        <request index="1" response="00" foes="00" cont="0"/>
    </junction>
    <junction id="365548994" type="unregulated" x="0.00" y="165.20" incLanes="" intLanes="" shape="0.47,166.73 -0.47,163.67"/>
    <junction id="365548998" type="priority" x="243.88" y="101.70" incLanes="245422862_0" intLanes=":365548998_0_0" shape="244.64,103.23 244.33,100.04 242.46,102.64">
        <request index="0" response="0" foes="0" cont="0"/>
    </junction>
    <junction id="566137680" type="unregulated" x="138.83" y="126.44" incLanes="" intLanes="" shape="144.53,126.13 143.47,123.11 142.74,122.27 139.89,120.82"/>
    <junction id="566137681" type="priority" x="146.47" y="111.40" incLanes="246516465_0 44574408_0" intLanes=":566137681_0_0 :566137681_1_0" shape="149.02,112.20 147.96,109.18 140.67,111.83 141.78,114.84 142.51,115.65 145.36,117.10">
        <request index="0" response="00" foes="10" cont="0"/>
        <request index="1" response="01" foes="01" cont="0"/>
    </junction>
    <junction id="566138268" type="priority" x="149.83" y="92.17" incLanes="32511359_0 32511359_1" intLanes=":566138268_0_0" shape="152.40,94.62 149.90,88.62 147.94,91.14 149.02,94.16">
        <request index="0" response="0" foes="0" cont="0"/>
    </junction>
    <junction id="566138368" type="priority" x="168.25" y="103.75" incLanes="248047556_0" intLanes=":566138368_0_0" shape="168.80,105.25 167.69,102.25 168.78,105.26">
        <request index="0" response="0" foes="0" cont="0"/>
    </junction>
    <junction id="566138402" type="priority" x="226.96" y="53.01" incLanes="284653717_0" intLanes=":566138402_0_0 :566138402_1_0 :566138402_1_1" shape="229.40,52.88 227.18,50.58 215.85,61.19 221.48,65.68 222.70,65.94 226.23,67.15">
        <request index="0" response="000" foes="000" cont="0"/>
        <request index="1" response="000" foes="000" cont="0"/>
        <request index="2" response="000" foes="000" cont="0"/>
    </junction>

    <junction id=":274240805_2_0" type="internal" x="232.17" y="81.21" incLanes=":274240805_1_0 25156721_0" intLanes=":274240805_0_0"/>

    <connection from="160554426" to="284649642#1" fromLane="0" toLane="0" via=":1726097068_0_0" dir="s" state="m"/>
    <connection from="174870831" to="284649086" fromLane="0" toLane="0" via=":274240806_0_0" dir="l" state="m"/>
    <connection from="245422161" to="284653717" fromLane="0" toLane="0" via=":274240804_0_0" dir="s" state="M"/>
    <connection from="245422163" to="284649090" fromLane="0" toLane="0" via=":274240809_0_0" dir="s" state="M"/>
    <connection from="245422862" to="174870831" fromLane="0" toLane="0" via=":365548998_0_0" dir="s" state="M"/>
    <connection from="246516465" to="248047556" fromLane="0" toLane="0" via=":566137681_0_0" dir="s" state="M"/>
    <connection from="248047556" to="253372588" fromLane="0" toLane="0" via=":566138368_0_0" dir="s" state="M"/>
    <connection from="248047672" to="284649086" fromLane="0" toLane="0" via=":274240806_1_0" dir="s" state="M"/>
    <connection from="25156721" to="248047672" fromLane="0" toLane="0" via=":274240805_0_0" dir="s" state="M"/>
    <connection from="253372588" to="248047672" fromLane="0" toLane="0" via=":274240805_1_0" dir="l" state="m"/>
    <connection from="26748667" to="160554426" fromLane="0" toLane="0" via=":293398085_0_0" dir="r" state="M"/>
    <connection from="26748667" to="284649642#0" fromLane="0" toLane="0" via=":293398085_1_0" dir="s" state="M"/>
    <connection from="284649086" to="245422163" fromLane="0" toLane="0" via=":274240807_0_0" dir="s" state="M"/>
    <connection from="284649086" to="26748667" fromLane="0" toLane="0" via=":274240807_1_0" dir="l" state="M"/>
    <connection from="284649090" to="245422161" fromLane="0" toLane="0" via=":2414714348_0_0" dir="s" state="M"/>
    <connection from="284649642#0" to="284649642#1" fromLane="0" toLane="0" via=":1726097068_1_0" dir="s" state="M"/>
    <connection from="284649642#1" to="284649090" fromLane="0" toLane="0" via=":274240809_1_0" dir="s" state="m"/>
    <connection from="284653717" to="25156721" fromLane="0" toLane="0" via=":566138402_0_0" dir="s" state="M"/>
    <connection from="284653717" to="32511359" fromLane="0" toLane="0" via=":566138402_1_0" dir="s" state="M"/>
    <connection from="284653717" to="32511359" fromLane="0" toLane="1" via=":566138402_1_1" dir="s" state="M"/>
    <connection from="32511359" to="107039672" fromLane="0" toLane="0" via=":566138268_0_0" dir="s" state="M"/>
    <connection from="44574408" to="248047556" fromLane="0" toLane="0" via=":566137681_1_0" dir="s" state="m"/>

    <connection from=":1726097068_0" to="284649642#1" fromLane="0" toLane="0" dir="s" state="M"/>
    <connection from=":1726097068_1" to="284649642#1" fromLane="0" toLane="0" dir="s" state="M"/>
    <connection from=":2414714348_0" to="245422161" fromLane="0" toLane="0" dir="s" state="M"/>
    <connection from=":274240804_0" to="284653717" fromLane="0" toLane="0" dir="s" state="M"/>
    <connection from=":274240805_0" to="248047672" fromLane="0" toLane="0" dir="s" state="M"/>
    <connection from=":274240805_1" to="248047672" fromLane="0" toLane="0" via=":274240805_2_0" dir="s" state="m"/>
    <connection from=":274240805_2" to="248047672" fromLane="0" toLane="0" dir="s" state="M"/>
    <connection from=":274240806_0" to="284649086" fromLane="0" toLane="0" dir="s" state="M"/>
    <connection from=":274240806_1" to="284649086" fromLane="0" toLane="0" dir="s" state="M"/>
    <connection from=":274240807_0" to="245422163" fromLane="0" toLane="0" dir="s" state="M"/>
    <connection from=":274240807_1" to="26748667" fromLane="0" toLane="0" dir="s" state="M"/>
    <connection from=":274240809_0" to="284649090" fromLane="0" toLane="0" dir="s" state="M"/>
    <connection from=":274240809_1" to="284649090" fromLane="0" toLane="0" dir="s" state="M"/>
    <connection from=":293398085_0" to="160554426" fromLane="0" toLane="0" dir="s" state="M"/>
    <connection from=":293398085_1" to="284649642#0" fromLane="0" toLane="0" dir="s" state="M"/>
    <connection from=":365548998_0" to="174870831" fromLane="0" toLane="0" dir="s" state="M"/>
    <connection from=":566137681_0" to="248047556" fromLane="0" toLane="0" dir="s" state="M"/>
    <connection from=":566137681_1" to="248047556" fromLane="0" toLane="0" dir="s" state="M"/>
    <connection from=":566138268_0" to="107039672" fromLane="0" toLane="0" dir="s" state="M"/>
    <connection from=":566138368_0" to="253372588" fromLane="0" toLane="0" dir="s" state="M"/>
    <connection from=":566138402_0" to="25156721" fromLane="0" toLane="0" dir="s" state="M"/>
    <connection from=":566138402_1" to="32511359" fromLane="0" toLane="0" dir="s" state="M"/>
    <connection from=":566138402_1" to="32511359" fromLane="1" toLane="1" dir="s" state="M"/>

</net>
