<?xml version="1.0" encoding="UTF-8"?>

<!-- generated on 10/13/2016 4:24:57 PM by SUMO gui Version 0.27.0
<?xml version="1.0" encoding="UTF-8"?>

<configuration xmlns:xsi="http://www.w3.org/2001/XMLSchema-instance" xsi:noNamespaceSchemaLocation="http://sumo.dlr.de/xsd/sumo-gui.exeConfiguration.xsd">

    <input>
        <net-file value="hello.net.xml"/>
        <route-files value="hello.rou.xml"/>
    </input>

    <output>
        <tripinfo-output value="tripinfo.xml"/>
        <vehroute-output value="vehroutes.xml"/>
    </output>

    <report>
        <xml-validation value="never"/>
        <duration-log.disable value="true"/>
        <no-step-log value="true"/>
    </report>

    <traci_server>
        <remote-port value="8813"/>
    </traci_server>

</configuration>
-->

<routes xmlns:xsi="http://www.w3.org/2001/XMLSchema-instance" xsi:noNamespaceSchemaLocation="http://sumo.dlr.de/xsd/routes_file.xsd">
    <vehicle id="1" type="Car" depart="3.00" arrival="50.00">
        <route edges="1to2 2to4"/>
    </vehicle>

    <vehicle id="2" type="Car" depart="7.00" arrival="54.00">
        <route edges="1to2 2to4"/>
    </vehicle>

    <vehicle id="4" type="Car" depart="15.00" arrival="62.00">
        <route edges="1to2 2to4"/>
    </vehicle>

    <vehicle id="6" type="Car" depart="23.00" arrival="70.00">
        <route edges="1to2 2to4"/>
    </vehicle>

    <vehicle id="11" type="Car" depart="43.00" arrival="90.00">
        <route edges="1to2 2to4"/>
    </vehicle>

    <vehicle id="13" type="Car" depart="51.00" arrival="98.00">
        <route edges="1to2 2to4"/>
    </vehicle>

    <vehicle id="14" type="Car" depart="55.00" arrival="102.00">
        <routeDistribution>
            <route replacedOnEdge="1to2" replacedAtTime="82.00" probability="0" edges="1to2 2to3"/>
            <route edges="1to2 2to4"/>
        </routeDistribution>
    </vehicle>

    <vehicle id="15" type="Car" depart="59.00" arrival="106.00">
        <routeDistribution>
            <route replacedOnEdge="1to2" replacedAtTime="83.00" probability="0" edges="1to2 2to3"/>
            <route edges="1to2 2to4"/>
        </routeDistribution>
    </vehicle>

</routes>
