<routes>
  	<vType accel="1.0" decel="5.0" id="Car" length="4.5" minGap="2.0" maxSpeed="50.0" sigma="0" />

    <route id="route0" edges="1to2 2to3" />
  	<route id="route1" edges="1to2 2to4" />

    <vehicle depart="4" id="0" route="route0" type="Car" departPos="0" departSpeed="random">
         <stop lane="2to3_0" endPos="200" duration="550"/>
    </vehicle>

    <vehicle id="1" type="Car" route="route1" depart="5" />
    <vehicle id="2" type="Car" route="route1" depart="10" />
    <vehicle id="3" type="Car" route="route1" depart="14" />
    <vehicle id="4" type="Car" route="route1" depart="19" />
    <vehicle id="5" type="Car" route="route1" depart="21" />
    <vehicle id="6" type="Car" route="route1" depart="29" />
    <vehicle id="7" type="Car" route="route1" depart="30" />
    <vehicle id="8" type="Car" route="route1" depart="30" />
    <vehicle id="9" type="Car" route="route1" depart="33" />
    <vehicle id="10" type="Car" route="route1" depart="34" />
    <vehicle id="11" type="Car" route="route0" depart="36" />
    <vehicle id="12" type="Car" route="route0" depart="41" />
    <vehicle id="13" type="Car" route="route0" depart="43" />
    <vehicle id="14" type="Car" route="route0" depart="59" />
    <vehicle id="15" type="Car" route="route0" depart="61" />
    <vehicle id="16" type="Car" route="route0" depart="62" />
    <vehicle id="17" type="Car" route="route1" depart="62" />
    <vehicle id="18" type="Car" route="route0" depart="67" />
    <vehicle id="19" type="Car" route="route0" depart="69" />
    <vehicle id="20" type="Car" route="route0" depart="83" />
    <vehicle id="21" type="Car" route="route1" depart="84" />
    <vehicle id="22" type="Car" route="route0" depart="86" />
    <vehicle id="23" type="Car" route="route0" depart="87" />
    <vehicle id="24" type="Car" route="route0" depart="88" />
    <vehicle id="25" type="Car" route="route0" depart="95" />
    <vehicle id="26" type="Car" route="route1" depart="97" />
    <vehicle id="27" type="Car" route="route0" depart="99" />
    <vehicle id="28" type="Car" route="route1" depart="100" />
    <vehicle id="29" type="Car" route="route0" depart="102" />
    <vehicle id="30" type="Car" route="route0" depart="106" />
    <vehicle id="31" type="Car" route="route0" depart="111" />
    <vehicle id="32" type="Car" route="route0" depart="112" />
    <vehicle id="33" type="Car" route="route0" depart="114" />
    <vehicle id="34" type="Car" route="route0" depart="118" />
    <vehicle id="35" type="Car" route="route1" depart="119" />
    <vehicle id="36" type="Car" route="route1" depart="127" />
    <vehicle id="37" type="Car" route="route1" depart="131" />
    <vehicle id="38" type="Car" route="route0" depart="132" />
    <vehicle id="39" type="Car" route="route1" depart="133" />
    <vehicle id="40" type="Car" route="route0" depart="135" />
    <vehicle id="41" type="Car" route="route0" depart="143" />
    <vehicle id="42" type="Car" route="route0" depart="152" />
    <vehicle id="43" type="Car" route="route0" depart="170" />
    <vehicle id="44" type="Car" route="route0" depart="178" />
    <vehicle id="45" type="Car" route="route0" depart="179" />
    <vehicle id="46" type="Car" route="route1" depart="181" />
    <vehicle id="47" type="Car" route="route1" depart="182" />
    <vehicle id="48" type="Car" route="route1" depart="183" />
    <vehicle id="49" type="Car" route="route0" depart="185" />
    <vehicle id="50" type="Car" route="route0" depart="190" />
    <vehicle id="51" type="Car" route="route0" depart="191" />
    <vehicle id="52" type="Car" route="route0" depart="211" />
    <vehicle id="53" type="Car" route="route0" depart="220" />
    <vehicle id="54" type="Car" route="route0" depart="222" />
    <vehicle id="55" type="Car" route="route0" depart="224" />
    <vehicle id="56" type="Car" route="route0" depart="228" />
    <vehicle id="57" type="Car" route="route1" depart="228" />
    <vehicle id="58" type="Car" route="route0" depart="240" />
    <vehicle id="59" type="Car" route="route0" depart="245" />
    <vehicle id="60" type="Car" route="route1" depart="245" />
    <vehicle id="61" type="Car" route="route0" depart="246" />
    <vehicle id="62" type="Car" route="route0" depart="250" />
    <vehicle id="63" type="Car" route="route1" depart="253" />
    <vehicle id="64" type="Car" route="route0" depart="257" />
    <vehicle id="65" type="Car" route="route0" depart="259" />
    <vehicle id="66" type="Car" route="route0" depart="265" />
    <vehicle id="67" type="Car" route="route0" depart="270" />
    <vehicle id="68" type="Car" route="route0" depart="277" />
    <vehicle id="69" type="Car" route="route0" depart="278" />
    <vehicle id="70" type="Car" route="route1" depart="280" />
    <vehicle id="71" type="Car" route="route0" depart="285" />
    <vehicle id="72" type="Car" route="route0" depart="286" />
    <vehicle id="73" type="Car" route="route0" depart="287" />
    <vehicle id="74" type="Car" route="route0" depart="292" />
    <vehicle id="75" type="Car" route="route1" depart="294" />
    <vehicle id="76" type="Car" route="route0" depart="295" />
    <vehicle id="77" type="Car" route="route0" depart="300" />
    <vehicle id="78" type="Car" route="route0" depart="304" />
    <vehicle id="79" type="Car" route="route1" depart="304" />
    <vehicle id="80" type="Car" route="route0" depart="305" />
    <vehicle id="81" type="Car" route="route1" depart="310" />
    <vehicle id="82" type="Car" route="route0" depart="311" />
    <vehicle id="83" type="Car" route="route0" depart="312" />
    <vehicle id="84" type="Car" route="route0" depart="318" />
    <vehicle id="85" type="Car" route="route0" depart="323" />
    <vehicle id="86" type="Car" route="route0" depart="338" />
    <vehicle id="87" type="Car" route="route0" depart="340" />
    <vehicle id="88" type="Car" route="route0" depart="346" />
    <vehicle id="89" type="Car" route="route0" depart="350" />
    <vehicle id="90" type="Car" route="route1" depart="356" />
    <vehicle id="91" type="Car" route="route0" depart="357" />
    <vehicle id="92" type="Car" route="route0" depart="361" />
    <vehicle id="93" type="Car" route="route0" depart="369" />
    <vehicle id="94" type="Car" route="route0" depart="371" />
    <vehicle id="95" type="Car" route="route0" depart="374" />
    <vehicle id="96" type="Car" route="route1" depart="374" />
    <vehicle id="97" type="Car" route="route0" depart="377" />
    <vehicle id="98" type="Car" route="route0" depart="383" />
    <vehicle id="99" type="Car" route="route1" depart="385" />
    <vehicle id="100" type="Car" route="route0" depart="387" />
</routes>
