<?xml version="1.0" encoding="UTF-8"?>

<!-- generated on 10/19/2016 8:36:53 PM by SUMO gui Version 0.27.0
<?xml version="1.0" encoding="UTF-8"?>

<configuration xmlns:xsi="http://www.w3.org/2001/XMLSchema-instance" xsi:noNamespaceSchemaLocation="http://sumo.dlr.de/xsd/sumo-gui.exeConfiguration.xsd">

    <input>
        <net-file value="hello.net.xml"/>
        <route-files value="hello.rou.xml"/>
    </input>

    <output>
        <tripinfo-output value="tripinfo.xml"/>
        <vehroute-output value="vehroutes.xml"/>
    </output>

    <report>
        <xml-validation value="never"/>
        <duration-log.disable value="true"/>
        <no-step-log value="true"/>
    </report>

    <traci_server>
        <remote-port value="8813"/>
    </traci_server>

</configuration>
-->

<tripinfos xmlns:xsi="http://www.w3.org/2001/XMLSchema-instance" xsi:noNamespaceSchemaLocation="http://sumo.dlr.de/xsd/tripinfo_file.xsd">
    <tripinfo id="4" depart="35.00" departLane="1to2_0" departPos="4.60" departSpeed="0.00" departDelay="3.00" arrival="82.00" arrivalLane="2to4_0" arrivalPos="206.09" arrivalSpeed="13.90" duration="47.00" routeLength="555.83" waitSteps="0" timeLoss="6.45" rerouteNo="1" devices="vehroute_4 tripinfo_4" vType="Car" vaporized=""/>
    <tripinfo id="5" depart="39.00" departLane="1to2_0" departPos="4.60" departSpeed="0.00" departDelay="6.00" arrival="86.00" arrivalLane="2to4_0" arrivalPos="206.09" arrivalSpeed="13.90" duration="47.00" routeLength="555.83" waitSteps="0" timeLoss="6.45" rerouteNo="1" devices="vehroute_5 tripinfo_5" vType="Car" vaporized=""/>
    <tripinfo id="6" depart="43.00" departLane="1to2_0" departPos="4.60" departSpeed="0.00" departDelay="9.00" arrival="90.00" arrivalLane="2to4_0" arrivalPos="206.09" arrivalSpeed="13.90" duration="47.00" routeLength="555.83" waitSteps="0" timeLoss="6.45" rerouteNo="0" devices="vehroute_6 tripinfo_6" vType="Car" vaporized=""/>
    <tripinfo id="0" depart="1.00" departLane="1to2_0" departPos="0.00" departSpeed="12.39" departDelay="0.00" arrival="100.00" arrivalLane="2to3_0" arrivalPos="395.32" arrivalSpeed="13.90" duration="99.00" routeLength="750.00" waitSteps="0" timeLoss="8.33" rerouteNo="0" devices="vehroute_0 tripinfo_0" vType="Car" vaporized=""/>
    <tripinfo id="1" depart="3.00" departLane="1to2_0" departPos="0.00" departSpeed="6.83" departDelay="0.00" arrival="101.00" arrivalLane="2to3_0" arrivalPos="395.32" arrivalSpeed="13.90" duration="98.00" routeLength="750.00" waitSteps="34" timeLoss="43.80" rerouteNo="0" devices="vehroute_1 tripinfo_1" vType="Car" vaporized=""/>
    <tripinfo id="2" depart="5.00" departLane="1to2_0" departPos="0.00" departSpeed="7.58" departDelay="0.00" arrival="103.00" arrivalLane="2to3_0" arrivalPos="395.32" arrivalSpeed="13.90" duration="98.00" routeLength="750.00" waitSteps="34" timeLoss="43.27" rerouteNo="0" devices="vehroute_2 tripinfo_2" vType="Car" vaporized=""/>
    <tripinfo id="3" depart="31.00" departLane="1to2_0" departPos="4.60" departSpeed="0.00" departDelay="0.00" arrival="104.00" arrivalLane="2to3_0" arrivalPos="395.32" arrivalSpeed="13.90" duration="73.00" routeLength="745.40" waitSteps="5" timeLoss="19.06" rerouteNo="0" devices="vehroute_3 tripinfo_3" vType="Car" vaporized=""/>
    <tripinfo id="10" depart="59.00" departLane="1to2_0" departPos="4.60" departSpeed="0.00" departDelay="15.00" arrival="106.00" arrivalLane="2to4_0" arrivalPos="206.09" arrivalSpeed="13.90" duration="47.00" routeLength="555.83" waitSteps="0" timeLoss="6.45" rerouteNo="0" devices="vehroute_10 tripinfo_10" vType="Car" vaporized=""/>
    <tripinfo id="7" depart="47.00" departLane="1to2_0" departPos="4.60" departSpeed="0.00" departDelay="12.00" arrival="108.00" arrivalLane="2to3_0" arrivalPos="395.32" arrivalSpeed="13.90" duration="61.00" routeLength="745.40" waitSteps="0" timeLoss="6.45" rerouteNo="0" devices="vehroute_7 tripinfo_7" vType="Car" vaporized=""/>
    <tripinfo id="8" depart="51.00" departLane="1to2_0" departPos="4.60" departSpeed="0.00" departDelay="15.00" arrival="112.00" arrivalLane="2to3_0" arrivalPos="395.32" arrivalSpeed="13.90" duration="61.00" routeLength="745.40" waitSteps="0" timeLoss="6.45" rerouteNo="0" devices="vehroute_8 tripinfo_8" vType="Car" vaporized=""/>
    <tripinfo id="9" depart="55.00" departLane="1to2_0" departPos="4.60" departSpeed="0.00" departDelay="12.00" arrival="116.00" arrivalLane="2to3_0" arrivalPos="395.32" arrivalSpeed="13.90" duration="61.00" routeLength="745.40" waitSteps="0" timeLoss="6.45" rerouteNo="0" devices="vehroute_9 tripinfo_9" vType="Car" vaporized=""/>
    <tripinfo id="11" depart="63.00" departLane="1to2_0" departPos="4.60" departSpeed="0.00" departDelay="14.00" arrival="124.00" arrivalLane="2to3_0" arrivalPos="395.32" arrivalSpeed="13.90" duration="61.00" routeLength="745.40" waitSteps="0" timeLoss="6.45" rerouteNo="0" devices="vehroute_11 tripinfo_11" vType="Car" vaporized=""/>
    <tripinfo id="12" depart="67.00" departLane="1to2_0" departPos="4.60" departSpeed="0.00" departDelay="17.00" arrival="128.00" arrivalLane="2to3_0" arrivalPos="395.32" arrivalSpeed="13.90" duration="61.00" routeLength="745.40" waitSteps="0" timeLoss="6.45" rerouteNo="0" devices="vehroute_12 tripinfo_12" vType="Car" vaporized=""/>
    <tripinfo id="16" depart="83.00" departLane="1to2_0" departPos="4.60" departSpeed="0.00" departDelay="25.00" arrival="130.00" arrivalLane="2to4_0" arrivalPos="206.09" arrivalSpeed="13.90" duration="47.00" routeLength="555.83" waitSteps="0" timeLoss="6.45" rerouteNo="0" devices="vehroute_16 tripinfo_16" vType="Car" vaporized=""/>
    <tripinfo id="13" depart="71.00" departLane="1to2_0" departPos="4.60" departSpeed="0.00" departDelay="20.00" arrival="132.00" arrivalLane="2to3_0" arrivalPos="395.32" arrivalSpeed="13.90" duration="61.00" routeLength="745.40" waitSteps="0" timeLoss="6.45" rerouteNo="0" devices="vehroute_13 tripinfo_13" vType="Car" vaporized=""/>
    <tripinfo id="14" depart="75.00" departLane="1to2_0" departPos="4.60" departSpeed="0.00" departDelay="22.00" arrival="136.00" arrivalLane="2to3_0" arrivalPos="395.32" arrivalSpeed="13.90" duration="61.00" routeLength="745.40" waitSteps="0" timeLoss="6.45" rerouteNo="0" devices="vehroute_14 tripinfo_14" vType="Car" vaporized=""/>
    <tripinfo id="15" depart="79.00" departLane="1to2_0" departPos="4.60" departSpeed="0.00" departDelay="23.00" arrival="140.00" arrivalLane="2to3_0" arrivalPos="395.32" arrivalSpeed="13.90" duration="61.00" routeLength="745.40" waitSteps="0" timeLoss="6.45" rerouteNo="0" devices="vehroute_15 tripinfo_15" vType="Car" vaporized=""/>
    <tripinfo id="17" depart="87.00" departLane="1to2_0" departPos="4.60" departSpeed="0.00" departDelay="26.00" arrival="148.00" arrivalLane="2to3_0" arrivalPos="395.32" arrivalSpeed="13.90" duration="61.00" routeLength="745.40" waitSteps="0" timeLoss="6.45" rerouteNo="0" devices="vehroute_17 tripinfo_17" vType="Car" vaporized=""/>
    <tripinfo id="21" depart="103.00" departLane="1to2_0" departPos="4.60" departSpeed="0.00" departDelay="30.00" arrival="150.00" arrivalLane="2to4_0" arrivalPos="206.09" arrivalSpeed="13.90" duration="47.00" routeLength="555.83" waitSteps="0" timeLoss="6.45" rerouteNo="0" devices="vehroute_21 tripinfo_21" vType="Car" vaporized=""/>
    <tripinfo id="18" depart="91.00" departLane="1to2_0" departPos="4.60" departSpeed="0.00" departDelay="28.00" arrival="152.00" arrivalLane="2to3_0" arrivalPos="395.32" arrivalSpeed="13.90" duration="61.00" routeLength="745.40" waitSteps="0" timeLoss="6.45" rerouteNo="0" devices="vehroute_18 tripinfo_18" vType="Car" vaporized=""/>
    <tripinfo id="19" depart="95.00" departLane="1to2_0" departPos="4.60" departSpeed="0.00" departDelay="29.00" arrival="156.00" arrivalLane="2to3_0" arrivalPos="395.32" arrivalSpeed="13.90" duration="61.00" routeLength="745.40" waitSteps="0" timeLoss="6.45" rerouteNo="0" devices="vehroute_19 tripinfo_19" vType="Car" vaporized=""/>
    <tripinfo id="23" depart="111.00" departLane="1to2_0" departPos="4.60" departSpeed="0.00" departDelay="35.00" arrival="158.00" arrivalLane="2to4_0" arrivalPos="206.09" arrivalSpeed="13.90" duration="47.00" routeLength="555.83" waitSteps="0" timeLoss="6.45" rerouteNo="0" devices="vehroute_23 tripinfo_23" vType="Car" vaporized=""/>
    <tripinfo id="20" depart="99.00" departLane="1to2_0" departPos="4.60" departSpeed="0.00" departDelay="32.00" arrival="160.00" arrivalLane="2to3_0" arrivalPos="395.32" arrivalSpeed="13.90" duration="61.00" routeLength="745.40" waitSteps="0" timeLoss="6.45" rerouteNo="0" devices="vehroute_20 tripinfo_20" vType="Car" vaporized=""/>
    <tripinfo id="25" depart="119.00" departLane="1to2_0" departPos="4.60" departSpeed="0.00" departDelay="31.00" arrival="166.00" arrivalLane="2to4_0" arrivalPos="206.09" arrivalSpeed="13.90" duration="47.00" routeLength="555.83" waitSteps="0" timeLoss="6.45" rerouteNo="0" devices="vehroute_25 tripinfo_25" vType="Car" vaporized=""/>
    <tripinfo id="22" depart="107.00" departLane="1to2_0" departPos="4.60" departSpeed="0.00" departDelay="32.00" arrival="168.00" arrivalLane="2to3_0" arrivalPos="395.32" arrivalSpeed="13.90" duration="61.00" routeLength="745.40" waitSteps="0" timeLoss="6.45" rerouteNo="0" devices="vehroute_22 tripinfo_22" vType="Car" vaporized=""/>
    <tripinfo id="24" depart="115.00" departLane="1to2_0" departPos="4.60" departSpeed="0.00" departDelay="33.00" arrival="176.00" arrivalLane="2to3_0" arrivalPos="395.32" arrivalSpeed="13.90" duration="61.00" routeLength="745.40" waitSteps="0" timeLoss="6.45" rerouteNo="0" devices="vehroute_24 tripinfo_24" vType="Car" vaporized=""/>
    <tripinfo id="26" depart="123.00" departLane="1to2_0" departPos="4.60" departSpeed="0.00" departDelay="34.00" arrival="184.00" arrivalLane="2to3_0" arrivalPos="395.32" arrivalSpeed="13.90" duration="61.00" routeLength="745.40" waitSteps="0" timeLoss="6.45" rerouteNo="0" devices="vehroute_26 tripinfo_26" vType="Car" vaporized=""/>
    <tripinfo id="27" depart="127.00" departLane="1to2_0" departPos="4.60" departSpeed="0.00" departDelay="37.00" arrival="188.00" arrivalLane="2to3_0" arrivalPos="395.32" arrivalSpeed="13.90" duration="61.00" routeLength="745.40" waitSteps="0" timeLoss="6.45" rerouteNo="0" devices="vehroute_27 tripinfo_27" vType="Car" vaporized=""/>
    <tripinfo id="31" depart="143.00" departLane="1to2_0" departPos="4.60" departSpeed="0.00" departDelay="34.00" arrival="190.00" arrivalLane="2to4_0" arrivalPos="206.09" arrivalSpeed="13.90" duration="47.00" routeLength="555.83" waitSteps="0" timeLoss="6.45" rerouteNo="0" devices="vehroute_31 tripinfo_31" vType="Car" vaporized=""/>
    <tripinfo id="28" depart="131.00" departLane="1to2_0" departPos="4.60" departSpeed="0.00" departDelay="34.00" arrival="192.00" arrivalLane="2to3_0" arrivalPos="395.32" arrivalSpeed="13.90" duration="61.00" routeLength="745.40" waitSteps="0" timeLoss="6.45" rerouteNo="0" devices="vehroute_28 tripinfo_28" vType="Car" vaporized=""/>
    <tripinfo id="29" depart="135.00" departLane="1to2_0" departPos="4.60" departSpeed="0.00" departDelay="36.00" arrival="196.00" arrivalLane="2to3_0" arrivalPos="395.32" arrivalSpeed="13.90" duration="61.00" routeLength="745.40" waitSteps="0" timeLoss="6.45" rerouteNo="0" devices="vehroute_29 tripinfo_29" vType="Car" vaporized=""/>
    <tripinfo id="30" depart="139.00" departLane="1to2_0" departPos="4.60" departSpeed="0.00" departDelay="36.00" arrival="200.00" arrivalLane="2to3_0" arrivalPos="395.32" arrivalSpeed="13.90" duration="61.00" routeLength="745.40" waitSteps="0" timeLoss="6.45" rerouteNo="0" devices="vehroute_30 tripinfo_30" vType="Car" vaporized=""/>
    <tripinfo id="34" depart="155.00" departLane="1to2_0" departPos="4.60" departSpeed="0.00" departDelay="34.00" arrival="202.00" arrivalLane="2to4_0" arrivalPos="206.09" arrivalSpeed="13.90" duration="47.00" routeLength="555.83" waitSteps="0" timeLoss="6.45" rerouteNo="0" devices="vehroute_34 tripinfo_34" vType="Car" vaporized=""/>
    <tripinfo id="35" depart="159.00" departLane="1to2_0" departPos="4.60" departSpeed="0.00" departDelay="36.00" arrival="206.00" arrivalLane="2to4_0" arrivalPos="206.09" arrivalSpeed="13.90" duration="47.00" routeLength="555.83" waitSteps="0" timeLoss="6.45" rerouteNo="0" devices="vehroute_35 tripinfo_35" vType="Car" vaporized=""/>
    <tripinfo id="32" depart="147.00" departLane="1to2_0" departPos="4.60" departSpeed="0.00" departDelay="33.00" arrival="208.00" arrivalLane="2to3_0" arrivalPos="395.32" arrivalSpeed="13.90" duration="61.00" routeLength="745.40" waitSteps="0" timeLoss="6.45" rerouteNo="0" devices="vehroute_32 tripinfo_32" vType="Car" vaporized=""/>
    <tripinfo id="33" depart="151.00" departLane="1to2_0" departPos="4.60" departSpeed="0.00" departDelay="33.00" arrival="212.00" arrivalLane="2to3_0" arrivalPos="395.32" arrivalSpeed="13.90" duration="61.00" routeLength="745.40" waitSteps="0" timeLoss="6.45" rerouteNo="0" devices="vehroute_33 tripinfo_33" vType="Car" vaporized=""/>
    <tripinfo id="36" depart="163.00" departLane="1to2_0" departPos="4.60" departSpeed="0.00" departDelay="38.00" arrival="224.00" arrivalLane="2to3_0" arrivalPos="395.32" arrivalSpeed="13.90" duration="61.00" routeLength="745.40" waitSteps="0" timeLoss="6.45" rerouteNo="0" devices="vehroute_36 tripinfo_36" vType="Car" vaporized=""/>
    <tripinfo id="37" depart="167.00" departLane="1to2_0" departPos="4.60" departSpeed="0.00" departDelay="36.00" arrival="228.00" arrivalLane="2to3_0" arrivalPos="395.32" arrivalSpeed="13.90" duration="61.00" routeLength="745.40" waitSteps="0" timeLoss="6.45" rerouteNo="0" devices="vehroute_37 tripinfo_37" vType="Car" vaporized=""/>
    <tripinfo id="38" depart="171.00" departLane="1to2_0" departPos="4.60" departSpeed="0.00" departDelay="30.00" arrival="232.00" arrivalLane="2to3_0" arrivalPos="395.32" arrivalSpeed="13.90" duration="61.00" routeLength="745.40" waitSteps="0" timeLoss="6.45" rerouteNo="0" devices="vehroute_38 tripinfo_38" vType="Car" vaporized=""/>
    <tripinfo id="39" depart="175.00" departLane="1to2_0" departPos="4.60" departSpeed="0.00" departDelay="31.00" arrival="236.00" arrivalLane="2to3_0" arrivalPos="395.32" arrivalSpeed="13.90" duration="61.00" routeLength="745.40" waitSteps="0" timeLoss="6.45" rerouteNo="0" devices="vehroute_39 tripinfo_39" vType="Car" vaporized=""/>
    <tripinfo id="40" depart="179.00" departLane="1to2_0" departPos="4.60" departSpeed="0.00" departDelay="31.00" arrival="240.00" arrivalLane="2to3_0" arrivalPos="395.32" arrivalSpeed="13.90" duration="61.00" routeLength="745.40" waitSteps="0" timeLoss="6.45" rerouteNo="0" devices="vehroute_40 tripinfo_40" vType="Car" vaporized=""/>
    <tripinfo id="41" depart="183.00" departLane="1to2_0" departPos="4.60" departSpeed="0.00" departDelay="32.00" arrival="244.00" arrivalLane="2to3_0" arrivalPos="395.32" arrivalSpeed="13.90" duration="61.00" routeLength="745.40" waitSteps="0" timeLoss="6.45" rerouteNo="0" devices="vehroute_41 tripinfo_41" vType="Car" vaporized=""/>
    <tripinfo id="42" depart="187.00" departLane="1to2_0" departPos="4.60" departSpeed="0.00" departDelay="35.00" arrival="248.00" arrivalLane="2to3_0" arrivalPos="395.32" arrivalSpeed="13.90" duration="61.00" routeLength="745.40" waitSteps="0" timeLoss="6.45" rerouteNo="0" devices="vehroute_42 tripinfo_42" vType="Car" vaporized=""/>
    <tripinfo id="43" depart="191.00" departLane="1to2_0" departPos="4.60" departSpeed="0.00" departDelay="38.00" arrival="252.00" arrivalLane="2to3_0" arrivalPos="395.32" arrivalSpeed="13.90" duration="61.00" routeLength="745.40" waitSteps="0" timeLoss="6.45" rerouteNo="0" devices="vehroute_43 tripinfo_43" vType="Car" vaporized=""/>
    <tripinfo id="47" depart="207.00" departLane="1to2_0" departPos="4.60" departSpeed="0.00" departDelay="5.00" arrival="254.00" arrivalLane="2to4_0" arrivalPos="206.09" arrivalSpeed="13.90" duration="47.00" routeLength="555.83" waitSteps="0" timeLoss="6.45" rerouteNo="0" devices="vehroute_47 tripinfo_47" vType="Car" vaporized=""/>
    <tripinfo id="44" depart="195.00" departLane="1to2_0" departPos="4.60" departSpeed="0.00" departDelay="39.00" arrival="256.00" arrivalLane="2to3_0" arrivalPos="395.32" arrivalSpeed="13.90" duration="61.00" routeLength="745.40" waitSteps="0" timeLoss="6.45" rerouteNo="0" devices="vehroute_44 tripinfo_44" vType="Car" vaporized=""/>
    <tripinfo id="45" depart="199.00" departLane="1to2_0" departPos="4.60" departSpeed="0.00" departDelay="27.00" arrival="260.00" arrivalLane="2to3_0" arrivalPos="395.32" arrivalSpeed="13.90" duration="61.00" routeLength="745.40" waitSteps="0" timeLoss="6.45" rerouteNo="0" devices="vehroute_45 tripinfo_45" vType="Car" vaporized=""/>
    <tripinfo id="46" depart="203.00" departLane="1to2_0" departPos="4.60" departSpeed="0.00" departDelay="24.00" arrival="264.00" arrivalLane="2to3_0" arrivalPos="395.32" arrivalSpeed="13.90" duration="61.00" routeLength="745.40" waitSteps="0" timeLoss="6.45" rerouteNo="0" devices="vehroute_46 tripinfo_46" vType="Car" vaporized=""/>
    <tripinfo id="48" depart="211.00" departLane="1to2_0" departPos="4.60" departSpeed="0.00" departDelay="6.00" arrival="272.00" arrivalLane="2to3_0" arrivalPos="395.32" arrivalSpeed="13.90" duration="61.00" routeLength="745.40" waitSteps="0" timeLoss="6.45" rerouteNo="0" devices="vehroute_48 tripinfo_48" vType="Car" vaporized=""/>
    <tripinfo id="49" depart="215.00" departLane="1to2_0" departPos="4.60" departSpeed="0.00" departDelay="4.00" arrival="276.00" arrivalLane="2to3_0" arrivalPos="395.32" arrivalSpeed="13.90" duration="61.00" routeLength="745.40" waitSteps="0" timeLoss="6.45" rerouteNo="0" devices="vehroute_49 tripinfo_49" vType="Car" vaporized=""/>
    <tripinfo id="50" depart="219.00" departLane="1to2_0" departPos="4.60" departSpeed="0.00" departDelay="7.00" arrival="280.00" arrivalLane="2to3_0" arrivalPos="395.32" arrivalSpeed="13.90" duration="61.00" routeLength="745.40" waitSteps="0" timeLoss="6.45" rerouteNo="0" devices="vehroute_50 tripinfo_50" vType="Car" vaporized=""/>
    <tripinfo id="51" depart="223.00" departLane="1to2_0" departPos="4.60" departSpeed="0.00" departDelay="8.00" arrival="284.00" arrivalLane="2to3_0" arrivalPos="395.32" arrivalSpeed="13.90" duration="61.00" routeLength="745.40" waitSteps="0" timeLoss="6.45" rerouteNo="0" devices="vehroute_51 tripinfo_51" vType="Car" vaporized=""/>
    <tripinfo id="55" depart="239.00" departLane="1to2_0" departPos="4.60" departSpeed="0.00" departDelay="5.00" arrival="286.00" arrivalLane="2to4_0" arrivalPos="206.09" arrivalSpeed="13.90" duration="47.00" routeLength="555.83" waitSteps="0" timeLoss="6.45" rerouteNo="0" devices="vehroute_55 tripinfo_55" vType="Car" vaporized=""/>
    <tripinfo id="52" depart="227.00" departLane="1to2_0" departPos="4.60" departSpeed="0.00" departDelay="8.00" arrival="288.00" arrivalLane="2to3_0" arrivalPos="395.32" arrivalSpeed="13.90" duration="61.00" routeLength="745.40" waitSteps="0" timeLoss="6.45" rerouteNo="0" devices="vehroute_52 tripinfo_52" vType="Car" vaporized=""/>
    <tripinfo id="53" depart="231.00" departLane="1to2_0" departPos="4.60" departSpeed="0.00" departDelay="4.00" arrival="292.00" arrivalLane="2to3_0" arrivalPos="395.32" arrivalSpeed="13.90" duration="61.00" routeLength="745.40" waitSteps="0" timeLoss="6.45" rerouteNo="0" devices="vehroute_53 tripinfo_53" vType="Car" vaporized=""/>
    <tripinfo id="54" depart="235.00" departLane="1to2_0" departPos="4.60" departSpeed="0.00" departDelay="1.00" arrival="296.00" arrivalLane="2to3_0" arrivalPos="395.32" arrivalSpeed="13.90" duration="61.00" routeLength="745.40" waitSteps="0" timeLoss="6.45" rerouteNo="0" devices="vehroute_54 tripinfo_54" vType="Car" vaporized=""/>
    <tripinfo id="56" depart="243.00" departLane="1to2_0" departPos="4.60" departSpeed="0.00" departDelay="8.00" arrival="304.00" arrivalLane="2to3_0" arrivalPos="395.32" arrivalSpeed="13.90" duration="61.00" routeLength="745.40" waitSteps="0" timeLoss="6.45" rerouteNo="0" devices="vehroute_56 tripinfo_56" vType="Car" vaporized=""/>
    <tripinfo id="57" depart="247.00" departLane="1to2_0" departPos="4.60" departSpeed="0.00" departDelay="3.00" arrival="308.00" arrivalLane="2to3_0" arrivalPos="395.32" arrivalSpeed="13.90" duration="61.00" routeLength="745.40" waitSteps="0" timeLoss="6.45" rerouteNo="0" devices="vehroute_57 tripinfo_57" vType="Car" vaporized=""/>
    <tripinfo id="58" depart="251.00" departLane="1to2_0" departPos="4.60" departSpeed="0.00" departDelay="6.00" arrival="312.00" arrivalLane="2to3_0" arrivalPos="395.32" arrivalSpeed="13.90" duration="61.00" routeLength="745.40" waitSteps="0" timeLoss="6.45" rerouteNo="0" devices="vehroute_58 tripinfo_58" vType="Car" vaporized=""/>
    <tripinfo id="59" depart="255.00" departLane="1to2_0" departPos="4.60" departSpeed="0.00" departDelay="4.00" arrival="316.00" arrivalLane="2to3_0" arrivalPos="395.32" arrivalSpeed="13.90" duration="61.00" routeLength="745.40" waitSteps="0" timeLoss="6.45" rerouteNo="0" devices="vehroute_59 tripinfo_59" vType="Car" vaporized=""/>
    <tripinfo id="63" depart="271.00" departLane="1to2_0" departPos="4.60" departSpeed="0.00" departDelay="5.00" arrival="318.00" arrivalLane="2to4_0" arrivalPos="206.09" arrivalSpeed="13.90" duration="47.00" routeLength="555.83" waitSteps="0" timeLoss="6.45" rerouteNo="0" devices="vehroute_63 tripinfo_63" vType="Car" vaporized=""/>
    <tripinfo id="60" depart="259.00" departLane="1to2_0" departPos="4.60" departSpeed="0.00" departDelay="2.00" arrival="320.00" arrivalLane="2to3_0" arrivalPos="395.32" arrivalSpeed="13.90" duration="61.00" routeLength="745.40" waitSteps="0" timeLoss="6.45" rerouteNo="0" devices="vehroute_60 tripinfo_60" vType="Car" vaporized=""/>
    <tripinfo id="61" depart="263.00" departLane="1to2_0" departPos="4.60" departSpeed="0.00" departDelay="3.00" arrival="324.00" arrivalLane="2to3_0" arrivalPos="395.32" arrivalSpeed="13.90" duration="61.00" routeLength="745.40" waitSteps="0" timeLoss="6.45" rerouteNo="0" devices="vehroute_61 tripinfo_61" vType="Car" vaporized=""/>
    <tripinfo id="62" depart="267.00" departLane="1to2_0" departPos="4.60" departSpeed="0.00" departDelay="4.00" arrival="328.00" arrivalLane="2to3_0" arrivalPos="395.32" arrivalSpeed="13.90" duration="61.00" routeLength="745.40" waitSteps="0" timeLoss="6.45" rerouteNo="0" devices="vehroute_62 tripinfo_62" vType="Car" vaporized=""/>
    <tripinfo id="67" depart="287.00" departLane="1to2_0" departPos="4.60" departSpeed="0.00" departDelay="7.00" arrival="334.00" arrivalLane="2to4_0" arrivalPos="206.09" arrivalSpeed="13.90" duration="47.00" routeLength="555.83" waitSteps="0" timeLoss="6.45" rerouteNo="0" devices="vehroute_67 tripinfo_67" vType="Car" vaporized=""/>
    <tripinfo id="64" depart="275.00" departLane="1to2_0" departPos="4.60" departSpeed="0.00" departDelay="8.00" arrival="336.00" arrivalLane="2to3_0" arrivalPos="395.32" arrivalSpeed="13.90" duration="61.00" routeLength="745.40" waitSteps="0" timeLoss="6.45" rerouteNo="0" devices="vehroute_64 tripinfo_64" vType="Car" vaporized=""/>
    <tripinfo id="68" depart="291.00" departLane="1to2_0" departPos="4.60" departSpeed="0.00" departDelay="8.00" arrival="338.00" arrivalLane="2to4_0" arrivalPos="206.09" arrivalSpeed="13.90" duration="47.00" routeLength="555.83" waitSteps="0" timeLoss="6.45" rerouteNo="0" devices="vehroute_68 tripinfo_68" vType="Car" vaporized=""/>
    <tripinfo id="65" depart="279.00" departLane="1to2_0" departPos="4.60" departSpeed="0.00" departDelay="9.00" arrival="340.00" arrivalLane="2to3_0" arrivalPos="395.32" arrivalSpeed="13.90" duration="61.00" routeLength="745.40" waitSteps="0" timeLoss="6.45" rerouteNo="0" devices="vehroute_65 tripinfo_65" vType="Car" vaporized=""/>
    <tripinfo id="66" depart="283.00" departLane="1to2_0" departPos="4.60" departSpeed="0.00" departDelay="7.00" arrival="344.00" arrivalLane="2to3_0" arrivalPos="395.32" arrivalSpeed="13.90" duration="61.00" routeLength="745.40" waitSteps="0" timeLoss="6.45" rerouteNo="0" devices="vehroute_66 tripinfo_66" vType="Car" vaporized=""/>
    <tripinfo id="69" depart="295.00" departLane="1to2_0" departPos="4.60" departSpeed="0.00" departDelay="10.00" arrival="356.00" arrivalLane="2to3_0" arrivalPos="395.32" arrivalSpeed="13.90" duration="61.00" routeLength="745.40" waitSteps="0" timeLoss="6.45" rerouteNo="0" devices="vehroute_69 tripinfo_69" vType="Car" vaporized=""/>
    <tripinfo id="70" depart="299.00" departLane="1to2_0" departPos="4.60" departSpeed="0.00" departDelay="5.00" arrival="360.00" arrivalLane="2to3_0" arrivalPos="395.32" arrivalSpeed="13.90" duration="61.00" routeLength="745.40" waitSteps="0" timeLoss="6.45" rerouteNo="0" devices="vehroute_70 tripinfo_70" vType="Car" vaporized=""/>
    <tripinfo id="71" depart="303.00" departLane="1to2_0" departPos="4.60" departSpeed="0.00" departDelay="2.00" arrival="364.00" arrivalLane="2to3_0" arrivalPos="395.32" arrivalSpeed="13.90" duration="61.00" routeLength="745.40" waitSteps="0" timeLoss="6.45" rerouteNo="0" devices="vehroute_71 tripinfo_71" vType="Car" vaporized=""/>
    <tripinfo id="72" depart="307.00" departLane="1to2_0" departPos="4.60" departSpeed="0.00" departDelay="1.00" arrival="368.00" arrivalLane="2to3_0" arrivalPos="395.32" arrivalSpeed="13.90" duration="61.00" routeLength="745.40" waitSteps="0" timeLoss="6.45" rerouteNo="0" devices="vehroute_72 tripinfo_72" vType="Car" vaporized=""/>
    <tripinfo id="73" depart="311.00" departLane="1to2_0" departPos="4.60" departSpeed="0.00" departDelay="4.00" arrival="372.00" arrivalLane="2to3_0" arrivalPos="395.32" arrivalSpeed="13.90" duration="61.00" routeLength="745.40" waitSteps="0" timeLoss="6.45" rerouteNo="0" devices="vehroute_73 tripinfo_73" vType="Car" vaporized=""/>
    <tripinfo id="74" depart="325.00" departLane="1to2_0" departPos="4.60" departSpeed="0.00" departDelay="0.00" arrival="386.00" arrivalLane="2to3_0" arrivalPos="395.32" arrivalSpeed="13.90" duration="61.00" routeLength="745.40" waitSteps="0" timeLoss="6.45" rerouteNo="0" devices="vehroute_74 tripinfo_74" vType="Car" vaporized=""/>
    <tripinfo id="78" depart="341.00" departLane="1to2_0" departPos="4.60" departSpeed="0.00" departDelay="2.00" arrival="388.00" arrivalLane="2to4_0" arrivalPos="206.09" arrivalSpeed="13.90" duration="47.00" routeLength="555.83" waitSteps="0" timeLoss="6.45" rerouteNo="0" devices="vehroute_78 tripinfo_78" vType="Car" vaporized=""/>
    <tripinfo id="75" depart="329.00" departLane="1to2_0" departPos="4.60" departSpeed="0.00" departDelay="3.00" arrival="390.00" arrivalLane="2to3_0" arrivalPos="395.32" arrivalSpeed="13.90" duration="61.00" routeLength="745.40" waitSteps="0" timeLoss="6.45" rerouteNo="0" devices="vehroute_75 tripinfo_75" vType="Car" vaporized=""/>
    <tripinfo id="76" depart="333.00" departLane="1to2_0" departPos="4.60" departSpeed="0.00" departDelay="3.00" arrival="394.00" arrivalLane="2to3_0" arrivalPos="395.32" arrivalSpeed="13.90" duration="61.00" routeLength="745.40" waitSteps="0" timeLoss="6.45" rerouteNo="0" devices="vehroute_76 tripinfo_76" vType="Car" vaporized=""/>
    <tripinfo id="77" depart="337.00" departLane="1to2_0" departPos="4.60" departSpeed="0.00" departDelay="4.00" arrival="398.00" arrivalLane="2to3_0" arrivalPos="395.32" arrivalSpeed="13.90" duration="61.00" routeLength="745.40" waitSteps="0" timeLoss="6.45" rerouteNo="0" devices="vehroute_77 tripinfo_77" vType="Car" vaporized=""/>
    <tripinfo id="79" depart="347.00" departLane="1to2_0" departPos="4.60" departSpeed="0.00" departDelay="0.00" arrival="408.00" arrivalLane="2to3_0" arrivalPos="395.32" arrivalSpeed="13.90" duration="61.00" routeLength="745.40" waitSteps="0" timeLoss="6.45" rerouteNo="0" devices="vehroute_79 tripinfo_79" vType="Car" vaporized=""/>
    <tripinfo id="83" depart="363.00" departLane="1to2_0" departPos="4.60" departSpeed="0.00" departDelay="3.00" arrival="410.00" arrivalLane="2to4_0" arrivalPos="206.09" arrivalSpeed="13.90" duration="47.00" routeLength="555.83" waitSteps="0" timeLoss="6.45" rerouteNo="0" devices="vehroute_83 tripinfo_83" vType="Car" vaporized=""/>
    <tripinfo id="80" depart="351.00" departLane="1to2_0" departPos="4.60" departSpeed="0.00" departDelay="3.00" arrival="412.00" arrivalLane="2to3_0" arrivalPos="395.32" arrivalSpeed="13.90" duration="61.00" routeLength="745.40" waitSteps="0" timeLoss="6.45" rerouteNo="0" devices="vehroute_80 tripinfo_80" vType="Car" vaporized=""/>
    <tripinfo id="81" depart="355.00" departLane="1to2_0" departPos="4.60" departSpeed="0.00" departDelay="3.00" arrival="416.00" arrivalLane="2to3_0" arrivalPos="395.32" arrivalSpeed="13.90" duration="61.00" routeLength="745.40" waitSteps="0" timeLoss="6.45" rerouteNo="0" devices="vehroute_81 tripinfo_81" vType="Car" vaporized=""/>
    <tripinfo id="82" depart="359.00" departLane="1to2_0" departPos="4.60" departSpeed="0.00" departDelay="6.00" arrival="420.00" arrivalLane="2to3_0" arrivalPos="395.32" arrivalSpeed="13.90" duration="61.00" routeLength="745.40" waitSteps="0" timeLoss="6.45" rerouteNo="0" devices="vehroute_82 tripinfo_82" vType="Car" vaporized=""/>
    <tripinfo id="86" depart="375.00" departLane="1to2_0" departPos="4.60" departSpeed="0.00" departDelay="5.00" arrival="422.00" arrivalLane="2to4_0" arrivalPos="206.09" arrivalSpeed="13.90" duration="47.00" routeLength="555.83" waitSteps="0" timeLoss="6.45" rerouteNo="0" devices="vehroute_86 tripinfo_86" vType="Car" vaporized=""/>
    <tripinfo id="84" depart="367.00" departLane="1to2_0" departPos="4.60" departSpeed="0.00" departDelay="4.00" arrival="428.00" arrivalLane="2to3_0" arrivalPos="395.32" arrivalSpeed="13.90" duration="61.00" routeLength="745.40" waitSteps="0" timeLoss="6.45" rerouteNo="0" devices="vehroute_84 tripinfo_84" vType="Car" vaporized=""/>
    <tripinfo id="85" depart="371.00" departLane="1to2_0" departPos="4.60" departSpeed="0.00" departDelay="5.00" arrival="432.00" arrivalLane="2to3_0" arrivalPos="395.32" arrivalSpeed="13.90" duration="61.00" routeLength="745.40" waitSteps="0" timeLoss="6.45" rerouteNo="0" devices="vehroute_85 tripinfo_85" vType="Car" vaporized=""/>
    <tripinfo id="87" depart="379.00" departLane="1to2_0" departPos="4.60" departSpeed="0.00" departDelay="3.00" arrival="440.00" arrivalLane="2to3_0" arrivalPos="395.32" arrivalSpeed="13.90" duration="61.00" routeLength="745.40" waitSteps="0" timeLoss="6.45" rerouteNo="0" devices="vehroute_87 tripinfo_87" vType="Car" vaporized=""/>
    <tripinfo id="88" depart="383.00" departLane="1to2_0" departPos="4.60" departSpeed="0.00" departDelay="3.00" arrival="444.00" arrivalLane="2to3_0" arrivalPos="395.32" arrivalSpeed="13.90" duration="61.00" routeLength="745.40" waitSteps="0" timeLoss="6.45" rerouteNo="0" devices="vehroute_88 tripinfo_88" vType="Car" vaporized=""/>
    <tripinfo id="89" depart="387.00" departLane="1to2_0" departPos="4.60" departSpeed="0.00" departDelay="5.00" arrival="448.00" arrivalLane="2to3_0" arrivalPos="395.32" arrivalSpeed="13.90" duration="61.00" routeLength="745.40" waitSteps="0" timeLoss="6.45" rerouteNo="0" devices="vehroute_89 tripinfo_89" vType="Car" vaporized=""/>
    <tripinfo id="91" depart="401.00" departLane="1to2_0" departPos="4.60" departSpeed="0.00" departDelay="0.00" arrival="448.00" arrivalLane="2to4_0" arrivalPos="206.09" arrivalSpeed="13.90" duration="47.00" routeLength="555.83" waitSteps="0" timeLoss="6.45" rerouteNo="0" devices="vehroute_91 tripinfo_91" vType="Car" vaporized=""/>
    <tripinfo id="90" depart="391.00" departLane="1to2_0" departPos="4.60" departSpeed="0.00" departDelay="1.00" arrival="452.00" arrivalLane="2to3_0" arrivalPos="395.32" arrivalSpeed="13.90" duration="61.00" routeLength="745.40" waitSteps="0" timeLoss="6.45" rerouteNo="0" devices="vehroute_90 tripinfo_90" vType="Car" vaporized=""/>
    <tripinfo id="95" depart="417.00" departLane="1to2_0" departPos="4.60" departSpeed="0.00" departDelay="4.00" arrival="464.00" arrivalLane="2to4_0" arrivalPos="206.09" arrivalSpeed="13.90" duration="47.00" routeLength="555.83" waitSteps="0" timeLoss="6.45" rerouteNo="0" devices="vehroute_95 tripinfo_95" vType="Car" vaporized=""/>
    <tripinfo id="92" depart="405.00" departLane="1to2_0" departPos="4.60" departSpeed="0.00" departDelay="1.00" arrival="466.00" arrivalLane="2to3_0" arrivalPos="395.32" arrivalSpeed="13.90" duration="61.00" routeLength="745.40" waitSteps="0" timeLoss="6.45" rerouteNo="0" devices="vehroute_92 tripinfo_92" vType="Car" vaporized=""/>
    <tripinfo id="93" depart="409.00" departLane="1to2_0" departPos="4.60" departSpeed="0.00" departDelay="4.00" arrival="470.00" arrivalLane="2to3_0" arrivalPos="395.32" arrivalSpeed="13.90" duration="61.00" routeLength="745.40" waitSteps="0" timeLoss="6.45" rerouteNo="0" devices="vehroute_93 tripinfo_93" vType="Car" vaporized=""/>
    <tripinfo id="94" depart="413.00" departLane="1to2_0" departPos="4.60" departSpeed="0.00" departDelay="0.00" arrival="474.00" arrivalLane="2to3_0" arrivalPos="395.32" arrivalSpeed="13.90" duration="61.00" routeLength="745.40" waitSteps="0" timeLoss="6.45" rerouteNo="0" devices="vehroute_94 tripinfo_94" vType="Car" vaporized=""/>
</tripinfos>
