<?xml version="1.0" encoding="UTF-8"?>

<!-- generated on 10/19/2016 8:36:53 PM by SUMO gui Version 0.27.0
<?xml version="1.0" encoding="UTF-8"?>

<configuration xmlns:xsi="http://www.w3.org/2001/XMLSchema-instance" xsi:noNamespaceSchemaLocation="http://sumo.dlr.de/xsd/sumo-gui.exeConfiguration.xsd">

    <input>
        <net-file value="hello.net.xml"/>
        <route-files value="hello.rou.xml"/>
    </input>

    <output>
        <tripinfo-output value="tripinfo.xml"/>
        <vehroute-output value="vehroutes.xml"/>
    </output>

    <report>
        <xml-validation value="never"/>
        <duration-log.disable value="true"/>
        <no-step-log value="true"/>
    </report>

    <traci_server>
        <remote-port value="8813"/>
    </traci_server>

</configuration>
-->

<routes xmlns:xsi="http://www.w3.org/2001/XMLSchema-instance" xsi:noNamespaceSchemaLocation="http://sumo.dlr.de/xsd/routes_file.xsd">
    <vehicle id="4" type="Car" depart="35.00" arrival="82.00">
        <routeDistribution>
            <route replacedOnEdge="1to2" replacedAtTime="65.00" probability="0" edges="1to2 2to3"/>
            <route edges="1to2 2to4"/>
        </routeDistribution>
    </vehicle>

    <vehicle id="5" type="Car" depart="39.00" arrival="86.00">
        <routeDistribution>
            <route replacedOnEdge="1to2" replacedAtTime="65.00" probability="0" edges="1to2 2to3"/>
            <route edges="1to2 2to4"/>
        </routeDistribution>
    </vehicle>

    <vehicle id="6" type="Car" depart="43.00" arrival="90.00">
        <route edges="1to2 2to4"/>
    </vehicle>

    <vehicle id="0" type="Car" depart="1.00" arrival="100.00">
        <route edges="1to2 2to3"/>
    </vehicle>

    <vehicle id="1" type="Car" depart="3.00" arrival="101.00">
        <route edges="1to2 2to3"/>
    </vehicle>

    <vehicle id="2" type="Car" depart="5.00" arrival="103.00">
        <route edges="1to2 2to3"/>
    </vehicle>

    <vehicle id="3" type="Car" depart="31.00" arrival="104.00">
        <route edges="1to2 2to3"/>
    </vehicle>

    <vehicle id="10" type="Car" depart="59.00" arrival="106.00">
        <route edges="1to2 2to4"/>
    </vehicle>

    <vehicle id="7" type="Car" depart="47.00" arrival="108.00">
        <route edges="1to2 2to3"/>
    </vehicle>

    <vehicle id="8" type="Car" depart="51.00" arrival="112.00">
        <route edges="1to2 2to3"/>
    </vehicle>

    <vehicle id="9" type="Car" depart="55.00" arrival="116.00">
        <route edges="1to2 2to3"/>
    </vehicle>

    <vehicle id="11" type="Car" depart="63.00" arrival="124.00">
        <route edges="1to2 2to3"/>
    </vehicle>

    <vehicle id="12" type="Car" depart="67.00" arrival="128.00">
        <route edges="1to2 2to3"/>
    </vehicle>

    <vehicle id="16" type="Car" depart="83.00" arrival="130.00">
        <route edges="1to2 2to4"/>
    </vehicle>

    <vehicle id="13" type="Car" depart="71.00" arrival="132.00">
        <route edges="1to2 2to3"/>
    </vehicle>

    <vehicle id="14" type="Car" depart="75.00" arrival="136.00">
        <route edges="1to2 2to3"/>
    </vehicle>

    <vehicle id="15" type="Car" depart="79.00" arrival="140.00">
        <route edges="1to2 2to3"/>
    </vehicle>

    <vehicle id="17" type="Car" depart="87.00" arrival="148.00">
        <route edges="1to2 2to3"/>
    </vehicle>

    <vehicle id="21" type="Car" depart="103.00" arrival="150.00">
        <route edges="1to2 2to4"/>
    </vehicle>

    <vehicle id="18" type="Car" depart="91.00" arrival="152.00">
        <route edges="1to2 2to3"/>
    </vehicle>

    <vehicle id="19" type="Car" depart="95.00" arrival="156.00">
        <route edges="1to2 2to3"/>
    </vehicle>

    <vehicle id="23" type="Car" depart="111.00" arrival="158.00">
        <route edges="1to2 2to4"/>
    </vehicle>

    <vehicle id="20" type="Car" depart="99.00" arrival="160.00">
        <route edges="1to2 2to3"/>
    </vehicle>

    <vehicle id="25" type="Car" depart="119.00" arrival="166.00">
        <route edges="1to2 2to4"/>
    </vehicle>

    <vehicle id="22" type="Car" depart="107.00" arrival="168.00">
        <route edges="1to2 2to3"/>
    </vehicle>

    <vehicle id="24" type="Car" depart="115.00" arrival="176.00">
        <route edges="1to2 2to3"/>
    </vehicle>

    <vehicle id="26" type="Car" depart="123.00" arrival="184.00">
        <route edges="1to2 2to3"/>
    </vehicle>

    <vehicle id="27" type="Car" depart="127.00" arrival="188.00">
        <route edges="1to2 2to3"/>
    </vehicle>

    <vehicle id="31" type="Car" depart="143.00" arrival="190.00">
        <route edges="1to2 2to4"/>
    </vehicle>

    <vehicle id="28" type="Car" depart="131.00" arrival="192.00">
        <route edges="1to2 2to3"/>
    </vehicle>

    <vehicle id="29" type="Car" depart="135.00" arrival="196.00">
        <route edges="1to2 2to3"/>
    </vehicle>

    <vehicle id="30" type="Car" depart="139.00" arrival="200.00">
        <route edges="1to2 2to3"/>
    </vehicle>

    <vehicle id="34" type="Car" depart="155.00" arrival="202.00">
        <route edges="1to2 2to4"/>
    </vehicle>

    <vehicle id="35" type="Car" depart="159.00" arrival="206.00">
        <route edges="1to2 2to4"/>
    </vehicle>

    <vehicle id="32" type="Car" depart="147.00" arrival="208.00">
        <route edges="1to2 2to3"/>
    </vehicle>

    <vehicle id="33" type="Car" depart="151.00" arrival="212.00">
        <route edges="1to2 2to3"/>
    </vehicle>

    <vehicle id="36" type="Car" depart="163.00" arrival="224.00">
        <route edges="1to2 2to3"/>
    </vehicle>

    <vehicle id="37" type="Car" depart="167.00" arrival="228.00">
        <route edges="1to2 2to3"/>
    </vehicle>

    <vehicle id="38" type="Car" depart="171.00" arrival="232.00">
        <route edges="1to2 2to3"/>
    </vehicle>

    <vehicle id="39" type="Car" depart="175.00" arrival="236.00">
        <route edges="1to2 2to3"/>
    </vehicle>

    <vehicle id="40" type="Car" depart="179.00" arrival="240.00">
        <route edges="1to2 2to3"/>
    </vehicle>

    <vehicle id="41" type="Car" depart="183.00" arrival="244.00">
        <route edges="1to2 2to3"/>
    </vehicle>

    <vehicle id="42" type="Car" depart="187.00" arrival="248.00">
        <route edges="1to2 2to3"/>
    </vehicle>

    <vehicle id="43" type="Car" depart="191.00" arrival="252.00">
        <route edges="1to2 2to3"/>
    </vehicle>

    <vehicle id="47" type="Car" depart="207.00" arrival="254.00">
        <route edges="1to2 2to4"/>
    </vehicle>

    <vehicle id="44" type="Car" depart="195.00" arrival="256.00">
        <route edges="1to2 2to3"/>
    </vehicle>

    <vehicle id="45" type="Car" depart="199.00" arrival="260.00">
        <route edges="1to2 2to3"/>
    </vehicle>

    <vehicle id="46" type="Car" depart="203.00" arrival="264.00">
        <route edges="1to2 2to3"/>
    </vehicle>

    <vehicle id="48" type="Car" depart="211.00" arrival="272.00">
        <route edges="1to2 2to3"/>
    </vehicle>

    <vehicle id="49" type="Car" depart="215.00" arrival="276.00">
        <route edges="1to2 2to3"/>
    </vehicle>

    <vehicle id="50" type="Car" depart="219.00" arrival="280.00">
        <route edges="1to2 2to3"/>
    </vehicle>

    <vehicle id="51" type="Car" depart="223.00" arrival="284.00">
        <route edges="1to2 2to3"/>
    </vehicle>

    <vehicle id="55" type="Car" depart="239.00" arrival="286.00">
        <route edges="1to2 2to4"/>
    </vehicle>

    <vehicle id="52" type="Car" depart="227.00" arrival="288.00">
        <route edges="1to2 2to3"/>
    </vehicle>

    <vehicle id="53" type="Car" depart="231.00" arrival="292.00">
        <route edges="1to2 2to3"/>
    </vehicle>

    <vehicle id="54" type="Car" depart="235.00" arrival="296.00">
        <route edges="1to2 2to3"/>
    </vehicle>

    <vehicle id="56" type="Car" depart="243.00" arrival="304.00">
        <route edges="1to2 2to3"/>
    </vehicle>

    <vehicle id="57" type="Car" depart="247.00" arrival="308.00">
        <route edges="1to2 2to3"/>
    </vehicle>

    <vehicle id="58" type="Car" depart="251.00" arrival="312.00">
        <route edges="1to2 2to3"/>
    </vehicle>

    <vehicle id="59" type="Car" depart="255.00" arrival="316.00">
        <route edges="1to2 2to3"/>
    </vehicle>

    <vehicle id="63" type="Car" depart="271.00" arrival="318.00">
        <route edges="1to2 2to4"/>
    </vehicle>

    <vehicle id="60" type="Car" depart="259.00" arrival="320.00">
        <route edges="1to2 2to3"/>
    </vehicle>

    <vehicle id="61" type="Car" depart="263.00" arrival="324.00">
        <route edges="1to2 2to3"/>
    </vehicle>

    <vehicle id="62" type="Car" depart="267.00" arrival="328.00">
        <route edges="1to2 2to3"/>
    </vehicle>

    <vehicle id="67" type="Car" depart="287.00" arrival="334.00">
        <route edges="1to2 2to4"/>
    </vehicle>

    <vehicle id="64" type="Car" depart="275.00" arrival="336.00">
        <route edges="1to2 2to3"/>
    </vehicle>

    <vehicle id="68" type="Car" depart="291.00" arrival="338.00">
        <route edges="1to2 2to4"/>
    </vehicle>

    <vehicle id="65" type="Car" depart="279.00" arrival="340.00">
        <route edges="1to2 2to3"/>
    </vehicle>

    <vehicle id="66" type="Car" depart="283.00" arrival="344.00">
        <route edges="1to2 2to3"/>
    </vehicle>

    <vehicle id="69" type="Car" depart="295.00" arrival="356.00">
        <route edges="1to2 2to3"/>
    </vehicle>

    <vehicle id="70" type="Car" depart="299.00" arrival="360.00">
        <route edges="1to2 2to3"/>
    </vehicle>

    <vehicle id="71" type="Car" depart="303.00" arrival="364.00">
        <route edges="1to2 2to3"/>
    </vehicle>

    <vehicle id="72" type="Car" depart="307.00" arrival="368.00">
        <route edges="1to2 2to3"/>
    </vehicle>

    <vehicle id="73" type="Car" depart="311.00" arrival="372.00">
        <route edges="1to2 2to3"/>
    </vehicle>

    <vehicle id="74" type="Car" depart="325.00" arrival="386.00">
        <route edges="1to2 2to3"/>
    </vehicle>

    <vehicle id="78" type="Car" depart="341.00" arrival="388.00">
        <route edges="1to2 2to4"/>
    </vehicle>

    <vehicle id="75" type="Car" depart="329.00" arrival="390.00">
        <route edges="1to2 2to3"/>
    </vehicle>

    <vehicle id="76" type="Car" depart="333.00" arrival="394.00">
        <route edges="1to2 2to3"/>
    </vehicle>

    <vehicle id="77" type="Car" depart="337.00" arrival="398.00">
        <route edges="1to2 2to3"/>
    </vehicle>

    <vehicle id="79" type="Car" depart="347.00" arrival="408.00">
        <route edges="1to2 2to3"/>
    </vehicle>

    <vehicle id="83" type="Car" depart="363.00" arrival="410.00">
        <route edges="1to2 2to4"/>
    </vehicle>

    <vehicle id="80" type="Car" depart="351.00" arrival="412.00">
        <route edges="1to2 2to3"/>
    </vehicle>

    <vehicle id="81" type="Car" depart="355.00" arrival="416.00">
        <route edges="1to2 2to3"/>
    </vehicle>

    <vehicle id="82" type="Car" depart="359.00" arrival="420.00">
        <route edges="1to2 2to3"/>
    </vehicle>

    <vehicle id="86" type="Car" depart="375.00" arrival="422.00">
        <route edges="1to2 2to4"/>
    </vehicle>

    <vehicle id="84" type="Car" depart="367.00" arrival="428.00">
        <route edges="1to2 2to3"/>
    </vehicle>

    <vehicle id="85" type="Car" depart="371.00" arrival="432.00">
        <route edges="1to2 2to3"/>
    </vehicle>

    <vehicle id="87" type="Car" depart="379.00" arrival="440.00">
        <route edges="1to2 2to3"/>
    </vehicle>

    <vehicle id="88" type="Car" depart="383.00" arrival="444.00">
        <route edges="1to2 2to3"/>
    </vehicle>

    <vehicle id="89" type="Car" depart="387.00" arrival="448.00">
        <route edges="1to2 2to3"/>
    </vehicle>

    <vehicle id="91" type="Car" depart="401.00" arrival="448.00">
        <route edges="1to2 2to4"/>
    </vehicle>

    <vehicle id="90" type="Car" depart="391.00" arrival="452.00">
        <route edges="1to2 2to3"/>
    </vehicle>

    <vehicle id="95" type="Car" depart="417.00" arrival="464.00">
        <route edges="1to2 2to4"/>
    </vehicle>

    <vehicle id="92" type="Car" depart="405.00" arrival="466.00">
        <route edges="1to2 2to3"/>
    </vehicle>

    <vehicle id="93" type="Car" depart="409.00" arrival="470.00">
        <route edges="1to2 2to3"/>
    </vehicle>

    <vehicle id="94" type="Car" depart="413.00" arrival="474.00">
        <route edges="1to2 2to3"/>
    </vehicle>

</routes>
