<?xml version="1.0" encoding="UTF-8"?>

<!-- generated on 10/13/2016 10:52:06 PM by SUMO gui Version 0.27.0
<?xml version="1.0" encoding="UTF-8"?>

<configuration xmlns:xsi="http://www.w3.org/2001/XMLSchema-instance" xsi:noNamespaceSchemaLocation="http://sumo.dlr.de/xsd/sumo-gui.exeConfiguration.xsd">

    <input>
        <net-file value="hello.net.xml"/>
        <route-files value="hello.rou.xml"/>
    </input>

    <output>
        <tripinfo-output value="tripinfo.xml"/>
        <vehroute-output value="vehroutes.xml"/>
    </output>

    <report>
        <xml-validation value="never"/>
        <duration-log.disable value="true"/>
        <no-step-log value="true"/>
    </report>

    <traci_server>
        <remote-port value="8813"/>
    </traci_server>

</configuration>
-->

<tripinfos xmlns:xsi="http://www.w3.org/2001/XMLSchema-instance" xsi:noNamespaceSchemaLocation="http://sumo.dlr.de/xsd/tripinfo_file.xsd">
    <tripinfo id="1" depart="3.00" departLane="1to2_0" departPos="4.60" departSpeed="0.00" departDelay="0.00" arrival="50.00" arrivalLane="2to4_0" arrivalPos="206.09" arrivalSpeed="13.90" duration="47.00" routeLength="555.83" waitSteps="0" timeLoss="6.45" rerouteNo="0" devices="vehroute_1 tripinfo_1" vType="Car" vaporized=""/>
    <tripinfo id="2" depart="7.00" departLane="1to2_0" departPos="4.60" departSpeed="0.00" departDelay="2.00" arrival="54.00" arrivalLane="2to4_0" arrivalPos="206.09" arrivalSpeed="13.90" duration="47.00" routeLength="555.83" waitSteps="0" timeLoss="6.45" rerouteNo="0" devices="vehroute_2 tripinfo_2" vType="Car" vaporized=""/>
    <tripinfo id="4" depart="15.00" departLane="1to2_0" departPos="4.60" departSpeed="0.00" departDelay="5.00" arrival="62.00" arrivalLane="2to4_0" arrivalPos="206.09" arrivalSpeed="13.90" duration="47.00" routeLength="555.83" waitSteps="0" timeLoss="6.45" rerouteNo="0" devices="vehroute_4 tripinfo_4" vType="Car" vaporized=""/>
    <tripinfo id="6" depart="23.00" departLane="1to2_0" departPos="4.60" departSpeed="0.00" departDelay="2.00" arrival="70.00" arrivalLane="2to4_0" arrivalPos="206.09" arrivalSpeed="13.90" duration="47.00" routeLength="555.83" waitSteps="0" timeLoss="6.45" rerouteNo="0" devices="vehroute_6 tripinfo_6" vType="Car" vaporized=""/>
    <tripinfo id="11" depart="43.00" departLane="1to2_0" departPos="4.60" departSpeed="0.00" departDelay="9.00" arrival="90.00" arrivalLane="2to4_0" arrivalPos="206.09" arrivalSpeed="13.90" duration="47.00" routeLength="555.83" waitSteps="0" timeLoss="6.45" rerouteNo="0" devices="vehroute_11 tripinfo_11" vType="Car" vaporized=""/>
    <tripinfo id="13" depart="51.00" departLane="1to2_0" departPos="4.60" departSpeed="0.00" departDelay="6.00" arrival="98.00" arrivalLane="2to4_0" arrivalPos="206.09" arrivalSpeed="13.90" duration="47.00" routeLength="555.83" waitSteps="0" timeLoss="6.45" rerouteNo="0" devices="vehroute_13 tripinfo_13" vType="Car" vaporized=""/>
    <tripinfo id="19" depart="75.00" departLane="1to2_0" departPos="4.60" departSpeed="0.00" departDelay="11.00" arrival="122.00" arrivalLane="2to4_0" arrivalPos="206.09" arrivalSpeed="13.90" duration="47.00" routeLength="555.83" waitSteps="0" timeLoss="6.45" rerouteNo="1" devices="vehroute_19 tripinfo_19" vType="Car" vaporized=""/>
    <tripinfo id="20" depart="79.00" departLane="1to2_0" departPos="4.60" departSpeed="0.00" departDelay="11.00" arrival="126.00" arrivalLane="2to4_0" arrivalPos="206.09" arrivalSpeed="13.90" duration="47.00" routeLength="555.83" waitSteps="0" timeLoss="6.45" rerouteNo="1" devices="vehroute_20 tripinfo_20" vType="Car" vaporized=""/>
    <tripinfo id="21" depart="83.00" departLane="1to2_0" departPos="4.60" departSpeed="0.00" departDelay="14.00" arrival="130.00" arrivalLane="2to4_0" arrivalPos="206.09" arrivalSpeed="13.90" duration="47.00" routeLength="555.83" waitSteps="0" timeLoss="6.45" rerouteNo="1" devices="vehroute_21 tripinfo_21" vType="Car" vaporized=""/>
    <tripinfo id="22" depart="87.00" departLane="1to2_0" departPos="4.60" departSpeed="0.00" departDelay="9.00" arrival="134.00" arrivalLane="2to4_0" arrivalPos="206.09" arrivalSpeed="13.90" duration="47.00" routeLength="555.83" waitSteps="0" timeLoss="6.45" rerouteNo="1" devices="vehroute_22 tripinfo_22" vType="Car" vaporized=""/>
    <tripinfo id="23" depart="91.00" departLane="1to2_0" departPos="4.60" departSpeed="0.00" departDelay="10.00" arrival="138.00" arrivalLane="2to4_0" arrivalPos="206.09" arrivalSpeed="13.90" duration="47.00" routeLength="555.83" waitSteps="0" timeLoss="6.45" rerouteNo="1" devices="vehroute_23 tripinfo_23" vType="Car" vaporized=""/>
    <tripinfo id="24" depart="95.00" departLane="1to2_0" departPos="4.60" departSpeed="0.00" departDelay="6.00" arrival="142.00" arrivalLane="2to4_0" arrivalPos="206.09" arrivalSpeed="13.90" duration="47.00" routeLength="555.83" waitSteps="0" timeLoss="6.45" rerouteNo="1" devices="vehroute_24 tripinfo_24" vType="Car" vaporized=""/>
    <tripinfo id="25" depart="99.00" departLane="1to2_0" departPos="4.60" departSpeed="0.00" departDelay="4.00" arrival="146.00" arrivalLane="2to4_0" arrivalPos="206.09" arrivalSpeed="13.90" duration="47.00" routeLength="555.83" waitSteps="0" timeLoss="6.45" rerouteNo="1" devices="vehroute_25 tripinfo_25" vType="Car" vaporized=""/>
    <tripinfo id="27" depart="114.00" departLane="1to2_0" departPos="4.60" departSpeed="0.00" departDelay="1.00" arrival="161.00" arrivalLane="2to4_0" arrivalPos="206.09" arrivalSpeed="13.90" duration="47.00" routeLength="555.83" waitSteps="0" timeLoss="6.45" rerouteNo="1" devices="vehroute_27 tripinfo_27" vType="Car" vaporized=""/>
    <tripinfo id="28" depart="118.00" departLane="1to2_0" departPos="4.60" departSpeed="0.00" departDelay="3.00" arrival="165.00" arrivalLane="2to4_0" arrivalPos="206.09" arrivalSpeed="13.90" duration="47.00" routeLength="555.83" waitSteps="0" timeLoss="6.45" rerouteNo="1" devices="vehroute_28 tripinfo_28" vType="Car" vaporized=""/>
    <tripinfo id="31" depart="131.00" departLane="1to2_0" departPos="4.60" departSpeed="0.00" departDelay="2.00" arrival="178.00" arrivalLane="2to4_0" arrivalPos="206.09" arrivalSpeed="13.90" duration="47.00" routeLength="555.83" waitSteps="0" timeLoss="6.45" rerouteNo="1" devices="vehroute_31 tripinfo_31" vType="Car" vaporized=""/>
    <tripinfo id="32" depart="135.00" departLane="1to2_0" departPos="4.60" departSpeed="0.00" departDelay="0.00" arrival="182.00" arrivalLane="2to4_0" arrivalPos="206.09" arrivalSpeed="13.90" duration="47.00" routeLength="555.83" waitSteps="0" timeLoss="6.45" rerouteNo="0" devices="vehroute_32 tripinfo_32" vType="Car" vaporized=""/>
    <tripinfo id="33" depart="139.00" departLane="1to2_0" departPos="4.60" departSpeed="0.00" departDelay="1.00" arrival="186.00" arrivalLane="2to4_0" arrivalPos="206.09" arrivalSpeed="13.90" duration="47.00" routeLength="555.83" waitSteps="0" timeLoss="6.45" rerouteNo="1" devices="vehroute_33 tripinfo_33" vType="Car" vaporized=""/>
    <tripinfo id="34" depart="143.00" departLane="1to2_0" departPos="4.60" departSpeed="0.00" departDelay="4.00" arrival="190.00" arrivalLane="2to4_0" arrivalPos="206.09" arrivalSpeed="13.90" duration="47.00" routeLength="555.83" waitSteps="0" timeLoss="6.45" rerouteNo="1" devices="vehroute_34 tripinfo_34" vType="Car" vaporized=""/>
    <tripinfo id="35" depart="147.00" departLane="1to2_0" departPos="4.60" departSpeed="0.00" departDelay="1.00" arrival="194.00" arrivalLane="2to4_0" arrivalPos="206.09" arrivalSpeed="13.90" duration="47.00" routeLength="555.83" waitSteps="0" timeLoss="6.45" rerouteNo="1" devices="vehroute_35 tripinfo_35" vType="Car" vaporized=""/>
    <tripinfo id="36" depart="151.00" departLane="1to2_0" departPos="4.60" departSpeed="0.00" departDelay="2.00" arrival="198.00" arrivalLane="2to4_0" arrivalPos="206.09" arrivalSpeed="13.90" duration="47.00" routeLength="555.83" waitSteps="0" timeLoss="6.45" rerouteNo="0" devices="vehroute_36 tripinfo_36" vType="Car" vaporized=""/>
    <tripinfo id="37" depart="155.00" departLane="1to2_0" departPos="4.60" departSpeed="0.00" departDelay="5.00" arrival="202.00" arrivalLane="2to4_0" arrivalPos="206.09" arrivalSpeed="13.90" duration="47.00" routeLength="555.83" waitSteps="0" timeLoss="6.45" rerouteNo="1" devices="vehroute_37 tripinfo_37" vType="Car" vaporized=""/>
    <tripinfo id="42" depart="180.00" departLane="1to2_0" departPos="4.60" departSpeed="0.00" departDelay="0.00" arrival="227.00" arrivalLane="2to4_0" arrivalPos="206.09" arrivalSpeed="13.90" duration="47.00" routeLength="555.83" waitSteps="0" timeLoss="6.45" rerouteNo="1" devices="vehroute_42 tripinfo_42" vType="Car" vaporized=""/>
    <tripinfo id="43" depart="185.00" departLane="1to2_0" departPos="4.60" departSpeed="0.00" departDelay="0.00" arrival="232.00" arrivalLane="2to4_0" arrivalPos="206.09" arrivalSpeed="13.90" duration="47.00" routeLength="555.83" waitSteps="0" timeLoss="6.45" rerouteNo="1" devices="vehroute_43 tripinfo_43" vType="Car" vaporized=""/>
    <tripinfo id="44" depart="194.00" departLane="1to2_0" departPos="4.60" departSpeed="0.00" departDelay="0.00" arrival="241.00" arrivalLane="2to4_0" arrivalPos="206.09" arrivalSpeed="13.90" duration="47.00" routeLength="555.83" waitSteps="0" timeLoss="6.45" rerouteNo="1" devices="vehroute_44 tripinfo_44" vType="Car" vaporized=""/>
    <tripinfo id="46" depart="204.00" departLane="1to2_0" departPos="4.60" departSpeed="0.00" departDelay="0.00" arrival="251.00" arrivalLane="2to4_0" arrivalPos="206.09" arrivalSpeed="13.90" duration="47.00" routeLength="555.83" waitSteps="0" timeLoss="6.45" rerouteNo="1" devices="vehroute_46 tripinfo_46" vType="Car" vaporized=""/>
    <tripinfo id="47" depart="208.00" departLane="1to2_0" departPos="4.60" departSpeed="0.00" departDelay="0.00" arrival="255.00" arrivalLane="2to4_0" arrivalPos="206.09" arrivalSpeed="13.90" duration="47.00" routeLength="555.83" waitSteps="0" timeLoss="6.45" rerouteNo="1" devices="vehroute_47 tripinfo_47" vType="Car" vaporized=""/>
    <tripinfo id="48" depart="212.00" departLane="1to2_0" departPos="4.60" departSpeed="0.00" departDelay="4.00" arrival="259.00" arrivalLane="2to4_0" arrivalPos="206.09" arrivalSpeed="13.90" duration="47.00" routeLength="555.83" waitSteps="0" timeLoss="6.45" rerouteNo="0" devices="vehroute_48 tripinfo_48" vType="Car" vaporized=""/>
    <tripinfo id="49" depart="216.00" departLane="1to2_0" departPos="4.60" departSpeed="0.00" departDelay="4.00" arrival="263.00" arrivalLane="2to4_0" arrivalPos="206.09" arrivalSpeed="13.90" duration="47.00" routeLength="555.83" waitSteps="0" timeLoss="6.45" rerouteNo="1" devices="vehroute_49 tripinfo_49" vType="Car" vaporized=""/>
    <tripinfo id="50" depart="220.00" departLane="1to2_0" departPos="4.60" departSpeed="0.00" departDelay="6.00" arrival="267.00" arrivalLane="2to4_0" arrivalPos="206.09" arrivalSpeed="13.90" duration="47.00" routeLength="555.83" waitSteps="0" timeLoss="6.45" rerouteNo="0" devices="vehroute_50 tripinfo_50" vType="Car" vaporized=""/>
    <tripinfo id="51" depart="224.00" departLane="1to2_0" departPos="4.60" departSpeed="0.00" departDelay="8.00" arrival="271.00" arrivalLane="2to4_0" arrivalPos="206.09" arrivalSpeed="13.90" duration="47.00" routeLength="555.83" waitSteps="0" timeLoss="6.45" rerouteNo="1" devices="vehroute_51 tripinfo_51" vType="Car" vaporized=""/>
    <tripinfo id="53" depart="232.00" departLane="1to2_0" departPos="4.60" departSpeed="0.00" departDelay="1.00" arrival="279.00" arrivalLane="2to4_0" arrivalPos="206.09" arrivalSpeed="13.90" duration="47.00" routeLength="555.83" waitSteps="0" timeLoss="6.45" rerouteNo="1" devices="vehroute_53 tripinfo_53" vType="Car" vaporized=""/>
    <tripinfo id="54" depart="241.00" departLane="1to2_0" departPos="4.60" departSpeed="0.00" departDelay="0.00" arrival="288.00" arrivalLane="2to4_0" arrivalPos="206.09" arrivalSpeed="13.90" duration="47.00" routeLength="555.83" waitSteps="0" timeLoss="6.45" rerouteNo="0" devices="vehroute_54 tripinfo_54" vType="Car" vaporized=""/>
    <tripinfo id="55" depart="247.00" departLane="1to2_0" departPos="4.60" departSpeed="0.00" departDelay="0.00" arrival="294.00" arrivalLane="2to4_0" arrivalPos="206.09" arrivalSpeed="13.90" duration="47.00" routeLength="555.83" waitSteps="0" timeLoss="6.45" rerouteNo="0" devices="vehroute_55 tripinfo_55" vType="Car" vaporized=""/>
    <tripinfo id="56" depart="251.00" departLane="1to2_0" departPos="4.60" departSpeed="0.00" departDelay="0.00" arrival="298.00" arrivalLane="2to4_0" arrivalPos="206.09" arrivalSpeed="13.90" duration="47.00" routeLength="555.83" waitSteps="0" timeLoss="6.45" rerouteNo="0" devices="vehroute_56 tripinfo_56" vType="Car" vaporized=""/>
    <tripinfo id="57" depart="255.00" departLane="1to2_0" departPos="4.60" departSpeed="0.00" departDelay="2.00" arrival="302.00" arrivalLane="2to4_0" arrivalPos="206.09" arrivalSpeed="13.90" duration="47.00" routeLength="555.83" waitSteps="0" timeLoss="6.45" rerouteNo="1" devices="vehroute_57 tripinfo_57" vType="Car" vaporized=""/>
    <tripinfo id="58" depart="259.00" departLane="1to2_0" departPos="4.60" departSpeed="0.00" departDelay="5.00" arrival="306.00" arrivalLane="2to4_0" arrivalPos="206.09" arrivalSpeed="13.90" duration="47.00" routeLength="555.83" waitSteps="0" timeLoss="6.45" rerouteNo="1" devices="vehroute_58 tripinfo_58" vType="Car" vaporized=""/>
    <tripinfo id="59" depart="263.00" departLane="1to2_0" departPos="4.60" departSpeed="0.00" departDelay="8.00" arrival="310.00" arrivalLane="2to4_0" arrivalPos="206.09" arrivalSpeed="13.90" duration="47.00" routeLength="555.83" waitSteps="0" timeLoss="6.45" rerouteNo="1" devices="vehroute_59 tripinfo_59" vType="Car" vaporized=""/>
    <tripinfo id="60" depart="267.00" departLane="1to2_0" departPos="4.60" departSpeed="0.00" departDelay="7.00" arrival="314.00" arrivalLane="2to4_0" arrivalPos="206.09" arrivalSpeed="13.90" duration="47.00" routeLength="555.83" waitSteps="0" timeLoss="6.45" rerouteNo="1" devices="vehroute_60 tripinfo_60" vType="Car" vaporized=""/>
    <tripinfo id="61" depart="271.00" departLane="1to2_0" departPos="4.60" departSpeed="0.00" departDelay="6.00" arrival="318.00" arrivalLane="2to4_0" arrivalPos="206.09" arrivalSpeed="13.90" duration="47.00" routeLength="555.83" waitSteps="0" timeLoss="6.45" rerouteNo="1" devices="vehroute_61 tripinfo_61" vType="Car" vaporized=""/>
    <tripinfo id="62" depart="275.00" departLane="1to2_0" departPos="4.60" departSpeed="0.00" departDelay="9.00" arrival="322.00" arrivalLane="2to4_0" arrivalPos="206.09" arrivalSpeed="13.90" duration="47.00" routeLength="555.83" waitSteps="0" timeLoss="6.45" rerouteNo="1" devices="vehroute_62 tripinfo_62" vType="Car" vaporized=""/>
    <tripinfo id="64" depart="283.00" departLane="1to2_0" departPos="4.60" departSpeed="0.00" departDelay="11.00" arrival="330.00" arrivalLane="2to4_0" arrivalPos="206.09" arrivalSpeed="13.90" duration="47.00" routeLength="555.83" waitSteps="0" timeLoss="6.45" rerouteNo="1" devices="vehroute_64 tripinfo_64" vType="Car" vaporized=""/>
    <tripinfo id="65" depart="287.00" departLane="1to2_0" departPos="4.60" departSpeed="0.00" departDelay="15.00" arrival="334.00" arrivalLane="2to4_0" arrivalPos="206.09" arrivalSpeed="13.90" duration="47.00" routeLength="555.83" waitSteps="0" timeLoss="6.45" rerouteNo="0" devices="vehroute_65 tripinfo_65" vType="Car" vaporized=""/>
    <tripinfo id="67" depart="295.00" departLane="1to2_0" departPos="4.60" departSpeed="0.00" departDelay="16.00" arrival="342.00" arrivalLane="2to4_0" arrivalPos="206.09" arrivalSpeed="13.90" duration="47.00" routeLength="555.83" waitSteps="0" timeLoss="6.45" rerouteNo="1" devices="vehroute_67 tripinfo_67" vType="Car" vaporized=""/>
    <tripinfo id="68" depart="299.00" departLane="1to2_0" departPos="4.60" departSpeed="0.00" departDelay="15.00" arrival="346.00" arrivalLane="2to4_0" arrivalPos="206.09" arrivalSpeed="13.90" duration="47.00" routeLength="555.83" waitSteps="0" timeLoss="6.45" rerouteNo="1" devices="vehroute_68 tripinfo_68" vType="Car" vaporized=""/>
    <tripinfo id="69" depart="303.00" departLane="1to2_0" departPos="4.60" departSpeed="0.00" departDelay="8.00" arrival="350.00" arrivalLane="2to4_0" arrivalPos="206.09" arrivalSpeed="13.90" duration="47.00" routeLength="555.83" waitSteps="0" timeLoss="6.45" rerouteNo="0" devices="vehroute_69 tripinfo_69" vType="Car" vaporized=""/>
    <tripinfo id="70" depart="307.00" departLane="1to2_0" departPos="4.60" departSpeed="0.00" departDelay="7.00" arrival="354.00" arrivalLane="2to4_0" arrivalPos="206.09" arrivalSpeed="13.90" duration="47.00" routeLength="555.83" waitSteps="0" timeLoss="6.45" rerouteNo="1" devices="vehroute_70 tripinfo_70" vType="Car" vaporized=""/>
    <tripinfo id="71" depart="311.00" departLane="1to2_0" departPos="4.60" departSpeed="0.00" departDelay="10.00" arrival="358.00" arrivalLane="2to4_0" arrivalPos="206.09" arrivalSpeed="13.90" duration="47.00" routeLength="555.83" waitSteps="0" timeLoss="6.45" rerouteNo="1" devices="vehroute_71 tripinfo_71" vType="Car" vaporized=""/>
    <tripinfo id="72" depart="315.00" departLane="1to2_0" departPos="4.60" departSpeed="0.00" departDelay="10.00" arrival="362.00" arrivalLane="2to4_0" arrivalPos="206.09" arrivalSpeed="13.90" duration="47.00" routeLength="555.83" waitSteps="0" timeLoss="6.45" rerouteNo="1" devices="vehroute_72 tripinfo_72" vType="Car" vaporized=""/>
    <tripinfo id="73" depart="319.00" departLane="1to2_0" departPos="4.60" departSpeed="0.00" departDelay="7.00" arrival="366.00" arrivalLane="2to4_0" arrivalPos="206.09" arrivalSpeed="13.90" duration="47.00" routeLength="555.83" waitSteps="0" timeLoss="6.45" rerouteNo="1" devices="vehroute_73 tripinfo_73" vType="Car" vaporized=""/>
    <tripinfo id="74" depart="323.00" departLane="1to2_0" departPos="4.60" departSpeed="0.00" departDelay="9.00" arrival="370.00" arrivalLane="2to4_0" arrivalPos="206.09" arrivalSpeed="13.90" duration="47.00" routeLength="555.83" waitSteps="0" timeLoss="6.45" rerouteNo="1" devices="vehroute_74 tripinfo_74" vType="Car" vaporized=""/>
    <tripinfo id="75" depart="327.00" departLane="1to2_0" departPos="4.60" departSpeed="0.00" departDelay="9.00" arrival="374.00" arrivalLane="2to4_0" arrivalPos="206.09" arrivalSpeed="13.90" duration="47.00" routeLength="555.83" waitSteps="0" timeLoss="6.45" rerouteNo="1" devices="vehroute_75 tripinfo_75" vType="Car" vaporized=""/>
    <tripinfo id="76" depart="331.00" departLane="1to2_0" departPos="4.60" departSpeed="0.00" departDelay="12.00" arrival="378.00" arrivalLane="2to4_0" arrivalPos="206.09" arrivalSpeed="13.90" duration="47.00" routeLength="555.83" waitSteps="0" timeLoss="6.45" rerouteNo="1" devices="vehroute_76 tripinfo_76" vType="Car" vaporized=""/>
    <tripinfo id="77" depart="335.00" departLane="1to2_0" departPos="4.60" departSpeed="0.00" departDelay="16.00" arrival="382.00" arrivalLane="2to4_0" arrivalPos="206.09" arrivalSpeed="13.90" duration="47.00" routeLength="555.83" waitSteps="0" timeLoss="6.45" rerouteNo="0" devices="vehroute_77 tripinfo_77" vType="Car" vaporized=""/>
    <tripinfo id="78" depart="339.00" departLane="1to2_0" departPos="4.60" departSpeed="0.00" departDelay="13.00" arrival="386.00" arrivalLane="2to4_0" arrivalPos="206.09" arrivalSpeed="13.90" duration="47.00" routeLength="555.83" waitSteps="0" timeLoss="6.45" rerouteNo="1" devices="vehroute_78 tripinfo_78" vType="Car" vaporized=""/>
    <tripinfo id="79" depart="343.00" departLane="1to2_0" departPos="4.60" departSpeed="0.00" departDelay="14.00" arrival="390.00" arrivalLane="2to4_0" arrivalPos="206.09" arrivalSpeed="13.90" duration="47.00" routeLength="555.83" waitSteps="0" timeLoss="6.45" rerouteNo="1" devices="vehroute_79 tripinfo_79" vType="Car" vaporized=""/>
    <tripinfo id="80" depart="347.00" departLane="1to2_0" departPos="4.60" departSpeed="0.00" departDelay="17.00" arrival="394.00" arrivalLane="2to4_0" arrivalPos="206.09" arrivalSpeed="13.90" duration="47.00" routeLength="555.83" waitSteps="0" timeLoss="6.45" rerouteNo="1" devices="vehroute_80 tripinfo_80" vType="Car" vaporized=""/>
    <tripinfo id="81" depart="351.00" departLane="1to2_0" departPos="4.60" departSpeed="0.00" departDelay="9.00" arrival="398.00" arrivalLane="2to4_0" arrivalPos="206.09" arrivalSpeed="13.90" duration="47.00" routeLength="555.83" waitSteps="0" timeLoss="6.45" rerouteNo="1" devices="vehroute_81 tripinfo_81" vType="Car" vaporized=""/>
    <tripinfo id="82" depart="355.00" departLane="1to2_0" departPos="4.60" departSpeed="0.00" departDelay="12.00" arrival="402.00" arrivalLane="2to4_0" arrivalPos="206.09" arrivalSpeed="13.90" duration="47.00" routeLength="555.83" waitSteps="0" timeLoss="6.45" rerouteNo="1" devices="vehroute_82 tripinfo_82" vType="Car" vaporized=""/>
    <tripinfo id="83" depart="359.00" departLane="1to2_0" departPos="4.60" departSpeed="0.00" departDelay="6.00" arrival="406.00" arrivalLane="2to4_0" arrivalPos="206.09" arrivalSpeed="13.90" duration="47.00" routeLength="555.83" waitSteps="0" timeLoss="6.45" rerouteNo="1" devices="vehroute_83 tripinfo_83" vType="Car" vaporized=""/>
    <tripinfo id="84" depart="363.00" departLane="1to2_0" departPos="4.60" departSpeed="0.00" departDelay="4.00" arrival="410.00" arrivalLane="2to4_0" arrivalPos="206.09" arrivalSpeed="13.90" duration="47.00" routeLength="555.83" waitSteps="0" timeLoss="6.45" rerouteNo="1" devices="vehroute_84 tripinfo_84" vType="Car" vaporized=""/>
    <tripinfo id="85" depart="367.00" departLane="1to2_0" departPos="4.60" departSpeed="0.00" departDelay="6.00" arrival="414.00" arrivalLane="2to4_0" arrivalPos="206.09" arrivalSpeed="13.90" duration="47.00" routeLength="555.83" waitSteps="0" timeLoss="6.45" rerouteNo="1" devices="vehroute_85 tripinfo_85" vType="Car" vaporized=""/>
    <tripinfo id="86" depart="371.00" departLane="1to2_0" departPos="4.60" departSpeed="0.00" departDelay="6.00" arrival="418.00" arrivalLane="2to4_0" arrivalPos="206.09" arrivalSpeed="13.90" duration="47.00" routeLength="555.83" waitSteps="0" timeLoss="6.45" rerouteNo="1" devices="vehroute_86 tripinfo_86" vType="Car" vaporized=""/>
    <tripinfo id="87" depart="380.00" departLane="1to2_0" departPos="4.60" departSpeed="0.00" departDelay="0.00" arrival="427.00" arrivalLane="2to4_0" arrivalPos="206.09" arrivalSpeed="13.90" duration="47.00" routeLength="555.83" waitSteps="0" timeLoss="6.45" rerouteNo="1" devices="vehroute_87 tripinfo_87" vType="Car" vaporized=""/>
    <tripinfo id="88" depart="385.00" departLane="1to2_0" departPos="4.60" departSpeed="0.00" departDelay="0.00" arrival="432.00" arrivalLane="2to4_0" arrivalPos="206.09" arrivalSpeed="13.90" duration="47.00" routeLength="555.83" waitSteps="0" timeLoss="6.45" rerouteNo="1" devices="vehroute_88 tripinfo_88" vType="Car" vaporized=""/>
    <tripinfo id="89" depart="389.00" departLane="1to2_0" departPos="4.60" departSpeed="0.00" departDelay="2.00" arrival="436.00" arrivalLane="2to4_0" arrivalPos="206.09" arrivalSpeed="13.90" duration="47.00" routeLength="555.83" waitSteps="0" timeLoss="6.45" rerouteNo="1" devices="vehroute_89 tripinfo_89" vType="Car" vaporized=""/>
    <tripinfo id="90" depart="407.00" departLane="1to2_0" departPos="4.60" departSpeed="0.00" departDelay="0.00" arrival="454.00" arrivalLane="2to4_0" arrivalPos="206.09" arrivalSpeed="13.90" duration="47.00" routeLength="555.83" waitSteps="0" timeLoss="6.45" rerouteNo="1" devices="vehroute_90 tripinfo_90" vType="Car" vaporized=""/>
    <tripinfo id="91" depart="411.00" departLane="1to2_0" departPos="4.60" departSpeed="0.00" departDelay="2.00" arrival="458.00" arrivalLane="2to4_0" arrivalPos="206.09" arrivalSpeed="13.90" duration="47.00" routeLength="555.83" waitSteps="0" timeLoss="6.45" rerouteNo="0" devices="vehroute_91 tripinfo_91" vType="Car" vaporized=""/>
    <tripinfo id="93" depart="426.00" departLane="1to2_0" departPos="4.60" departSpeed="0.00" departDelay="0.00" arrival="473.00" arrivalLane="2to4_0" arrivalPos="206.09" arrivalSpeed="13.90" duration="47.00" routeLength="555.83" waitSteps="0" timeLoss="6.45" rerouteNo="0" devices="vehroute_93 tripinfo_93" vType="Car" vaporized=""/>
    <tripinfo id="94" depart="430.00" departLane="1to2_0" departPos="4.60" departSpeed="0.00" departDelay="3.00" arrival="477.00" arrivalLane="2to4_0" arrivalPos="206.09" arrivalSpeed="13.90" duration="47.00" routeLength="555.83" waitSteps="0" timeLoss="6.45" rerouteNo="1" devices="vehroute_94 tripinfo_94" vType="Car" vaporized=""/>
    <tripinfo id="95" depart="434.00" departLane="1to2_0" departPos="4.60" departSpeed="0.00" departDelay="4.00" arrival="481.00" arrivalLane="2to4_0" arrivalPos="206.09" arrivalSpeed="13.90" duration="47.00" routeLength="555.83" waitSteps="0" timeLoss="6.45" rerouteNo="1" devices="vehroute_95 tripinfo_95" vType="Car" vaporized=""/>
    <tripinfo id="96" depart="438.00" departLane="1to2_0" departPos="4.60" departSpeed="0.00" departDelay="5.00" arrival="485.00" arrivalLane="2to4_0" arrivalPos="206.09" arrivalSpeed="13.90" duration="47.00" routeLength="555.83" waitSteps="0" timeLoss="6.45" rerouteNo="1" devices="vehroute_96 tripinfo_96" vType="Car" vaporized=""/>
</tripinfos>
