<?xml version="1.0" encoding="UTF-8"?>

<!-- generated on 10/13/2016 10:52:06 PM by SUMO gui Version 0.27.0
<?xml version="1.0" encoding="UTF-8"?>

<configuration xmlns:xsi="http://www.w3.org/2001/XMLSchema-instance" xsi:noNamespaceSchemaLocation="http://sumo.dlr.de/xsd/sumo-gui.exeConfiguration.xsd">

    <input>
        <net-file value="hello.net.xml"/>
        <route-files value="hello.rou.xml"/>
    </input>

    <output>
        <tripinfo-output value="tripinfo.xml"/>
        <vehroute-output value="vehroutes.xml"/>
    </output>

    <report>
        <xml-validation value="never"/>
        <duration-log.disable value="true"/>
        <no-step-log value="true"/>
    </report>

    <traci_server>
        <remote-port value="8813"/>
    </traci_server>

</configuration>
-->

<routes xmlns:xsi="http://www.w3.org/2001/XMLSchema-instance" xsi:noNamespaceSchemaLocation="http://sumo.dlr.de/xsd/routes_file.xsd">
    <vehicle id="1" type="Car" depart="3.00" arrival="50.00">
        <route edges="1to2 2to4"/>
    </vehicle>

    <vehicle id="2" type="Car" depart="7.00" arrival="54.00">
        <route edges="1to2 2to4"/>
    </vehicle>

    <vehicle id="4" type="Car" depart="15.00" arrival="62.00">
        <route edges="1to2 2to4"/>
    </vehicle>

    <vehicle id="6" type="Car" depart="23.00" arrival="70.00">
        <route edges="1to2 2to4"/>
    </vehicle>

    <vehicle id="11" type="Car" depart="43.00" arrival="90.00">
        <route edges="1to2 2to4"/>
    </vehicle>

    <vehicle id="13" type="Car" depart="51.00" arrival="98.00">
        <route edges="1to2 2to4"/>
    </vehicle>

    <vehicle id="19" type="Car" depart="75.00" arrival="122.00">
        <routeDistribution>
            <route replacedOnEdge="1to2" replacedAtTime="107.00" probability="0" edges="1to2 2to3"/>
            <route edges="1to2 2to4"/>
        </routeDistribution>
    </vehicle>

    <vehicle id="20" type="Car" depart="79.00" arrival="126.00">
        <routeDistribution>
            <route replacedOnEdge="1to2" replacedAtTime="111.00" probability="0" edges="1to2 2to3"/>
            <route edges="1to2 2to4"/>
        </routeDistribution>
    </vehicle>

    <vehicle id="21" type="Car" depart="83.00" arrival="130.00">
        <routeDistribution>
            <route replacedOnEdge="1to2" replacedAtTime="114.00" probability="0" edges="1to2 2to3"/>
            <route edges="1to2 2to4"/>
        </routeDistribution>
    </vehicle>

    <vehicle id="22" type="Car" depart="87.00" arrival="134.00">
        <routeDistribution>
            <route replacedOnEdge="1to2" replacedAtTime="118.00" probability="0" edges="1to2 2to3"/>
            <route edges="1to2 2to4"/>
        </routeDistribution>
    </vehicle>

    <vehicle id="23" type="Car" depart="91.00" arrival="138.00">
        <routeDistribution>
            <route replacedOnEdge="1to2" replacedAtTime="121.00" probability="0" edges="1to2 2to3"/>
            <route edges="1to2 2to4"/>
        </routeDistribution>
    </vehicle>

    <vehicle id="24" type="Car" depart="95.00" arrival="142.00">
        <routeDistribution>
            <route replacedOnEdge="1to2" replacedAtTime="125.00" probability="0" edges="1to2 2to3"/>
            <route edges="1to2 2to4"/>
        </routeDistribution>
    </vehicle>

    <vehicle id="25" type="Car" depart="99.00" arrival="146.00">
        <routeDistribution>
            <route replacedOnEdge="1to2" replacedAtTime="129.00" probability="0" edges="1to2 2to3"/>
            <route edges="1to2 2to4"/>
        </routeDistribution>
    </vehicle>

    <vehicle id="27" type="Car" depart="114.00" arrival="161.00">
        <routeDistribution>
            <route replacedOnEdge="1to2" replacedAtTime="144.00" probability="0" edges="1to2 2to3"/>
            <route edges="1to2 2to4"/>
        </routeDistribution>
    </vehicle>

    <vehicle id="28" type="Car" depart="118.00" arrival="165.00">
        <routeDistribution>
            <route replacedOnEdge="1to2" replacedAtTime="148.00" probability="0" edges="1to2 2to3"/>
            <route edges="1to2 2to4"/>
        </routeDistribution>
    </vehicle>

    <vehicle id="31" type="Car" depart="131.00" arrival="178.00">
        <routeDistribution>
            <route replacedOnEdge="1to2" replacedAtTime="161.00" probability="0" edges="1to2 2to3"/>
            <route edges="1to2 2to4"/>
        </routeDistribution>
    </vehicle>

    <vehicle id="32" type="Car" depart="135.00" arrival="182.00">
        <route edges="1to2 2to4"/>
    </vehicle>

    <vehicle id="33" type="Car" depart="139.00" arrival="186.00">
        <routeDistribution>
            <route replacedOnEdge="1to2" replacedAtTime="169.00" probability="0" edges="1to2 2to3"/>
            <route edges="1to2 2to4"/>
        </routeDistribution>
    </vehicle>

    <vehicle id="34" type="Car" depart="143.00" arrival="190.00">
        <routeDistribution>
            <route replacedOnEdge="1to2" replacedAtTime="172.00" probability="0" edges="1to2 2to3"/>
            <route edges="1to2 2to4"/>
        </routeDistribution>
    </vehicle>

    <vehicle id="35" type="Car" depart="147.00" arrival="194.00">
        <routeDistribution>
            <route replacedOnEdge="1to2" replacedAtTime="176.00" probability="0" edges="1to2 2to3"/>
            <route edges="1to2 2to4"/>
        </routeDistribution>
    </vehicle>

    <vehicle id="36" type="Car" depart="151.00" arrival="198.00">
        <route edges="1to2 2to4"/>
    </vehicle>

    <vehicle id="37" type="Car" depart="155.00" arrival="202.00">
        <routeDistribution>
            <route replacedOnEdge="1to2" replacedAtTime="184.00" probability="0" edges="1to2 2to3"/>
            <route edges="1to2 2to4"/>
        </routeDistribution>
    </vehicle>

    <vehicle id="42" type="Car" depart="180.00" arrival="227.00">
        <routeDistribution>
            <route replacedOnEdge="1to2" replacedAtTime="208.00" probability="0" edges="1to2 2to3"/>
            <route edges="1to2 2to4"/>
        </routeDistribution>
    </vehicle>

    <vehicle id="43" type="Car" depart="185.00" arrival="232.00">
        <routeDistribution>
            <route replacedOnEdge="1to2" replacedAtTime="213.00" probability="0" edges="1to2 2to3"/>
            <route edges="1to2 2to4"/>
        </routeDistribution>
    </vehicle>

    <vehicle id="44" type="Car" depart="194.00" arrival="241.00">
        <routeDistribution>
            <route replacedOnEdge="1to2" replacedAtTime="221.00" probability="0" edges="1to2 2to3"/>
            <route edges="1to2 2to4"/>
        </routeDistribution>
    </vehicle>

    <vehicle id="46" type="Car" depart="204.00" arrival="251.00">
        <routeDistribution>
            <route replacedOnEdge="1to2" replacedAtTime="231.00" probability="0" edges="1to2 2to3"/>
            <route edges="1to2 2to4"/>
        </routeDistribution>
    </vehicle>

    <vehicle id="47" type="Car" depart="208.00" arrival="255.00">
        <routeDistribution>
            <route replacedOnEdge="1to2" replacedAtTime="235.00" probability="0" edges="1to2 2to3"/>
            <route edges="1to2 2to4"/>
        </routeDistribution>
    </vehicle>

    <vehicle id="48" type="Car" depart="212.00" arrival="259.00">
        <route edges="1to2 2to4"/>
    </vehicle>

    <vehicle id="49" type="Car" depart="216.00" arrival="263.00">
        <routeDistribution>
            <route replacedOnEdge="1to2" replacedAtTime="243.00" probability="0" edges="1to2 2to3"/>
            <route edges="1to2 2to4"/>
        </routeDistribution>
    </vehicle>

    <vehicle id="50" type="Car" depart="220.00" arrival="267.00">
        <route edges="1to2 2to4"/>
    </vehicle>

    <vehicle id="51" type="Car" depart="224.00" arrival="271.00">
        <routeDistribution>
            <route replacedOnEdge="1to2" replacedAtTime="251.00" probability="0" edges="1to2 2to3"/>
            <route edges="1to2 2to4"/>
        </routeDistribution>
    </vehicle>

    <vehicle id="53" type="Car" depart="232.00" arrival="279.00">
        <routeDistribution>
            <route replacedOnEdge="1to2" replacedAtTime="259.00" probability="0" edges="1to2 2to3"/>
            <route edges="1to2 2to4"/>
        </routeDistribution>
    </vehicle>

    <vehicle id="54" type="Car" depart="241.00" arrival="288.00">
        <route edges="1to2 2to4"/>
    </vehicle>

    <vehicle id="55" type="Car" depart="247.00" arrival="294.00">
        <route edges="1to2 2to4"/>
    </vehicle>

    <vehicle id="56" type="Car" depart="251.00" arrival="298.00">
        <route edges="1to2 2to4"/>
    </vehicle>

    <vehicle id="57" type="Car" depart="255.00" arrival="302.00">
        <routeDistribution>
            <route replacedOnEdge="1to2" replacedAtTime="281.00" probability="0" edges="1to2 2to3"/>
            <route edges="1to2 2to4"/>
        </routeDistribution>
    </vehicle>

    <vehicle id="58" type="Car" depart="259.00" arrival="306.00">
        <routeDistribution>
            <route replacedOnEdge="1to2" replacedAtTime="285.00" probability="0" edges="1to2 2to3"/>
            <route edges="1to2 2to4"/>
        </routeDistribution>
    </vehicle>

    <vehicle id="59" type="Car" depart="263.00" arrival="310.00">
        <routeDistribution>
            <route replacedOnEdge="1to2" replacedAtTime="289.00" probability="0" edges="1to2 2to3"/>
            <route edges="1to2 2to4"/>
        </routeDistribution>
    </vehicle>

    <vehicle id="60" type="Car" depart="267.00" arrival="314.00">
        <routeDistribution>
            <route replacedOnEdge="1to2" replacedAtTime="293.00" probability="0" edges="1to2 2to3"/>
            <route edges="1to2 2to4"/>
        </routeDistribution>
    </vehicle>

    <vehicle id="61" type="Car" depart="271.00" arrival="318.00">
        <routeDistribution>
            <route replacedOnEdge="1to2" replacedAtTime="297.00" probability="0" edges="1to2 2to3"/>
            <route edges="1to2 2to4"/>
        </routeDistribution>
    </vehicle>

    <vehicle id="62" type="Car" depart="275.00" arrival="322.00">
        <routeDistribution>
            <route replacedOnEdge="1to2" replacedAtTime="301.00" probability="0" edges="1to2 2to3"/>
            <route edges="1to2 2to4"/>
        </routeDistribution>
    </vehicle>

    <vehicle id="64" type="Car" depart="283.00" arrival="330.00">
        <routeDistribution>
            <route replacedOnEdge="1to2" replacedAtTime="309.00" probability="0" edges="1to2 2to3"/>
            <route edges="1to2 2to4"/>
        </routeDistribution>
    </vehicle>

    <vehicle id="65" type="Car" depart="287.00" arrival="334.00">
        <route edges="1to2 2to4"/>
    </vehicle>

    <vehicle id="67" type="Car" depart="295.00" arrival="342.00">
        <routeDistribution>
            <route replacedOnEdge="1to2" replacedAtTime="321.00" probability="0" edges="1to2 2to3"/>
            <route edges="1to2 2to4"/>
        </routeDistribution>
    </vehicle>

    <vehicle id="68" type="Car" depart="299.00" arrival="346.00">
        <routeDistribution>
            <route replacedOnEdge="1to2" replacedAtTime="325.00" probability="0" edges="1to2 2to3"/>
            <route edges="1to2 2to4"/>
        </routeDistribution>
    </vehicle>

    <vehicle id="69" type="Car" depart="303.00" arrival="350.00">
        <route edges="1to2 2to4"/>
    </vehicle>

    <vehicle id="70" type="Car" depart="307.00" arrival="354.00">
        <routeDistribution>
            <route replacedOnEdge="1to2" replacedAtTime="333.00" probability="0" edges="1to2 2to3"/>
            <route edges="1to2 2to4"/>
        </routeDistribution>
    </vehicle>

    <vehicle id="71" type="Car" depart="311.00" arrival="358.00">
        <routeDistribution>
            <route replacedOnEdge="1to2" replacedAtTime="335.00" probability="0" edges="1to2 2to3"/>
            <route edges="1to2 2to4"/>
        </routeDistribution>
    </vehicle>

    <vehicle id="72" type="Car" depart="315.00" arrival="362.00">
        <routeDistribution>
            <route replacedOnEdge="1to2" replacedAtTime="339.00" probability="0" edges="1to2 2to3"/>
            <route edges="1to2 2to4"/>
        </routeDistribution>
    </vehicle>

    <vehicle id="73" type="Car" depart="319.00" arrival="366.00">
        <routeDistribution>
            <route replacedOnEdge="1to2" replacedAtTime="343.00" probability="0" edges="1to2 2to3"/>
            <route edges="1to2 2to4"/>
        </routeDistribution>
    </vehicle>

    <vehicle id="74" type="Car" depart="323.00" arrival="370.00">
        <routeDistribution>
            <route replacedOnEdge="1to2" replacedAtTime="347.00" probability="0" edges="1to2 2to3"/>
            <route edges="1to2 2to4"/>
        </routeDistribution>
    </vehicle>

    <vehicle id="75" type="Car" depart="327.00" arrival="374.00">
        <routeDistribution>
            <route replacedOnEdge="1to2" replacedAtTime="351.00" probability="0" edges="1to2 2to3"/>
            <route edges="1to2 2to4"/>
        </routeDistribution>
    </vehicle>

    <vehicle id="76" type="Car" depart="331.00" arrival="378.00">
        <routeDistribution>
            <route replacedOnEdge="1to2" replacedAtTime="355.00" probability="0" edges="1to2 2to3"/>
            <route edges="1to2 2to4"/>
        </routeDistribution>
    </vehicle>

    <vehicle id="77" type="Car" depart="335.00" arrival="382.00">
        <route edges="1to2 2to4"/>
    </vehicle>

    <vehicle id="78" type="Car" depart="339.00" arrival="386.00">
        <routeDistribution>
            <route replacedOnEdge="1to2" replacedAtTime="363.00" probability="0" edges="1to2 2to3"/>
            <route edges="1to2 2to4"/>
        </routeDistribution>
    </vehicle>

    <vehicle id="79" type="Car" depart="343.00" arrival="390.00">
        <routeDistribution>
            <route replacedOnEdge="1to2" replacedAtTime="367.00" probability="0" edges="1to2 2to3"/>
            <route edges="1to2 2to4"/>
        </routeDistribution>
    </vehicle>

    <vehicle id="80" type="Car" depart="347.00" arrival="394.00">
        <routeDistribution>
            <route replacedOnEdge="1to2" replacedAtTime="371.00" probability="0" edges="1to2 2to3"/>
            <route edges="1to2 2to4"/>
        </routeDistribution>
    </vehicle>

    <vehicle id="81" type="Car" depart="351.00" arrival="398.00">
        <routeDistribution>
            <route replacedOnEdge="1to2" replacedAtTime="375.00" probability="0" edges="1to2 2to3"/>
            <route edges="1to2 2to4"/>
        </routeDistribution>
    </vehicle>

    <vehicle id="82" type="Car" depart="355.00" arrival="402.00">
        <routeDistribution>
            <route replacedOnEdge="1to2" replacedAtTime="379.00" probability="0" edges="1to2 2to3"/>
            <route edges="1to2 2to4"/>
        </routeDistribution>
    </vehicle>

    <vehicle id="83" type="Car" depart="359.00" arrival="406.00">
        <routeDistribution>
            <route replacedOnEdge="1to2" replacedAtTime="383.00" probability="0" edges="1to2 2to3"/>
            <route edges="1to2 2to4"/>
        </routeDistribution>
    </vehicle>

    <vehicle id="84" type="Car" depart="363.00" arrival="410.00">
        <routeDistribution>
            <route replacedOnEdge="1to2" replacedAtTime="387.00" probability="0" edges="1to2 2to3"/>
            <route edges="1to2 2to4"/>
        </routeDistribution>
    </vehicle>

    <vehicle id="85" type="Car" depart="367.00" arrival="414.00">
        <routeDistribution>
            <route replacedOnEdge="1to2" replacedAtTime="391.00" probability="0" edges="1to2 2to3"/>
            <route edges="1to2 2to4"/>
        </routeDistribution>
    </vehicle>

    <vehicle id="86" type="Car" depart="371.00" arrival="418.00">
        <routeDistribution>
            <route replacedOnEdge="1to2" replacedAtTime="395.00" probability="0" edges="1to2 2to3"/>
            <route edges="1to2 2to4"/>
        </routeDistribution>
    </vehicle>

    <vehicle id="87" type="Car" depart="380.00" arrival="427.00">
        <routeDistribution>
            <route replacedOnEdge="1to2" replacedAtTime="404.00" probability="0" edges="1to2 2to3"/>
            <route edges="1to2 2to4"/>
        </routeDistribution>
    </vehicle>

    <vehicle id="88" type="Car" depart="385.00" arrival="432.00">
        <routeDistribution>
            <route replacedOnEdge="1to2" replacedAtTime="409.00" probability="0" edges="1to2 2to3"/>
            <route edges="1to2 2to4"/>
        </routeDistribution>
    </vehicle>

    <vehicle id="89" type="Car" depart="389.00" arrival="436.00">
        <routeDistribution>
            <route replacedOnEdge="1to2" replacedAtTime="413.00" probability="0" edges="1to2 2to3"/>
            <route edges="1to2 2to4"/>
        </routeDistribution>
    </vehicle>

    <vehicle id="90" type="Car" depart="407.00" arrival="454.00">
        <routeDistribution>
            <route replacedOnEdge="1to2" replacedAtTime="431.00" probability="0" edges="1to2 2to3"/>
            <route edges="1to2 2to4"/>
        </routeDistribution>
    </vehicle>

    <vehicle id="91" type="Car" depart="411.00" arrival="458.00">
        <route edges="1to2 2to4"/>
    </vehicle>

    <vehicle id="93" type="Car" depart="426.00" arrival="473.00">
        <route edges="1to2 2to4"/>
    </vehicle>

    <vehicle id="94" type="Car" depart="430.00" arrival="477.00">
        <routeDistribution>
            <route replacedOnEdge="1to2" replacedAtTime="454.00" probability="0" edges="1to2 2to3"/>
            <route edges="1to2 2to4"/>
        </routeDistribution>
    </vehicle>

    <vehicle id="95" type="Car" depart="434.00" arrival="481.00">
        <routeDistribution>
            <route replacedOnEdge="1to2" replacedAtTime="458.00" probability="0" edges="1to2 2to3"/>
            <route edges="1to2 2to4"/>
        </routeDistribution>
    </vehicle>

    <vehicle id="96" type="Car" depart="438.00" arrival="485.00">
        <routeDistribution>
            <route replacedOnEdge="1to2" replacedAtTime="462.00" probability="0" edges="1to2 2to3"/>
            <route edges="1to2 2to4"/>
        </routeDistribution>
    </vehicle>

</routes>
