<?xml version="1.0" encoding="UTF-8"?>

<!-- generated on 10/20/2016 10:41:34 AM by SUMO gui Version 0.27.0
<?xml version="1.0" encoding="UTF-8"?>

<configuration xmlns:xsi="http://www.w3.org/2001/XMLSchema-instance" xsi:noNamespaceSchemaLocation="http://sumo.dlr.de/xsd/sumo-gui.exeConfiguration.xsd">

    <input>
        <net-file value="hello.net.xml"/>
        <route-files value="hello.rou.xml"/>
    </input>

    <output>
        <tripinfo-output value="tripinfo.xml"/>
        <vehroute-output value="vehroutes.xml"/>
    </output>

    <report>
        <xml-validation value="never"/>
        <duration-log.disable value="true"/>
        <no-step-log value="true"/>
    </report>

    <traci_server>
        <remote-port value="8816"/>
    </traci_server>

</configuration>
-->

<tripinfos xmlns:xsi="http://www.w3.org/2001/XMLSchema-instance" xsi:noNamespaceSchemaLocation="http://sumo.dlr.de/xsd/tripinfo_file.xsd">
    <tripinfo id="6" depart="22.00" departLane="1to2_0" departPos="0.00" departSpeed="0.00" departDelay="13.00" arrival="69.00" arrivalLane="2to4_0" arrivalPos="206.09" arrivalSpeed="13.90" duration="47.00" routeLength="560.43" waitSteps="0" timeLoss="6.45" rerouteNo="1" devices="vehroute_6 tripinfo_6" vType="Car" vaporized=""/>
    <tripinfo id="7" depart="26.00" departLane="1to2_0" departPos="0.00" departSpeed="0.00" departDelay="16.00" arrival="73.00" arrivalLane="2to4_0" arrivalPos="206.09" arrivalSpeed="13.90" duration="47.00" routeLength="560.43" waitSteps="0" timeLoss="6.45" rerouteNo="1" devices="vehroute_7 tripinfo_7" vType="Car" vaporized=""/>
    <tripinfo id="10" depart="51.00" departLane="1to2_0" departPos="4.60" departSpeed="0.00" departDelay="4.00" arrival="98.00" arrivalLane="2to4_0" arrivalPos="206.09" arrivalSpeed="13.90" duration="47.00" routeLength="555.83" waitSteps="0" timeLoss="6.45" rerouteNo="0" devices="vehroute_10 tripinfo_10" vType="Car" vaporized=""/>
    <tripinfo id="13" depart="63.00" departLane="1to2_0" departPos="4.60" departSpeed="0.00" departDelay="9.00" arrival="110.00" arrivalLane="2to4_0" arrivalPos="206.09" arrivalSpeed="13.90" duration="47.00" routeLength="555.83" waitSteps="0" timeLoss="6.45" rerouteNo="1" devices="vehroute_13 tripinfo_13" vType="Car" vaporized=""/>
    <tripinfo id="14" depart="67.00" departLane="1to2_0" departPos="4.60" departSpeed="0.00" departDelay="12.00" arrival="114.00" arrivalLane="2to4_0" arrivalPos="206.09" arrivalSpeed="13.90" duration="47.00" routeLength="555.83" waitSteps="0" timeLoss="6.45" rerouteNo="1" devices="vehroute_14 tripinfo_14" vType="Car" vaporized=""/>
    <tripinfo id="15" depart="71.00" departLane="1to2_0" departPos="4.60" departSpeed="0.00" departDelay="15.00" arrival="118.00" arrivalLane="2to4_0" arrivalPos="206.09" arrivalSpeed="13.90" duration="47.00" routeLength="555.83" waitSteps="0" timeLoss="6.45" rerouteNo="1" devices="vehroute_15 tripinfo_15" vType="Car" vaporized=""/>
    <tripinfo id="0" depart="1.00" departLane="1to2_0" departPos="0.00" departSpeed="12.39" departDelay="0.00" arrival="119.00" arrivalLane="2to3_0" arrivalPos="395.32" arrivalSpeed="13.90" duration="118.00" routeLength="750.00" waitSteps="0" timeLoss="7.74" rerouteNo="0" devices="vehroute_0 tripinfo_0" vType="Car" vaporized=""/>
    <tripinfo id="1" depart="2.00" departLane="1to2_0" departPos="0.00" departSpeed="0.00" departDelay="0.00" arrival="121.00" arrivalLane="2to3_0" arrivalPos="395.32" arrivalSpeed="13.90" duration="119.00" routeLength="750.00" waitSteps="50" timeLoss="64.20" rerouteNo="0" devices="vehroute_1 tripinfo_1" vType="Car" vaporized=""/>
    <tripinfo id="2" depart="6.00" departLane="1to2_0" departPos="0.00" departSpeed="0.00" departDelay="3.00" arrival="122.00" arrivalLane="2to3_0" arrivalPos="395.32" arrivalSpeed="13.90" duration="116.00" routeLength="750.00" waitSteps="47" timeLoss="61.62" rerouteNo="0" devices="vehroute_2 tripinfo_2" vType="Car" vaporized=""/>
    <tripinfo id="16" depart="75.00" departLane="1to2_0" departPos="4.60" departSpeed="0.00" departDelay="17.00" arrival="122.00" arrivalLane="2to4_0" arrivalPos="206.09" arrivalSpeed="13.90" duration="47.00" routeLength="555.83" waitSteps="0" timeLoss="6.45" rerouteNo="0" devices="vehroute_16 tripinfo_16" vType="Car" vaporized=""/>
    <tripinfo id="3" depart="10.00" departLane="1to2_0" departPos="0.00" departSpeed="0.00" departDelay="6.00" arrival="124.00" arrivalLane="2to3_0" arrivalPos="395.32" arrivalSpeed="13.90" duration="114.00" routeLength="750.00" waitSteps="45" timeLoss="59.13" rerouteNo="0" devices="vehroute_3 tripinfo_3" vType="Car" vaporized=""/>
    <tripinfo id="4" depart="14.00" departLane="1to2_0" departPos="0.00" departSpeed="0.00" departDelay="9.00" arrival="125.00" arrivalLane="2to3_0" arrivalPos="395.32" arrivalSpeed="13.90" duration="111.00" routeLength="750.00" waitSteps="42" timeLoss="56.56" rerouteNo="0" devices="vehroute_4 tripinfo_4" vType="Car" vaporized=""/>
    <tripinfo id="17" depart="79.00" departLane="1to2_0" departPos="4.60" departSpeed="0.00" departDelay="18.00" arrival="126.00" arrivalLane="2to4_0" arrivalPos="206.09" arrivalSpeed="13.90" duration="47.00" routeLength="555.83" waitSteps="0" timeLoss="6.45" rerouteNo="1" devices="vehroute_17 tripinfo_17" vType="Car" vaporized=""/>
    <tripinfo id="5" depart="18.00" departLane="1to2_0" departPos="0.00" departSpeed="0.00" departDelay="12.00" arrival="127.00" arrivalLane="2to3_0" arrivalPos="395.32" arrivalSpeed="13.90" duration="109.00" routeLength="750.00" waitSteps="40" timeLoss="54.03" rerouteNo="0" devices="vehroute_5 tripinfo_5" vType="Car" vaporized=""/>
    <tripinfo id="8" depart="43.00" departLane="1to2_0" departPos="4.60" departSpeed="0.00" departDelay="0.00" arrival="128.00" arrivalLane="2to3_0" arrivalPos="395.32" arrivalSpeed="13.90" duration="85.00" routeLength="745.40" waitSteps="17" timeLoss="30.87" rerouteNo="0" devices="vehroute_8 tripinfo_8" vType="Car" vaporized=""/>
    <tripinfo id="9" depart="47.00" departLane="1to2_0" departPos="4.60" departSpeed="0.00" departDelay="2.00" arrival="129.00" arrivalLane="2to3_0" arrivalPos="395.32" arrivalSpeed="13.90" duration="82.00" routeLength="745.40" waitSteps="14" timeLoss="28.34" rerouteNo="0" devices="vehroute_9 tripinfo_9" vType="Car" vaporized=""/>
    <tripinfo id="18" depart="83.00" departLane="1to2_0" departPos="4.60" departSpeed="0.00" departDelay="20.00" arrival="130.00" arrivalLane="2to4_0" arrivalPos="206.09" arrivalSpeed="13.90" duration="47.00" routeLength="555.83" waitSteps="0" timeLoss="6.45" rerouteNo="1" devices="vehroute_18 tripinfo_18" vType="Car" vaporized=""/>
    <tripinfo id="11" depart="55.00" departLane="1to2_0" departPos="4.60" departSpeed="0.00" departDelay="5.00" arrival="131.00" arrivalLane="2to3_0" arrivalPos="395.32" arrivalSpeed="13.90" duration="76.00" routeLength="745.40" waitSteps="8" timeLoss="21.80" rerouteNo="0" devices="vehroute_11 tripinfo_11" vType="Car" vaporized=""/>
    <tripinfo id="12" depart="59.00" departLane="1to2_0" departPos="4.60" departSpeed="0.00" departDelay="6.00" arrival="132.00" arrivalLane="2to3_0" arrivalPos="395.32" arrivalSpeed="13.90" duration="73.00" routeLength="745.40" waitSteps="5" timeLoss="19.27" rerouteNo="0" devices="vehroute_12 tripinfo_12" vType="Car" vaporized=""/>
</tripinfos>
