<?xml version="1.0" encoding="UTF-8"?>

<!-- generated on 10/20/2016 10:41:34 AM by SUMO gui Version 0.27.0
<?xml version="1.0" encoding="UTF-8"?>

<configuration xmlns:xsi="http://www.w3.org/2001/XMLSchema-instance" xsi:noNamespaceSchemaLocation="http://sumo.dlr.de/xsd/sumo-gui.exeConfiguration.xsd">

    <input>
        <net-file value="hello.net.xml"/>
        <route-files value="hello.rou.xml"/>
    </input>

    <output>
        <tripinfo-output value="tripinfo.xml"/>
        <vehroute-output value="vehroutes.xml"/>
    </output>

    <report>
        <xml-validation value="never"/>
        <duration-log.disable value="true"/>
        <no-step-log value="true"/>
    </report>

    <traci_server>
        <remote-port value="8816"/>
    </traci_server>

</configuration>
-->

<routes xmlns:xsi="http://www.w3.org/2001/XMLSchema-instance" xsi:noNamespaceSchemaLocation="http://sumo.dlr.de/xsd/routes_file.xsd">
    <vehicle id="6" type="Car" depart="22.00" arrival="69.00">
        <routeDistribution>
            <route replacedOnEdge="1to2" replacedAtTime="52.00" probability="0" edges="1to2 2to3"/>
            <route edges="1to2 2to4"/>
        </routeDistribution>
    </vehicle>

    <vehicle id="7" type="Car" depart="26.00" arrival="73.00">
        <routeDistribution>
            <route replacedOnEdge="1to2" replacedAtTime="52.00" probability="0" edges="1to2 2to3"/>
            <route edges="1to2 2to4"/>
        </routeDistribution>
    </vehicle>

    <vehicle id="10" type="Car" depart="51.00" arrival="98.00">
        <route edges="1to2 2to4"/>
    </vehicle>

    <vehicle id="13" type="Car" depart="63.00" arrival="110.00">
        <routeDistribution>
            <route replacedOnEdge="1to2" replacedAtTime="79.00" probability="0" edges="1to2 2to3"/>
            <route edges="1to2 2to4"/>
        </routeDistribution>
    </vehicle>

    <vehicle id="14" type="Car" depart="67.00" arrival="114.00">
        <routeDistribution>
            <route replacedOnEdge="1to2" replacedAtTime="83.00" probability="0" edges="1to2 2to3"/>
            <route edges="1to2 2to4"/>
        </routeDistribution>
    </vehicle>

    <vehicle id="15" type="Car" depart="71.00" arrival="118.00">
        <routeDistribution>
            <route replacedOnEdge="1to2" replacedAtTime="87.00" probability="0" edges="1to2 2to3"/>
            <route edges="1to2 2to4"/>
        </routeDistribution>
    </vehicle>

    <vehicle id="0" type="Car" depart="1.00" arrival="119.00">
        <route edges="1to2 2to3"/>
    </vehicle>

    <vehicle id="1" type="Car" depart="2.00" arrival="121.00">
        <route edges="1to2 2to3"/>
    </vehicle>

    <vehicle id="2" type="Car" depart="6.00" arrival="122.00">
        <route edges="1to2 2to3"/>
    </vehicle>

    <vehicle id="16" type="Car" depart="75.00" arrival="122.00">
        <route edges="1to2 2to4"/>
    </vehicle>

    <vehicle id="3" type="Car" depart="10.00" arrival="124.00">
        <route edges="1to2 2to3"/>
    </vehicle>

    <vehicle id="4" type="Car" depart="14.00" arrival="125.00">
        <route edges="1to2 2to3"/>
    </vehicle>

    <vehicle id="17" type="Car" depart="79.00" arrival="126.00">
        <routeDistribution>
            <route replacedOnEdge="1to2" replacedAtTime="94.00" probability="0" edges="1to2 2to3"/>
            <route edges="1to2 2to4"/>
        </routeDistribution>
    </vehicle>

    <vehicle id="5" type="Car" depart="18.00" arrival="127.00">
        <route edges="1to2 2to3"/>
    </vehicle>

    <vehicle id="8" type="Car" depart="43.00" arrival="128.00">
        <route edges="1to2 2to3"/>
    </vehicle>

    <vehicle id="9" type="Car" depart="47.00" arrival="129.00">
        <route edges="1to2 2to3"/>
    </vehicle>

    <vehicle id="18" type="Car" depart="83.00" arrival="130.00">
        <routeDistribution>
            <route replacedOnEdge="1to2" replacedAtTime="98.00" probability="0" edges="1to2 2to3"/>
            <route edges="1to2 2to4"/>
        </routeDistribution>
    </vehicle>

    <vehicle id="11" type="Car" depart="55.00" arrival="131.00">
        <route edges="1to2 2to3"/>
    </vehicle>

    <vehicle id="12" type="Car" depart="59.00" arrival="132.00">
        <route edges="1to2 2to3"/>
    </vehicle>

</routes>
