<?xml version="1.0" encoding="UTF-8"?>
<nodes xmlns:xsi="http://www.w3.org/2001/XMLSchema-instance" xsi:noNamespaceSchemaLocation="http://sumo-sim.org/xsd/nodes_file.xsd">
    <node id="1" x="0.0" y="433.0" />
    <node id="2" x="250.0" y="0.0" />
    <node id="3" x="-250.0" y="0.0" />
    <node id="4" x="0.0" y="317.5" />
    <node id="5" x="150.0" y="58.0" />
    <node id="6" x="-150.0" y="58.0" />
    <node id="7" x="125.0" y="216.5" />
    <node id="8" x="0.0" y="0.0" />
    <node id="9" x="-125.0" y="216.5" />

</nodes>
  