<?xml version="1.0" encoding="UTF-8"?>

<!-- generated on 10/28/2016 6:36:47 PM by SUMO gui Version 0.27.0
<?xml version="1.0" encoding="UTF-8"?>

<configuration xmlns:xsi="http://www.w3.org/2001/XMLSchema-instance" xsi:noNamespaceSchemaLocation="http://sumo.dlr.de/xsd/sumo-gui.exeConfiguration.xsd">

    <input>
        <net-file value="complex.net.xml"/>
        <route-files value="complex.rou.xml"/>
    </input>

    <output>
        <tripinfo-output value="tripinfo.xml"/>
        <vehroute-output value="vehroutes.xml"/>
    </output>

    <report>
        <xml-validation value="never"/>
        <duration-log.disable value="true"/>
        <no-step-log value="true"/>
    </report>

    <traci_server>
        <remote-port value="8813"/>
    </traci_server>

</configuration>
-->

<tripinfos xmlns:xsi="http://www.w3.org/2001/XMLSchema-instance" xsi:noNamespaceSchemaLocation="http://sumo.dlr.de/xsd/tripinfo_file.xsd">
    <tripinfo id="4" depart="13.00" departLane="2to8_0" departPos="4.60" departSpeed="0.00" departDelay="9.00" arrival="78.00" arrivalLane="4to1_0" arrivalPos="100.40" arrivalSpeed="13.90" duration="65.00" routeLength="787.48" waitSteps="0" timeLoss="7.46" rerouteNo="0" devices="vehroute_4 tripinfo_4" vType="Car" vaporized=""/>
    <tripinfo id="1" depart="1.00" departLane="2to8_0" departPos="4.60" departSpeed="0.00" departDelay="0.00" arrival="81.00" arrivalLane="9to1_0" arrivalPos="233.16" arrivalSpeed="13.90" duration="80.00" routeLength="978.01" waitSteps="0" timeLoss="8.59" rerouteNo="0" devices="vehroute_1 tripinfo_1" vType="Car" vaporized=""/>
    <tripinfo id="2" depart="5.00" departLane="2to8_0" departPos="4.60" departSpeed="0.00" departDelay="3.00" arrival="89.00" arrivalLane="4to1_0" arrivalPos="100.40" arrivalSpeed="13.90" duration="84.00" routeLength="994.02" waitSteps="0" timeLoss="11.59" rerouteNo="0" devices="vehroute_2 tripinfo_2" vType="Car" vaporized=""/>
    <tripinfo id="12" depart="45.00" departLane="2to8_0" departPos="4.60" departSpeed="0.00" departDelay="33.00" arrival="110.00" arrivalLane="4to1_0" arrivalPos="100.40" arrivalSpeed="13.90" duration="65.00" routeLength="787.48" waitSteps="0" timeLoss="7.46" rerouteNo="0" devices="vehroute_12 tripinfo_12" vType="Car" vaporized=""/>
    <tripinfo id="9" depart="33.00" departLane="2to8_0" departPos="4.60" departSpeed="0.00" departDelay="24.00" arrival="117.00" arrivalLane="4to1_0" arrivalPos="100.40" arrivalSpeed="13.90" duration="84.00" routeLength="994.02" waitSteps="0" timeLoss="11.59" rerouteNo="1" devices="vehroute_9 tripinfo_9" vType="Car" vaporized=""/>
    <tripinfo id="15" depart="57.00" departLane="2to8_0" departPos="4.60" departSpeed="0.00" departDelay="42.00" arrival="122.00" arrivalLane="4to1_0" arrivalPos="100.40" arrivalSpeed="13.90" duration="65.00" routeLength="787.48" waitSteps="0" timeLoss="7.46" rerouteNo="0" devices="vehroute_15 tripinfo_15" vType="Car" vaporized=""/>
    <tripinfo id="10" depart="37.00" departLane="2to8_0" departPos="4.60" departSpeed="0.00" departDelay="27.00" arrival="130.00" arrivalLane="4to1_0" arrivalPos="100.40" arrivalSpeed="13.90" duration="93.00" routeLength="994.02" waitSteps="3" timeLoss="19.82" rerouteNo="0" devices="vehroute_10 tripinfo_10" vType="Car" vaporized=""/>
    <tripinfo id="13" depart="49.00" departLane="2to8_0" departPos="4.60" departSpeed="0.00" departDelay="36.00" arrival="133.00" arrivalLane="4to1_0" arrivalPos="100.40" arrivalSpeed="13.90" duration="84.00" routeLength="994.02" waitSteps="0" timeLoss="11.59" rerouteNo="1" devices="vehroute_13 tripinfo_13" vType="Car" vaporized=""/>
    <tripinfo id="17" depart="65.00" departLane="2to8_0" departPos="4.60" departSpeed="0.00" departDelay="48.00" arrival="149.00" arrivalLane="4to1_0" arrivalPos="100.40" arrivalSpeed="13.90" duration="84.00" routeLength="994.02" waitSteps="0" timeLoss="11.59" rerouteNo="0" devices="vehroute_17 tripinfo_17" vType="Car" vaporized=""/>
</tripinfos>
