<?xml version="1.0" encoding="UTF-8"?>

<!-- generated on 10/28/2016 6:36:47 PM by SUMO gui Version 0.27.0
<?xml version="1.0" encoding="UTF-8"?>

<configuration xmlns:xsi="http://www.w3.org/2001/XMLSchema-instance" xsi:noNamespaceSchemaLocation="http://sumo.dlr.de/xsd/sumo-gui.exeConfiguration.xsd">

    <input>
        <net-file value="complex.net.xml"/>
        <route-files value="complex.rou.xml"/>
    </input>

    <output>
        <tripinfo-output value="tripinfo.xml"/>
        <vehroute-output value="vehroutes.xml"/>
    </output>

    <report>
        <xml-validation value="never"/>
        <duration-log.disable value="true"/>
        <no-step-log value="true"/>
    </report>

    <traci_server>
        <remote-port value="8813"/>
    </traci_server>

</configuration>
-->

<routes xmlns:xsi="http://www.w3.org/2001/XMLSchema-instance" xsi:noNamespaceSchemaLocation="http://sumo.dlr.de/xsd/routes_file.xsd">
    <vehicle id="4" type="Car" depart="13.00" arrival="78.00">
        <route edges="2to8 8to6 6to4 4to1"/>
    </vehicle>

    <vehicle id="1" type="Car" depart="1.00" arrival="81.00">
        <route edges="2to8 8to6 6to3 3to9 9to1"/>
    </vehicle>

    <vehicle id="2" type="Car" depart="5.00" arrival="89.00">
        <route edges="2to8 8to6 6to3 3to9 9to4 4to1"/>
    </vehicle>

    <vehicle id="12" type="Car" depart="45.00" arrival="110.00">
        <route edges="2to8 8to6 6to4 4to1"/>
    </vehicle>

    <vehicle id="9" type="Car" depart="33.00" arrival="117.00">
        <routeDistribution>
            <route replacedOnEdge="6to3" replacedAtTime="70.00" probability="0" edges="2to8 8to6 6to3 3to9 9to1"/>
            <route edges="2to8 8to6 6to3 3to9 9to4 4to1"/>
        </routeDistribution>
    </vehicle>

    <vehicle id="15" type="Car" depart="57.00" arrival="122.00">
        <route edges="2to8 8to6 6to4 4to1"/>
    </vehicle>

    <vehicle id="10" type="Car" depart="37.00" arrival="130.00">
        <route edges="2to8 8to6 6to3 3to9 9to4 4to1"/>
    </vehicle>

    <vehicle id="13" type="Car" depart="49.00" arrival="133.00">
        <routeDistribution>
            <route replacedOnEdge="6to3" replacedAtTime="86.00" probability="0" edges="2to8 8to6 6to3 3to9 9to1"/>
            <route edges="2to8 8to6 6to3 3to9 9to4 4to1"/>
        </routeDistribution>
    </vehicle>

    <vehicle id="17" type="Car" depart="65.00" arrival="149.00">
        <route edges="2to8 8to6 6to3 3to9 9to4 4to1"/>
    </vehicle>

</routes>
