<routes>
  	<vType accel="1.0" decel="5.0" id="Car" length="4.5" minGap="2.0" maxSpeed="50.0" sigma="0" />

    <route id="route0" edges="1to2 2to3" />
  	<route id="route1" edges="1to2 2to4" />

    <vehicle depart="5" id="0" route="route0" type="Car" departPos="0" departSpeed="random">
         <stop lane="2to3_0" endPos="200" duration="550"/>
    </vehicle>

    <vehicle id="1" type="Car" route="route1" depart="6" />
    <vehicle id="2" type="Car" route="route1" depart="10" />
    <vehicle id="3" type="Car" route="route1" depart="11" />
    <vehicle id="4" type="Car" route="route1" depart="17" />
    <vehicle id="5" type="Car" route="route1" depart="18" />
    <vehicle id="6" type="Car" route="route1" depart="23" />
    <vehicle id="7" type="Car" route="route1" depart="28" />
    <vehicle id="8" type="Car" route="route0" depart="34" />
    <vehicle id="9" type="Car" route="route1" depart="41" />
    <vehicle id="10" type="Car" route="route0" depart="42" />
    <vehicle id="11" type="Car" route="route1" depart="42" />
    <vehicle id="12" type="Car" route="route0" depart="43" />
    <vehicle id="13" type="Car" route="route0" depart="47" />
    <vehicle id="14" type="Car" route="route1" depart="52" />
    <vehicle id="15" type="Car" route="route1" depart="54" />
    <vehicle id="16" type="Car" route="route0" depart="65" />
    <vehicle id="17" type="Car" route="route0" depart="66" />
    <vehicle id="18" type="Car" route="route0" depart="67" />
    <vehicle id="19" type="Car" route="route0" depart="69" />
    <vehicle id="20" type="Car" route="route0" depart="70" />
    <vehicle id="21" type="Car" route="route0" depart="75" />
    <vehicle id="22" type="Car" route="route0" depart="77" />
    <vehicle id="23" type="Car" route="route1" depart="79" />
    <vehicle id="24" type="Car" route="route0" depart="85" />
    <vehicle id="25" type="Car" route="route0" depart="87" />
    <vehicle id="26" type="Car" route="route0" depart="88" />
    <vehicle id="27" type="Car" route="route0" depart="91" />
    <vehicle id="28" type="Car" route="route0" depart="93" />
    <vehicle id="29" type="Car" route="route0" depart="96" />
    <vehicle id="30" type="Car" route="route0" depart="105" />
    <vehicle id="31" type="Car" route="route0" depart="112" />
    <vehicle id="32" type="Car" route="route0" depart="114" />
    <vehicle id="33" type="Car" route="route0" depart="116" />
    <vehicle id="34" type="Car" route="route0" depart="121" />
    <vehicle id="35" type="Car" route="route0" depart="122" />
    <vehicle id="36" type="Car" route="route1" depart="129" />
    <vehicle id="37" type="Car" route="route0" depart="139" />
    <vehicle id="38" type="Car" route="route0" depart="143" />
    <vehicle id="39" type="Car" route="route0" depart="146" />
    <vehicle id="40" type="Car" route="route0" depart="151" />
    <vehicle id="41" type="Car" route="route0" depart="154" />
    <vehicle id="42" type="Car" route="route0" depart="155" />
    <vehicle id="43" type="Car" route="route1" depart="156" />
    <vehicle id="44" type="Car" route="route0" depart="161" />
    <vehicle id="45" type="Car" route="route0" depart="166" />
    <vehicle id="46" type="Car" route="route0" depart="167" />
    <vehicle id="47" type="Car" route="route0" depart="168" />
    <vehicle id="48" type="Car" route="route0" depart="177" />
    <vehicle id="49" type="Car" route="route1" depart="180" />
    <vehicle id="50" type="Car" route="route0" depart="189" />
    <vehicle id="51" type="Car" route="route0" depart="220" />
    <vehicle id="52" type="Car" route="route0" depart="222" />
    <vehicle id="53" type="Car" route="route0" depart="236" />
    <vehicle id="54" type="Car" route="route0" depart="239" />
    <vehicle id="55" type="Car" route="route0" depart="242" />
    <vehicle id="56" type="Car" route="route0" depart="244" />
    <vehicle id="57" type="Car" route="route0" depart="260" />
    <vehicle id="58" type="Car" route="route1" depart="262" />
    <vehicle id="59" type="Car" route="route0" depart="270" />
    <vehicle id="60" type="Car" route="route0" depart="271" />
    <vehicle id="61" type="Car" route="route0" depart="278" />
    <vehicle id="62" type="Car" route="route0" depart="285" />
    <vehicle id="63" type="Car" route="route0" depart="289" />
    <vehicle id="64" type="Car" route="route0" depart="294" />
    <vehicle id="65" type="Car" route="route0" depart="301" />
    <vehicle id="66" type="Car" route="route0" depart="307" />
    <vehicle id="67" type="Car" route="route0" depart="312" />
    <vehicle id="68" type="Car" route="route0" depart="314" />
    <vehicle id="69" type="Car" route="route0" depart="322" />
    <vehicle id="70" type="Car" route="route0" depart="323" />
    <vehicle id="71" type="Car" route="route0" depart="324" />
    <vehicle id="72" type="Car" route="route0" depart="330" />
    <vehicle id="73" type="Car" route="route0" depart="332" />
    <vehicle id="74" type="Car" route="route1" depart="335" />
    <vehicle id="75" type="Car" route="route0" depart="343" />
    <vehicle id="76" type="Car" route="route0" depart="352" />
    <vehicle id="77" type="Car" route="route0" depart="356" />
    <vehicle id="78" type="Car" route="route1" depart="356" />
    <vehicle id="79" type="Car" route="route0" depart="369" />
    <vehicle id="80" type="Car" route="route1" depart="374" />
    <vehicle id="81" type="Car" route="route0" depart="375" />
    <vehicle id="82" type="Car" route="route0" depart="377" />
    <vehicle id="83" type="Car" route="route0" depart="378" />
    <vehicle id="84" type="Car" route="route0" depart="379" />
    <vehicle id="85" type="Car" route="route0" depart="381" />
    <vehicle id="86" type="Car" route="route0" depart="389" />
    <vehicle id="87" type="Car" route="route1" depart="400" />
    <vehicle id="88" type="Car" route="route1" depart="401" />
    <vehicle id="89" type="Car" route="route0" depart="403" />
    <vehicle id="90" type="Car" route="route0" depart="409" />
    <vehicle id="91" type="Car" route="route0" depart="410" />
    <vehicle id="92" type="Car" route="route1" depart="410" />
    <vehicle id="93" type="Car" route="route0" depart="418" />
    <vehicle id="94" type="Car" route="route0" depart="428" />
    <vehicle id="95" type="Car" route="route1" depart="430" />
    <vehicle id="96" type="Car" route="route0" depart="432" />
    <vehicle id="97" type="Car" route="route0" depart="433" />
    <vehicle id="98" type="Car" route="route0" depart="441" />
    <vehicle id="99" type="Car" route="route0" depart="442" />
    <vehicle id="100" type="Car" route="route0" depart="447" />
</routes>
