<?xml version="1.0" encoding="UTF-8"?>

<!-- generated on 03/29/17 23:11:23 by SUMO Version 0.28.0
<?xml version="1.0" encoding="UTF-8"?>

<configuration xmlns:xsi="http://www.w3.org/2001/XMLSchema-instance" xsi:noNamespaceSchemaLocation="http://sumo.dlr.de/xsd/sumoConfiguration.xsd">

    <input>
        <net-file value="hello.net.xml"/>
        <route-files value="hello.rou.xml"/>
    </input>

    <output>
        <tripinfo-output value="tripinfo.xml"/>
        <vehroute-output value="vehroutes.xml"/>
    </output>

    <report>
        <xml-validation value="never"/>
        <duration-log.disable value="true"/>
        <no-step-log value="true"/>
    </report>

    <traci_server>
        <remote-port value="8813"/>
    </traci_server>

</configuration>
-->

<tripinfos xmlns:xsi="http://www.w3.org/2001/XMLSchema-instance" xsi:noNamespaceSchemaLocation="http://sumo.dlr.de/xsd/tripinfo_file.xsd">
    <tripinfo id="2" depart="2.00" departLane="124794665#0_0" departPos="4.60" departSpeed="0.61" departDelay="0.00" arrival="113.00" arrivalLane="124794665#10_0" arrivalPos="313.92" arrivalSpeed="13.89" duration="111.00" routeLength="1301.61" waitSteps="0" timeLoss="16.49" rerouteNo="0" devices="vehroute_2 tripinfo_2" vType="Car" vaporized=""/>
    <tripinfo id="10" depart="10.00" departLane="-198595456#4_0" departPos="4.60" departSpeed="15.19" departDelay="0.00" arrival="114.00" arrivalLane="-198595455#0_0" arrivalPos="13.19" arrivalSpeed="25.00" duration="104.00" routeLength="1422.84" waitSteps="33" timeLoss="52.59" rerouteNo="0" devices="vehroute_10 tripinfo_10" vType="Car" vaporized=""/>
    <tripinfo id="14" depart="14.00" departLane="-198595456#4_0" departPos="4.60" departSpeed="10.32" departDelay="0.00" arrival="114.00" arrivalLane="-198595455#0_1" arrivalPos="13.19" arrivalSpeed="25.00" duration="100.00" routeLength="1422.84" waitSteps="27" timeLoss="48.59" rerouteNo="0" devices="vehroute_14 tripinfo_14" vType="Car" vaporized=""/>
    <tripinfo id="11" depart="11.00" departLane="-5708224#2_0" departPos="4.60" departSpeed="1.11" departDelay="0.00" arrival="116.00" arrivalLane="198595565#3_0" arrivalPos="256.22" arrivalSpeed="13.89" duration="105.00" routeLength="1268.79" waitSteps="0" timeLoss="13.35" rerouteNo="0" devices="vehroute_11 tripinfo_11" vType="Car" vaporized=""/>
    <tripinfo id="23" depart="23.00" departLane="-5708224#2_0" departPos="4.60" departSpeed="13.54" departDelay="0.00" arrival="127.00" arrivalLane="198595565#3_0" arrivalPos="256.22" arrivalSpeed="13.89" duration="104.00" routeLength="1268.79" waitSteps="1" timeLoss="12.37" rerouteNo="0" devices="vehroute_23 tripinfo_23" vType="Car" vaporized=""/>
    <tripinfo id="17" depart="17.00" departLane="124794665#0_0" departPos="4.60" departSpeed="4.62" departDelay="0.00" arrival="128.00" arrivalLane="124794665#10_0" arrivalPos="313.92" arrivalSpeed="13.89" duration="111.00" routeLength="1301.61" waitSteps="0" timeLoss="16.34" rerouteNo="0" devices="vehroute_17 tripinfo_17" vType="Car" vaporized=""/>
    <tripinfo id="18" depart="19.00" departLane="124794665#0_0" departPos="4.60" departSpeed="6.18" departDelay="1.00" arrival="132.00" arrivalLane="124794665#10_0" arrivalPos="313.92" arrivalSpeed="13.89" duration="113.00" routeLength="1301.61" waitSteps="0" timeLoss="18.66" rerouteNo="0" devices="vehroute_18 tripinfo_18" vType="Car" vaporized=""/>
    <tripinfo id="19" depart="21.00" departLane="124794665#0_0" departPos="4.60" departSpeed="7.03" departDelay="2.00" arrival="133.00" arrivalLane="124794665#10_0" arrivalPos="313.92" arrivalSpeed="13.89" duration="112.00" routeLength="1301.61" waitSteps="0" timeLoss="18.14" rerouteNo="0" devices="vehroute_19 tripinfo_19" vType="Car" vaporized=""/>
    <tripinfo id="24" depart="24.00" departLane="-5708224#2_0" departPos="4.60" departSpeed="10.58" departDelay="0.00" arrival="135.00" arrivalLane="198595565#3_0" arrivalPos="256.22" arrivalSpeed="13.89" duration="111.00" routeLength="1268.79" waitSteps="3" timeLoss="19.36" rerouteNo="0" devices="vehroute_24 tripinfo_24" vType="Car" vaporized=""/>
    <tripinfo id="25" depart="25.00" departLane="124794665#0_0" departPos="4.60" departSpeed="5.97" departDelay="0.00" arrival="137.00" arrivalLane="124794665#10_0" arrivalPos="313.92" arrivalSpeed="13.89" duration="112.00" routeLength="1301.61" waitSteps="0" timeLoss="17.90" rerouteNo="0" devices="vehroute_25 tripinfo_25" vType="Car" vaporized=""/>
    <tripinfo id="42" depart="42.00" departLane="-5708224#2_0" departPos="4.60" departSpeed="11.62" departDelay="0.00" arrival="139.00" arrivalLane="198595565#3_0" arrivalPos="256.22" arrivalSpeed="13.89" duration="97.00" routeLength="1268.79" waitSteps="0" timeLoss="5.55" rerouteNo="0" devices="vehroute_42 tripinfo_42" vType="Car" vaporized=""/>
    <tripinfo id="35" depart="35.00" departLane="5703313#0_0" departPos="4.60" departSpeed="11.89" departDelay="0.00" arrival="141.00" arrivalLane="216933519_0" arrivalPos="182.24" arrivalSpeed="13.89" duration="106.00" routeLength="1368.32" waitSteps="0" timeLoss="7.09" rerouteNo="0" devices="vehroute_35 tripinfo_35" vType="Car" vaporized=""/>
    <tripinfo id="38" depart="38.00" departLane="124794665#0_0" departPos="4.60" departSpeed="8.39" departDelay="0.00" arrival="144.00" arrivalLane="124794665#10_0" arrivalPos="313.92" arrivalSpeed="13.89" duration="106.00" routeLength="1301.61" waitSteps="0" timeLoss="11.77" rerouteNo="0" devices="vehroute_38 tripinfo_38" vType="Car" vaporized=""/>
    <tripinfo id="43" depart="43.00" departLane="-5708224#2_0" departPos="4.60" departSpeed="9.04" departDelay="0.00" arrival="150.00" arrivalLane="198595565#3_0" arrivalPos="256.22" arrivalSpeed="13.89" duration="107.00" routeLength="1268.79" waitSteps="3" timeLoss="15.36" rerouteNo="0" devices="vehroute_43 tripinfo_43" vType="Car" vaporized=""/>
    <tripinfo id="47" depart="47.00" departLane="-5708224#2_0" departPos="4.60" departSpeed="6.10" departDelay="0.00" arrival="152.00" arrivalLane="198595565#3_0" arrivalPos="256.22" arrivalSpeed="13.89" duration="105.00" routeLength="1268.79" waitSteps="0" timeLoss="13.48" rerouteNo="0" devices="vehroute_47 tripinfo_47" vType="Car" vaporized=""/>
    <tripinfo id="46" depart="46.00" departLane="5703313#0_0" departPos="4.60" departSpeed="11.66" departDelay="0.00" arrival="152.00" arrivalLane="216933519_0" arrivalPos="182.24" arrivalSpeed="13.89" duration="106.00" routeLength="1368.32" waitSteps="0" timeLoss="7.34" rerouteNo="0" devices="vehroute_46 tripinfo_46" vType="Car" vaporized=""/>
    <tripinfo id="44" depart="44.00" departLane="124794665#0_0" departPos="4.60" departSpeed="2.84" departDelay="0.00" arrival="154.00" arrivalLane="124794665#10_0" arrivalPos="313.92" arrivalSpeed="13.89" duration="110.00" routeLength="1301.61" waitSteps="0" timeLoss="15.30" rerouteNo="0" devices="vehroute_44 tripinfo_44" vType="Car" vaporized=""/>
    <tripinfo id="48" depart="48.00" departLane="-5708224#2_0" departPos="4.60" departSpeed="2.71" departDelay="0.00" arrival="154.00" arrivalLane="198595565#3_0" arrivalPos="256.22" arrivalSpeed="13.89" duration="106.00" routeLength="1268.79" waitSteps="0" timeLoss="14.53" rerouteNo="0" devices="vehroute_48 tripinfo_48" vType="Car" vaporized=""/>
    <tripinfo id="49" depart="51.00" departLane="-5708224#2_0" departPos="4.60" departSpeed="4.61" departDelay="2.00" arrival="156.00" arrivalLane="198595565#3_0" arrivalPos="256.22" arrivalSpeed="13.89" duration="105.00" routeLength="1268.79" waitSteps="0" timeLoss="13.39" rerouteNo="0" devices="vehroute_49 tripinfo_49" vType="Car" vaporized=""/>
    <tripinfo id="61" depart="61.00" departLane="-5708224#2_0" departPos="4.60" departSpeed="10.76" departDelay="0.00" arrival="158.00" arrivalLane="198595565#3_0" arrivalPos="256.22" arrivalSpeed="13.89" duration="97.00" routeLength="1268.79" waitSteps="0" timeLoss="4.91" rerouteNo="0" devices="vehroute_61 tripinfo_61" vType="Car" vaporized=""/>
    <tripinfo id="62" depart="62.00" departLane="-5708224#2_0" departPos="4.60" departSpeed="8.09" departDelay="0.00" arrival="160.00" arrivalLane="198595565#3_0" arrivalPos="256.22" arrivalSpeed="13.89" duration="98.00" routeLength="1268.79" waitSteps="0" timeLoss="6.02" rerouteNo="0" devices="vehroute_62 tripinfo_62" vType="Car" vaporized=""/>
    <tripinfo id="51" depart="51.00" departLane="124794665#0_0" departPos="4.60" departSpeed="1.76" departDelay="0.00" arrival="163.00" arrivalLane="124794665#10_0" arrivalPos="313.92" arrivalSpeed="13.89" duration="112.00" routeLength="1301.61" waitSteps="0" timeLoss="18.19" rerouteNo="0" devices="vehroute_51 tripinfo_51" vType="Car" vaporized=""/>
    <tripinfo id="63" depart="63.00" departLane="-5708224#2_0" departPos="4.60" departSpeed="5.84" departDelay="0.00" arrival="164.00" arrivalLane="198595565#3_0" arrivalPos="256.22" arrivalSpeed="13.89" duration="101.00" routeLength="1268.79" waitSteps="0" timeLoss="8.79" rerouteNo="0" devices="vehroute_63 tripinfo_63" vType="Car" vaporized=""/>
    <tripinfo id="58" depart="58.00" departLane="124794665#0_0" departPos="4.60" departSpeed="9.47" departDelay="0.00" arrival="166.00" arrivalLane="124794665#10_0" arrivalPos="313.92" arrivalSpeed="13.89" duration="108.00" routeLength="1301.61" waitSteps="0" timeLoss="13.74" rerouteNo="0" devices="vehroute_58 tripinfo_58" vType="Car" vaporized=""/>
    <tripinfo id="8" depart="8.00" departLane="-110299714#6_0" departPos="4.60" departSpeed="2.33" departDelay="0.00" arrival="179.00" arrivalLane="-5704055#0_0" arrivalPos="168.93" arrivalSpeed="13.89" duration="171.00" routeLength="1458.58" waitSteps="39" timeLoss="68.14" rerouteNo="0" devices="vehroute_8 tripinfo_8" vType="Car" vaporized=""/>
    <tripinfo id="22" depart="22.00" departLane="-110299714#6_0" departPos="4.60" departSpeed="4.96" departDelay="0.00" arrival="181.00" arrivalLane="-5704055#0_0" arrivalPos="168.93" arrivalSpeed="13.89" duration="159.00" routeLength="1458.58" waitSteps="28" timeLoss="56.02" rerouteNo="0" devices="vehroute_22 tripinfo_22" vType="Car" vaporized=""/>
    <tripinfo id="4" depart="4.00" departLane="198595558#0_0" departPos="4.60" departSpeed="7.87" departDelay="0.00" arrival="182.00" arrivalLane="5702757#2_0" arrivalPos="360.42" arrivalSpeed="13.89" duration="178.00" routeLength="1641.68" waitSteps="17" timeLoss="27.05" rerouteNo="0" devices="vehroute_4 tripinfo_4" vType="Car" vaporized=""/>
    <tripinfo id="30" depart="30.00" departLane="-110299714#6_0" departPos="4.60" departSpeed="0.32" departDelay="0.00" arrival="183.00" arrivalLane="-5704055#0_0" arrivalPos="168.93" arrivalSpeed="13.89" duration="153.00" routeLength="1458.58" waitSteps="25" timeLoss="50.34" rerouteNo="0" devices="vehroute_30 tripinfo_30" vType="Car" vaporized=""/>
    <tripinfo id="5" depart="5.00" departLane="198595558#0_0" departPos="4.60" departSpeed="0.64" departDelay="0.00" arrival="184.00" arrivalLane="5702757#2_0" arrivalPos="360.42" arrivalSpeed="13.89" duration="179.00" routeLength="1641.68" waitSteps="12" timeLoss="28.07" rerouteNo="0" devices="vehroute_5 tripinfo_5" vType="Car" vaporized=""/>
    <tripinfo id="34" depart="34.00" departLane="-110299714#6_0" departPos="4.60" departSpeed="4.80" departDelay="0.00" arrival="185.00" arrivalLane="-5704055#0_0" arrivalPos="168.93" arrivalSpeed="13.89" duration="151.00" routeLength="1458.58" waitSteps="24" timeLoss="48.27" rerouteNo="0" devices="vehroute_34 tripinfo_34" vType="Car" vaporized=""/>
    <tripinfo id="12" depart="12.00" departLane="198595558#0_0" departPos="4.60" departSpeed="5.07" departDelay="0.00" arrival="186.00" arrivalLane="5702757#2_0" arrivalPos="360.42" arrivalSpeed="13.89" duration="174.00" routeLength="1641.68" waitSteps="10" timeLoss="22.60" rerouteNo="0" devices="vehroute_12 tripinfo_12" vType="Car" vaporized=""/>
    <tripinfo id="79" depart="79.00" departLane="-5708224#2_0" departPos="4.60" departSpeed="7.21" departDelay="0.00" arrival="186.00" arrivalLane="198595565#3_0" arrivalPos="256.22" arrivalSpeed="13.89" duration="107.00" routeLength="1268.79" waitSteps="0" timeLoss="15.11" rerouteNo="0" devices="vehroute_79 tripinfo_79" vType="Car" vaporized=""/>
    <tripinfo id="41" depart="41.00" departLane="-110299714#6_0" departPos="4.60" departSpeed="5.96" departDelay="0.00" arrival="187.00" arrivalLane="-5704055#0_0" arrivalPos="168.93" arrivalSpeed="13.89" duration="146.00" routeLength="1458.58" waitSteps="19" timeLoss="42.95" rerouteNo="0" devices="vehroute_41 tripinfo_41" vType="Car" vaporized=""/>
    <tripinfo id="15" depart="15.00" departLane="198595558#0_0" departPos="4.60" departSpeed="8.23" departDelay="0.00" arrival="188.00" arrivalLane="5702757#2_0" arrivalPos="360.42" arrivalSpeed="13.89" duration="173.00" routeLength="1641.68" waitSteps="10" timeLoss="21.89" rerouteNo="0" devices="vehroute_15 tripinfo_15" vType="Car" vaporized=""/>
    <tripinfo id="65" depart="65.00" departLane="-110299714#6_0" departPos="4.60" departSpeed="2.65" departDelay="0.00" arrival="189.00" arrivalLane="-5704055#0_0" arrivalPos="168.93" arrivalSpeed="13.89" duration="124.00" routeLength="1458.58" waitSteps="0" timeLoss="20.74" rerouteNo="0" devices="vehroute_65 tripinfo_65" vType="Car" vaporized=""/>
    <tripinfo id="20" depart="20.00" departLane="198595558#0_0" departPos="4.60" departSpeed="2.61" departDelay="0.00" arrival="190.00" arrivalLane="5702757#2_0" arrivalPos="360.42" arrivalSpeed="13.89" duration="170.00" routeLength="1641.68" waitSteps="3" timeLoss="18.92" rerouteNo="0" devices="vehroute_20 tripinfo_20" vType="Car" vaporized=""/>
    <tripinfo id="21" depart="22.00" departLane="198595558#0_0" departPos="4.60" departSpeed="0.15" departDelay="1.00" arrival="192.00" arrivalLane="5702757#2_0" arrivalPos="360.42" arrivalSpeed="13.89" duration="170.00" routeLength="1641.68" waitSteps="1" timeLoss="19.04" rerouteNo="0" devices="vehroute_21 tripinfo_21" vType="Car" vaporized=""/>
    <tripinfo id="29" depart="29.00" departLane="198595558#0_0" departPos="4.60" departSpeed="12.17" departDelay="0.00" arrival="194.00" arrivalLane="5702757#2_0" arrivalPos="360.42" arrivalSpeed="13.89" duration="165.00" routeLength="1641.68" waitSteps="1" timeLoss="13.79" rerouteNo="0" devices="vehroute_29 tripinfo_29" vType="Car" vaporized=""/>
    <tripinfo id="32" depart="32.00" departLane="198595558#0_0" departPos="4.60" departSpeed="4.99" departDelay="0.00" arrival="196.00" arrivalLane="5702757#2_0" arrivalPos="360.42" arrivalSpeed="13.89" duration="164.00" routeLength="1641.68" waitSteps="0" timeLoss="12.81" rerouteNo="0" devices="vehroute_32 tripinfo_32" vType="Car" vaporized=""/>
    <tripinfo id="40" depart="40.00" departLane="198595558#0_0" departPos="4.60" departSpeed="5.25" departDelay="0.00" arrival="198.00" arrivalLane="5702757#2_0" arrivalPos="360.42" arrivalSpeed="13.89" duration="158.00" routeLength="1641.68" waitSteps="0" timeLoss="6.91" rerouteNo="0" devices="vehroute_40 tripinfo_40" vType="Car" vaporized=""/>
    <tripinfo id="83" depart="83.00" departLane="-110299714#6_0" departPos="4.60" departSpeed="9.81" departDelay="0.00" arrival="199.00" arrivalLane="-5704055#0_0" arrivalPos="168.93" arrivalSpeed="13.89" duration="116.00" routeLength="1458.58" waitSteps="0" timeLoss="12.81" rerouteNo="0" devices="vehroute_83 tripinfo_83" vType="Car" vaporized=""/>
</tripinfos>
