<routes>
  	<vType accel="1.0" decel="5.0" id="Car" length="4.5" minGap="2.0" maxSpeed="50.0" sigma="0" />

    <route id="route0" edges="246516465 248047556 253372588#0 253372588#1 248047672 284649086 245422163 284649090 245422161 284653717 32511359 107039672#0 107039672#1" />
   
    <route id="route1" edges="246516465 248047556 253372588#0 -26591 107039672#1" />

    <route id="route2" edges="246516465 248047556 253372588#0 253372588#1 248047672 -26806 248047556 253372588#0 -26591 107039672#1" />

    <route id="route3" edges="246516465 248047556 253372588#0 253372588#1 248047672 284649086 26748667#0 -26603 284649642#1 284649090 245422161 284653717 32511359 107039672#0 107039672#1" />

    <route id="route4" edges="246516465 248047556 253372588#0 253372588#1 248047672 284649086 26748667#0 26748667#1 284649642#0 284649642#1 284649090 245422161 284653717 32511359 107039672#0 107039672#1" />

    <route id="route5" edges="246516465 248047556 253372588#0 253372588#1 248047672 284649086 245422163 284649090 245422161 284653717 25156721 248047672 -26806 248047556 253372588#0 -26591 107039672#1" />

    <route id="route6" edges="246516465 248047556 253372588#0 253372588#1 248047672 284649086 26748667#0 -26603 284649642#1 284649090 245422161 284653717 25156721 248047672 -26806 248047556 253372588#0 -26591 107039672#1" />

    <route id="route7" edges="246516465 248047556 253372588#0 253372588#1 248047672 284649086 26748667#0 26748667#1 284649642#0 284649642#1 284649090 245422161 284653717 25156721 248047672 -26806 248047556 253372588#0 -26591 107039672#1" />
    <vehicle id="0" type="Car" route="route7" depart="0" />
    <vehicle id="1" type="Car" route="route3" depart="1" />
    <vehicle id="2" type="Car" route="route4" depart="2" />
    <vehicle id="3" type="Car" route="route6" depart="3" />
    <vehicle id="4" type="Car" route="route1" depart="4" />
    <vehicle id="5" type="Car" route="route4" depart="5" />
    <vehicle id="6" type="Car" route="route4" depart="6" />
    <vehicle id="7" type="Car" route="route7" depart="7" />
    <vehicle id="8" type="Car" route="route0" depart="8" />
    <vehicle id="9" type="Car" route="route0" depart="9" />
    <vehicle id="10" type="Car" route="route2" depart="10" />
    <vehicle id="11" type="Car" route="route6" depart="11" />
    <vehicle id="12" type="Car" route="route6" depart="12" />
    <vehicle id="13" type="Car" route="route1" depart="13" />
    <vehicle id="14" type="Car" route="route7" depart="14" />
    <vehicle id="15" type="Car" route="route4" depart="15" />
    <vehicle id="16" type="Car" route="route7" depart="16" />
    <vehicle id="17" type="Car" route="route7" depart="17" />
    <vehicle id="18" type="Car" route="route0" depart="18" />
    <vehicle id="19" type="Car" route="route7" depart="19" />
    <vehicle id="20" type="Car" route="route3" depart="20" />
    <vehicle id="21" type="Car" route="route1" depart="21" />
    <vehicle id="22" type="Car" route="route3" depart="22" />
    <vehicle id="23" type="Car" route="route0" depart="23" />
    <vehicle id="24" type="Car" route="route5" depart="24" />
    <vehicle id="25" type="Car" route="route4" depart="25" />
    <vehicle id="26" type="Car" route="route0" depart="26" />
    <vehicle id="27" type="Car" route="route1" depart="27" />
    <vehicle id="28" type="Car" route="route4" depart="28" />
    <vehicle id="29" type="Car" route="route6" depart="29" />
    <vehicle id="30" type="Car" route="route2" depart="30" />
    <vehicle id="31" type="Car" route="route0" depart="31" />
    <vehicle id="32" type="Car" route="route2" depart="32" />
    <vehicle id="33" type="Car" route="route0" depart="33" />
    <vehicle id="34" type="Car" route="route2" depart="34" />
    <vehicle id="35" type="Car" route="route6" depart="35" />
    <vehicle id="36" type="Car" route="route1" depart="36" />
    <vehicle id="37" type="Car" route="route2" depart="37" />
    <vehicle id="38" type="Car" route="route6" depart="38" />
    <vehicle id="39" type="Car" route="route1" depart="39" />
    <vehicle id="40" type="Car" route="route0" depart="40" />
    <vehicle id="41" type="Car" route="route1" depart="41" />
    <vehicle id="42" type="Car" route="route4" depart="42" />
    <vehicle id="43" type="Car" route="route5" depart="43" />
    <vehicle id="44" type="Car" route="route5" depart="44" />
    <vehicle id="45" type="Car" route="route0" depart="45" />
    <vehicle id="46" type="Car" route="route2" depart="46" />
    <vehicle id="47" type="Car" route="route0" depart="47" />
    <vehicle id="48" type="Car" route="route4" depart="48" />
    <vehicle id="49" type="Car" route="route2" depart="49" />
    <vehicle id="50" type="Car" route="route6" depart="50" />
    <vehicle id="51" type="Car" route="route4" depart="51" />
    <vehicle id="52" type="Car" route="route4" depart="52" />
    <vehicle id="53" type="Car" route="route1" depart="53" />
    <vehicle id="54" type="Car" route="route4" depart="54" />
    <vehicle id="55" type="Car" route="route0" depart="55" />
    <vehicle id="56" type="Car" route="route0" depart="56" />
    <vehicle id="57" type="Car" route="route6" depart="57" />
    <vehicle id="58" type="Car" route="route1" depart="58" />
    <vehicle id="59" type="Car" route="route0" depart="59" />
    <vehicle id="60" type="Car" route="route5" depart="60" />
    <vehicle id="61" type="Car" route="route1" depart="61" />
    <vehicle id="62" type="Car" route="route2" depart="62" />
    <vehicle id="63" type="Car" route="route4" depart="63" />
    <vehicle id="64" type="Car" route="route7" depart="64" />
    <vehicle id="65" type="Car" route="route0" depart="65" />
    <vehicle id="66" type="Car" route="route5" depart="66" />
    <vehicle id="67" type="Car" route="route0" depart="67" />
    <vehicle id="68" type="Car" route="route6" depart="68" />
    <vehicle id="69" type="Car" route="route2" depart="69" />
    <vehicle id="70" type="Car" route="route0" depart="70" />
    <vehicle id="71" type="Car" route="route3" depart="71" />
    <vehicle id="72" type="Car" route="route5" depart="72" />
    <vehicle id="73" type="Car" route="route1" depart="73" />
    <vehicle id="74" type="Car" route="route3" depart="74" />
    <vehicle id="75" type="Car" route="route6" depart="75" />
    <vehicle id="76" type="Car" route="route6" depart="76" />
    <vehicle id="77" type="Car" route="route5" depart="77" />
    <vehicle id="78" type="Car" route="route3" depart="78" />
    <vehicle id="79" type="Car" route="route5" depart="79" />
    <vehicle id="80" type="Car" route="route1" depart="80" />
    <vehicle id="81" type="Car" route="route3" depart="81" />
    <vehicle id="82" type="Car" route="route2" depart="82" />
    <vehicle id="83" type="Car" route="route1" depart="83" />
    <vehicle id="84" type="Car" route="route0" depart="84" />
    <vehicle id="85" type="Car" route="route0" depart="85" />
    <vehicle id="86" type="Car" route="route7" depart="86" />
    <vehicle id="87" type="Car" route="route3" depart="87" />
    <vehicle id="88" type="Car" route="route2" depart="88" />
    <vehicle id="89" type="Car" route="route5" depart="89" />
    <vehicle id="90" type="Car" route="route5" depart="90" />
    <vehicle id="91" type="Car" route="route7" depart="91" />
    <vehicle id="92" type="Car" route="route7" depart="92" />
    <vehicle id="93" type="Car" route="route0" depart="93" />
    <vehicle id="94" type="Car" route="route1" depart="94" />
    <vehicle id="95" type="Car" route="route3" depart="95" />
    <vehicle id="96" type="Car" route="route2" depart="96" />
    <vehicle id="97" type="Car" route="route4" depart="97" />
    <vehicle id="98" type="Car" route="route1" depart="98" />
    <vehicle id="99" type="Car" route="route7" depart="99" />
</routes>
