<?xml version="1.0" encoding="UTF-8"?>

<!-- generated on 10/19/2016 9:30:08 PM by SUMO gui Version 0.27.0
<?xml version="1.0" encoding="UTF-8"?>

<configuration xmlns:xsi="http://www.w3.org/2001/XMLSchema-instance" xsi:noNamespaceSchemaLocation="http://sumo.dlr.de/xsd/sumo-gui.exeConfiguration.xsd">

    <input>
        <net-file value="hello.net.xml"/>
        <route-files value="hello.rou.xml"/>
    </input>

    <output>
        <tripinfo-output value="tripinfo.xml"/>
        <vehroute-output value="vehroutes.xml"/>
    </output>

    <report>
        <xml-validation value="never"/>
        <duration-log.disable value="true"/>
        <no-step-log value="true"/>
    </report>

    <traci_server>
        <remote-port value="8814"/>
    </traci_server>

</configuration>
-->

<tripinfos xmlns:xsi="http://www.w3.org/2001/XMLSchema-instance" xsi:noNamespaceSchemaLocation="http://sumo.dlr.de/xsd/tripinfo_file.xsd">
    <tripinfo id="6" depart="37.00" departLane="1to2_0" departPos="4.60" departSpeed="0.00" departDelay="3.00" arrival="84.00" arrivalLane="2to4_0" arrivalPos="206.09" arrivalSpeed="13.90" duration="47.00" routeLength="555.83" waitSteps="0" timeLoss="6.45" rerouteNo="0" devices="vehroute_6 tripinfo_6" vType="Car" vaporized=""/>
    <tripinfo id="7" depart="41.00" departLane="1to2_0" departPos="4.60" departSpeed="0.00" departDelay="6.00" arrival="88.00" arrivalLane="2to4_0" arrivalPos="206.09" arrivalSpeed="13.90" duration="47.00" routeLength="555.83" waitSteps="0" timeLoss="6.45" rerouteNo="1" devices="vehroute_7 tripinfo_7" vType="Car" vaporized=""/>
    <tripinfo id="0" depart="1.00" departLane="1to2_0" departPos="0.00" departSpeed="12.39" departDelay="0.00" arrival="100.00" arrivalLane="2to3_0" arrivalPos="395.32" arrivalSpeed="13.90" duration="99.00" routeLength="750.00" waitSteps="0" timeLoss="8.33" rerouteNo="0" devices="vehroute_0 tripinfo_0" vType="Car" vaporized=""/>
    <tripinfo id="10" depart="53.00" departLane="1to2_0" departPos="4.60" departSpeed="0.00" departDelay="9.00" arrival="100.00" arrivalLane="2to4_0" arrivalPos="206.09" arrivalSpeed="13.90" duration="47.00" routeLength="555.83" waitSteps="0" timeLoss="6.45" rerouteNo="0" devices="vehroute_10 tripinfo_10" vType="Car" vaporized=""/>
    <tripinfo id="1" depart="3.00" departLane="1to2_0" departPos="0.00" departSpeed="0.00" departDelay="0.00" arrival="101.00" arrivalLane="2to3_0" arrivalPos="395.32" arrivalSpeed="13.90" duration="98.00" routeLength="750.00" waitSteps="30" timeLoss="43.80" rerouteNo="0" devices="vehroute_1 tripinfo_1" vType="Car" vaporized=""/>
    <tripinfo id="2" depart="7.00" departLane="1to2_0" departPos="0.00" departSpeed="0.00" departDelay="2.00" arrival="103.00" arrivalLane="2to3_0" arrivalPos="395.32" arrivalSpeed="13.90" duration="96.00" routeLength="750.00" waitSteps="27" timeLoss="41.26" rerouteNo="0" devices="vehroute_2 tripinfo_2" vType="Car" vaporized=""/>
    <tripinfo id="3" depart="11.00" departLane="1to2_0" departPos="0.00" departSpeed="0.00" departDelay="4.00" arrival="104.00" arrivalLane="2to3_0" arrivalPos="395.32" arrivalSpeed="13.90" duration="93.00" routeLength="750.00" waitSteps="24" timeLoss="38.71" rerouteNo="0" devices="vehroute_3 tripinfo_3" vType="Car" vaporized=""/>
    <tripinfo id="11" depart="57.00" departLane="1to2_0" departPos="4.60" departSpeed="0.00" departDelay="8.00" arrival="104.00" arrivalLane="2to4_0" arrivalPos="206.09" arrivalSpeed="13.90" duration="47.00" routeLength="555.83" waitSteps="0" timeLoss="6.45" rerouteNo="1" devices="vehroute_11 tripinfo_11" vType="Car" vaporized=""/>
    <tripinfo id="4" depart="15.00" departLane="1to2_0" departPos="0.00" departSpeed="0.00" departDelay="6.00" arrival="106.00" arrivalLane="2to3_0" arrivalPos="395.32" arrivalSpeed="13.90" duration="91.00" routeLength="750.00" waitSteps="22" timeLoss="36.20" rerouteNo="0" devices="vehroute_4 tripinfo_4" vType="Car" vaporized=""/>
    <tripinfo id="5" depart="33.00" departLane="1to2_0" departPos="4.60" departSpeed="0.00" departDelay="0.00" arrival="107.00" arrivalLane="2to3_0" arrivalPos="395.32" arrivalSpeed="13.90" duration="74.00" routeLength="745.40" waitSteps="6" timeLoss="20.00" rerouteNo="0" devices="vehroute_5 tripinfo_5" vType="Car" vaporized=""/>
    <tripinfo id="12" depart="61.00" departLane="1to2_0" departPos="4.60" departSpeed="0.00" departDelay="11.00" arrival="108.00" arrivalLane="2to4_0" arrivalPos="206.09" arrivalSpeed="13.90" duration="47.00" routeLength="555.83" waitSteps="0" timeLoss="6.45" rerouteNo="1" devices="vehroute_12 tripinfo_12" vType="Car" vaporized=""/>
    <tripinfo id="8" depart="45.00" departLane="1to2_0" departPos="4.60" departSpeed="0.00" departDelay="9.00" arrival="109.00" arrivalLane="2to3_0" arrivalPos="395.32" arrivalSpeed="13.90" duration="64.00" routeLength="745.40" waitSteps="0" timeLoss="9.47" rerouteNo="0" devices="vehroute_8 tripinfo_8" vType="Car" vaporized=""/>
    <tripinfo id="9" depart="49.00" departLane="1to2_0" departPos="4.60" departSpeed="0.00" departDelay="6.00" arrival="110.00" arrivalLane="2to3_0" arrivalPos="395.32" arrivalSpeed="13.90" duration="61.00" routeLength="745.40" waitSteps="0" timeLoss="7.01" rerouteNo="0" devices="vehroute_9 tripinfo_9" vType="Car" vaporized=""/>
    <tripinfo id="13" depart="65.00" departLane="1to2_0" departPos="4.60" departSpeed="0.00" departDelay="14.00" arrival="112.00" arrivalLane="2to4_0" arrivalPos="206.09" arrivalSpeed="13.90" duration="47.00" routeLength="555.83" waitSteps="0" timeLoss="6.45" rerouteNo="1" devices="vehroute_13 tripinfo_13" vType="Car" vaporized=""/>
    <tripinfo id="16" depart="77.00" departLane="1to2_0" departPos="4.60" departSpeed="0.00" departDelay="19.00" arrival="124.00" arrivalLane="2to4_0" arrivalPos="206.09" arrivalSpeed="13.90" duration="47.00" routeLength="555.83" waitSteps="0" timeLoss="6.45" rerouteNo="0" devices="vehroute_16 tripinfo_16" vType="Car" vaporized=""/>
    <tripinfo id="14" depart="69.00" departLane="1to2_0" departPos="4.60" departSpeed="0.00" departDelay="16.00" arrival="130.00" arrivalLane="2to3_0" arrivalPos="395.32" arrivalSpeed="13.90" duration="61.00" routeLength="745.40" waitSteps="0" timeLoss="6.45" rerouteNo="0" devices="vehroute_14 tripinfo_14" vType="Car" vaporized=""/>
    <tripinfo id="15" depart="73.00" departLane="1to2_0" departPos="4.60" departSpeed="0.00" departDelay="17.00" arrival="134.00" arrivalLane="2to3_0" arrivalPos="395.32" arrivalSpeed="13.90" duration="61.00" routeLength="745.40" waitSteps="0" timeLoss="6.45" rerouteNo="0" devices="vehroute_15 tripinfo_15" vType="Car" vaporized=""/>
</tripinfos>
