<?xml version="1.0" encoding="UTF-8"?>

<!-- generated on 10/19/2016 9:30:08 PM by SUMO gui Version 0.27.0
<?xml version="1.0" encoding="UTF-8"?>

<configuration xmlns:xsi="http://www.w3.org/2001/XMLSchema-instance" xsi:noNamespaceSchemaLocation="http://sumo.dlr.de/xsd/sumo-gui.exeConfiguration.xsd">

    <input>
        <net-file value="hello.net.xml"/>
        <route-files value="hello.rou.xml"/>
    </input>

    <output>
        <tripinfo-output value="tripinfo.xml"/>
        <vehroute-output value="vehroutes.xml"/>
    </output>

    <report>
        <xml-validation value="never"/>
        <duration-log.disable value="true"/>
        <no-step-log value="true"/>
    </report>

    <traci_server>
        <remote-port value="8814"/>
    </traci_server>

</configuration>
-->

<routes xmlns:xsi="http://www.w3.org/2001/XMLSchema-instance" xsi:noNamespaceSchemaLocation="http://sumo.dlr.de/xsd/routes_file.xsd">
    <vehicle id="6" type="Car" depart="37.00" arrival="84.00">
        <route edges="1to2 2to4"/>
    </vehicle>

    <vehicle id="7" type="Car" depart="41.00" arrival="88.00">
        <routeDistribution>
            <route replacedOnEdge="1to2" replacedAtTime="67.00" probability="0" edges="1to2 2to3"/>
            <route edges="1to2 2to4"/>
        </routeDistribution>
    </vehicle>

    <vehicle id="0" type="Car" depart="1.00" arrival="100.00">
        <route edges="1to2 2to3"/>
    </vehicle>

    <vehicle id="10" type="Car" depart="53.00" arrival="100.00">
        <route edges="1to2 2to4"/>
    </vehicle>

    <vehicle id="1" type="Car" depart="3.00" arrival="101.00">
        <route edges="1to2 2to3"/>
    </vehicle>

    <vehicle id="2" type="Car" depart="7.00" arrival="103.00">
        <route edges="1to2 2to3"/>
    </vehicle>

    <vehicle id="3" type="Car" depart="11.00" arrival="104.00">
        <route edges="1to2 2to3"/>
    </vehicle>

    <vehicle id="11" type="Car" depart="57.00" arrival="104.00">
        <routeDistribution>
            <route replacedOnEdge="1to2" replacedAtTime="68.00" probability="0" edges="1to2 2to3"/>
            <route edges="1to2 2to4"/>
        </routeDistribution>
    </vehicle>

    <vehicle id="4" type="Car" depart="15.00" arrival="106.00">
        <route edges="1to2 2to3"/>
    </vehicle>

    <vehicle id="5" type="Car" depart="33.00" arrival="107.00">
        <route edges="1to2 2to3"/>
    </vehicle>

    <vehicle id="12" type="Car" depart="61.00" arrival="108.00">
        <routeDistribution>
            <route replacedOnEdge="1to2" replacedAtTime="68.00" probability="0" edges="1to2 2to3"/>
            <route edges="1to2 2to4"/>
        </routeDistribution>
    </vehicle>

    <vehicle id="8" type="Car" depart="45.00" arrival="109.00">
        <route edges="1to2 2to3"/>
    </vehicle>

    <vehicle id="9" type="Car" depart="49.00" arrival="110.00">
        <route edges="1to2 2to3"/>
    </vehicle>

    <vehicle id="13" type="Car" depart="65.00" arrival="112.00">
        <routeDistribution>
            <route replacedOnEdge="1to2" replacedAtTime="68.00" probability="0" edges="1to2 2to3"/>
            <route edges="1to2 2to4"/>
        </routeDistribution>
    </vehicle>

    <vehicle id="16" type="Car" depart="77.00" arrival="124.00">
        <route edges="1to2 2to4"/>
    </vehicle>

    <vehicle id="14" type="Car" depart="69.00" arrival="130.00">
        <route edges="1to2 2to3"/>
    </vehicle>

    <vehicle id="15" type="Car" depart="73.00" arrival="134.00">
        <route edges="1to2 2to3"/>
    </vehicle>

</routes>
