<?xml version="1.0" encoding="UTF-8"?>

<!-- generated on 04/01/17 18:01:32 by SUMO Version 0.28.0
<?xml version="1.0" encoding="UTF-8"?>

<configuration xmlns:xsi="http://www.w3.org/2001/XMLSchema-instance" xsi:noNamespaceSchemaLocation="http://sumo.dlr.de/xsd/sumoConfiguration.xsd">

    <input>
        <net-file value="hello.net.xml"/>
        <route-files value="hello.rou.xml"/>
    </input>

    <output>
        <tripinfo-output value="tripinfo.xml"/>
        <vehroute-output value="vehroutes.xml"/>
    </output>

    <report>
        <xml-validation value="never"/>
        <duration-log.disable value="true"/>
        <no-step-log value="true"/>
    </report>

    <traci_server>
        <remote-port value="8813"/>
    </traci_server>

</configuration>
-->

<tripinfos xmlns:xsi="http://www.w3.org/2001/XMLSchema-instance" xsi:noNamespaceSchemaLocation="http://sumo.dlr.de/xsd/tripinfo_file.xsd">
    <tripinfo id="2" depart="2.00" departLane="124794665#0_0" departPos="4.60" departSpeed="6.28" departDelay="0.00" arrival="111.00" arrivalLane="124794665#10_0" arrivalPos="313.92" arrivalSpeed="13.89" duration="109.00" routeLength="1301.61" waitSteps="0" timeLoss="14.71" rerouteNo="0" devices="vehroute_2 tripinfo_2" vType="Car" vaporized=""/>
    <tripinfo id="11" depart="11.00" departLane="-5708224#2_0" departPos="4.60" departSpeed="9.91" departDelay="0.00" arrival="111.00" arrivalLane="198595565#3_0" arrivalPos="256.22" arrivalSpeed="13.89" duration="100.00" routeLength="1268.79" waitSteps="0" timeLoss="8.31" rerouteNo="0" devices="vehroute_11 tripinfo_11" vType="Car" vaporized=""/>
    <tripinfo id="10" depart="10.00" departLane="-198595456#4_0" departPos="4.60" departSpeed="19.74" departDelay="0.00" arrival="114.00" arrivalLane="-198595455#0_0" arrivalPos="13.19" arrivalSpeed="25.00" duration="104.00" routeLength="1422.84" waitSteps="31" timeLoss="52.59" rerouteNo="0" devices="vehroute_10 tripinfo_10" vType="Car" vaporized=""/>
    <tripinfo id="14" depart="14.00" departLane="-198595456#4_0" departPos="4.60" departSpeed="4.26" departDelay="0.00" arrival="114.00" arrivalLane="-198595455#0_1" arrivalPos="13.19" arrivalSpeed="25.00" duration="100.00" routeLength="1422.84" waitSteps="23" timeLoss="48.58" rerouteNo="0" devices="vehroute_14 tripinfo_14" vType="Car" vaporized=""/>
    <tripinfo id="17" depart="17.00" departLane="124794665#0_0" departPos="4.60" departSpeed="5.08" departDelay="0.00" arrival="123.00" arrivalLane="124794665#10_0" arrivalPos="313.92" arrivalSpeed="13.89" duration="106.00" routeLength="1301.61" waitSteps="0" timeLoss="11.82" rerouteNo="0" devices="vehroute_17 tripinfo_17" vType="Car" vaporized=""/>
    <tripinfo id="23" depart="23.00" departLane="-5708224#2_0" departPos="4.60" departSpeed="3.42" departDelay="0.00" arrival="125.00" arrivalLane="198595565#3_0" arrivalPos="256.22" arrivalSpeed="13.89" duration="102.00" routeLength="1268.79" waitSteps="0" timeLoss="10.16" rerouteNo="0" devices="vehroute_23 tripinfo_23" vType="Car" vaporized=""/>
    <tripinfo id="24" depart="25.00" departLane="-5708224#2_0" departPos="4.60" departSpeed="3.77" departDelay="1.00" arrival="127.00" arrivalLane="198595565#3_0" arrivalPos="256.22" arrivalSpeed="13.89" duration="102.00" routeLength="1268.79" waitSteps="0" timeLoss="9.72" rerouteNo="0" devices="vehroute_24 tripinfo_24" vType="Car" vaporized=""/>
    <tripinfo id="18" depart="19.00" departLane="124794665#0_0" departPos="4.60" departSpeed="3.34" departDelay="1.00" arrival="130.00" arrivalLane="124794665#10_0" arrivalPos="313.92" arrivalSpeed="13.89" duration="111.00" routeLength="1301.61" waitSteps="0" timeLoss="16.33" rerouteNo="0" devices="vehroute_18 tripinfo_18" vType="Car" vaporized=""/>
    <tripinfo id="19" depart="21.00" departLane="124794665#0_0" departPos="4.60" departSpeed="3.52" departDelay="2.00" arrival="133.00" arrivalLane="124794665#10_0" arrivalPos="313.92" arrivalSpeed="13.89" duration="112.00" routeLength="1301.61" waitSteps="0" timeLoss="18.23" rerouteNo="0" devices="vehroute_19 tripinfo_19" vType="Car" vaporized=""/>
    <tripinfo id="25" depart="25.00" departLane="124794665#0_0" departPos="4.60" departSpeed="10.04" departDelay="0.00" arrival="137.00" arrivalLane="124794665#10_0" arrivalPos="313.92" arrivalSpeed="13.89" duration="112.00" routeLength="1301.61" waitSteps="0" timeLoss="17.77" rerouteNo="0" devices="vehroute_25 tripinfo_25" vType="Car" vaporized=""/>
    <tripinfo id="42" depart="42.00" departLane="-5708224#2_0" departPos="4.60" departSpeed="13.77" departDelay="0.00" arrival="140.00" arrivalLane="198595565#3_0" arrivalPos="256.22" arrivalSpeed="13.89" duration="98.00" routeLength="1268.79" waitSteps="0" timeLoss="5.99" rerouteNo="0" devices="vehroute_42 tripinfo_42" vType="Car" vaporized=""/>
    <tripinfo id="38" depart="38.00" departLane="124794665#0_0" departPos="4.60" departSpeed="4.14" departDelay="0.00" arrival="150.00" arrivalLane="124794665#10_0" arrivalPos="313.92" arrivalSpeed="13.89" duration="112.00" routeLength="1301.61" waitSteps="0" timeLoss="17.45" rerouteNo="0" devices="vehroute_38 tripinfo_38" vType="Car" vaporized=""/>
    <tripinfo id="43" depart="43.00" departLane="-5708224#2_0" departPos="4.60" departSpeed="9.55" departDelay="0.00" arrival="151.00" arrivalLane="198595565#3_0" arrivalPos="256.22" arrivalSpeed="13.89" duration="108.00" routeLength="1268.79" waitSteps="4" timeLoss="16.37" rerouteNo="0" devices="vehroute_43 tripinfo_43" vType="Car" vaporized=""/>
    <tripinfo id="47" depart="47.00" departLane="-5708224#2_0" departPos="4.60" departSpeed="4.35" departDelay="0.00" arrival="153.00" arrivalLane="198595565#3_0" arrivalPos="256.22" arrivalSpeed="13.89" duration="106.00" routeLength="1268.79" waitSteps="0" timeLoss="14.47" rerouteNo="0" devices="vehroute_47 tripinfo_47" vType="Car" vaporized=""/>
    <tripinfo id="44" depart="44.00" departLane="124794665#0_0" departPos="4.60" departSpeed="7.63" departDelay="0.00" arrival="155.00" arrivalLane="124794665#10_0" arrivalPos="313.92" arrivalSpeed="13.89" duration="111.00" routeLength="1301.61" waitSteps="0" timeLoss="16.78" rerouteNo="0" devices="vehroute_44 tripinfo_44" vType="Car" vaporized=""/>
    <tripinfo id="51" depart="51.00" departLane="124794665#0_0" departPos="4.60" departSpeed="7.70" departDelay="0.00" arrival="158.00" arrivalLane="124794665#10_0" arrivalPos="313.92" arrivalSpeed="13.89" duration="107.00" routeLength="1301.61" waitSteps="0" timeLoss="12.40" rerouteNo="0" devices="vehroute_51 tripinfo_51" vType="Car" vaporized=""/>
    <tripinfo id="48" depart="49.00" departLane="-5708224#2_0" departPos="4.60" departSpeed="5.77" departDelay="1.00" arrival="165.00" arrivalLane="198595565#3_0" arrivalPos="256.22" arrivalSpeed="13.89" duration="116.00" routeLength="1268.79" waitSteps="4" timeLoss="24.23" rerouteNo="0" devices="vehroute_48 tripinfo_48" vType="Car" vaporized=""/>
    <tripinfo id="58" depart="58.00" departLane="124794665#0_0" departPos="4.60" departSpeed="12.40" departDelay="0.00" arrival="167.00" arrivalLane="124794665#10_0" arrivalPos="313.92" arrivalSpeed="13.89" duration="109.00" routeLength="1301.61" waitSteps="0" timeLoss="14.71" rerouteNo="0" devices="vehroute_58 tripinfo_58" vType="Car" vaporized=""/>
    <tripinfo id="1001" depart="1.00" departLane="5701670#0_0" departPos="0.00" departSpeed="0.39" departDelay="1.00" arrival="173.00" arrivalLane="216933520#1_0" arrivalPos="233.03" arrivalSpeed="13.89" duration="172.00" routeLength="1936.40" waitSteps="0" timeLoss="11.28" rerouteNo="1" devices="vehroute_1001 tripinfo_1001" vType="Car" vaporized=""/>
    <tripinfo id="35" depart="35.00" departLane="5703313#0_0" departPos="4.60" departSpeed="10.17" departDelay="0.00" arrival="174.00" arrivalLane="216933519_0" arrivalPos="182.24" arrivalSpeed="13.89" duration="139.00" routeLength="1368.32" waitSteps="13" timeLoss="39.74" rerouteNo="0" devices="vehroute_35 tripinfo_35" vType="Car" vaporized=""/>
    <tripinfo id="1002" depart="4.00" departLane="5701670#0_0" departPos="0.00" departSpeed="0.67" departDelay="4.00" arrival="176.00" arrivalLane="216933520#1_0" arrivalPos="233.03" arrivalSpeed="13.89" duration="172.00" routeLength="1936.40" waitSteps="0" timeLoss="11.84" rerouteNo="1" devices="vehroute_1002 tripinfo_1002" vType="Car" vaporized=""/>
    <tripinfo id="8" depart="8.00" departLane="-110299714#6_0" departPos="4.60" departSpeed="7.88" departDelay="0.00" arrival="179.00" arrivalLane="-5704055#0_0" arrivalPos="168.93" arrivalSpeed="13.89" duration="171.00" routeLength="1458.58" waitSteps="49" timeLoss="68.13" rerouteNo="0" devices="vehroute_8 tripinfo_8" vType="Car" vaporized=""/>
    <tripinfo id="49" depart="51.00" departLane="-5708224#2_0" departPos="4.60" departSpeed="6.41" departDelay="2.00" arrival="181.00" arrivalLane="198595565#3_0" arrivalPos="256.22" arrivalSpeed="13.89" duration="130.00" routeLength="1268.79" waitSteps="15" timeLoss="38.22" rerouteNo="0" devices="vehroute_49 tripinfo_49" vType="Car" vaporized=""/>
    <tripinfo id="22" depart="22.00" departLane="-110299714#6_0" departPos="4.60" departSpeed="13.20" departDelay="0.00" arrival="181.00" arrivalLane="-5704055#0_0" arrivalPos="168.93" arrivalSpeed="13.89" duration="159.00" routeLength="1458.58" waitSteps="37" timeLoss="56.03" rerouteNo="0" devices="vehroute_22 tripinfo_22" vType="Car" vaporized=""/>
    <tripinfo id="4" depart="4.00" departLane="198595558#0_0" departPos="4.60" departSpeed="3.29" departDelay="0.00" arrival="182.00" arrivalLane="5702757#2_0" arrivalPos="360.42" arrivalSpeed="13.89" duration="178.00" routeLength="1641.68" waitSteps="14" timeLoss="27.05" rerouteNo="0" devices="vehroute_4 tripinfo_4" vType="Car" vaporized=""/>
    <tripinfo id="1003" depart="8.00" departLane="5701670#0_0" departPos="0.00" departSpeed="2.17" departDelay="8.00" arrival="183.00" arrivalLane="216933520#1_0" arrivalPos="233.03" arrivalSpeed="13.89" duration="175.00" routeLength="1936.40" waitSteps="0" timeLoss="14.61" rerouteNo="1" devices="vehroute_1003 tripinfo_1003" vType="Car" vaporized=""/>
    <tripinfo id="30" depart="30.00" departLane="-110299714#6_0" departPos="4.60" departSpeed="1.88" departDelay="0.00" arrival="183.00" arrivalLane="-5704055#0_0" arrivalPos="168.93" arrivalSpeed="13.89" duration="153.00" routeLength="1458.58" waitSteps="26" timeLoss="50.31" rerouteNo="0" devices="vehroute_30 tripinfo_30" vType="Car" vaporized=""/>
    <tripinfo id="5" depart="6.00" departLane="198595558#0_0" departPos="4.60" departSpeed="3.36" departDelay="1.00" arrival="184.00" arrivalLane="5702757#2_0" arrivalPos="360.42" arrivalSpeed="13.89" duration="178.00" routeLength="1641.68" waitSteps="13" timeLoss="27.07" rerouteNo="0" devices="vehroute_5 tripinfo_5" vType="Car" vaporized=""/>
    <tripinfo id="1004" depart="11.00" departLane="5701670#0_0" departPos="0.00" departSpeed="3.02" departDelay="11.00" arrival="185.00" arrivalLane="216933520#1_0" arrivalPos="233.03" arrivalSpeed="13.89" duration="174.00" routeLength="1936.40" waitSteps="0" timeLoss="13.02" rerouteNo="1" devices="vehroute_1004 tripinfo_1004" vType="Car" vaporized=""/>
    <tripinfo id="34" depart="34.00" departLane="-110299714#6_0" departPos="4.60" departSpeed="8.45" departDelay="0.00" arrival="185.00" arrivalLane="-5704055#0_0" arrivalPos="168.93" arrivalSpeed="13.89" duration="151.00" routeLength="1458.58" waitSteps="25" timeLoss="48.29" rerouteNo="0" devices="vehroute_34 tripinfo_34" vType="Car" vaporized=""/>
    <tripinfo id="12" depart="12.00" departLane="198595558#0_0" departPos="4.60" departSpeed="5.27" departDelay="0.00" arrival="186.00" arrivalLane="5702757#2_0" arrivalPos="360.42" arrivalSpeed="13.89" duration="174.00" routeLength="1641.68" waitSteps="10" timeLoss="22.60" rerouteNo="0" devices="vehroute_12 tripinfo_12" vType="Car" vaporized=""/>
    <tripinfo id="1005" depart="13.00" departLane="5701670#0_0" departPos="0.00" departSpeed="0.54" departDelay="13.00" arrival="187.00" arrivalLane="216933520#1_0" arrivalPos="233.03" arrivalSpeed="13.89" duration="174.00" routeLength="1936.40" waitSteps="0" timeLoss="13.22" rerouteNo="1" devices="vehroute_1005 tripinfo_1005" vType="Car" vaporized=""/>
    <tripinfo id="41" depart="41.00" departLane="-110299714#6_0" departPos="4.60" departSpeed="7.41" departDelay="0.00" arrival="187.00" arrivalLane="-5704055#0_0" arrivalPos="168.93" arrivalSpeed="13.89" duration="146.00" routeLength="1458.58" waitSteps="20" timeLoss="42.93" rerouteNo="0" devices="vehroute_41 tripinfo_41" vType="Car" vaporized=""/>
    <tripinfo id="15" depart="15.00" departLane="198595558#0_0" departPos="4.60" departSpeed="2.65" departDelay="0.00" arrival="188.00" arrivalLane="5702757#2_0" arrivalPos="360.42" arrivalSpeed="13.89" duration="173.00" routeLength="1641.68" waitSteps="7" timeLoss="21.89" rerouteNo="0" devices="vehroute_15 tripinfo_15" vType="Car" vaporized=""/>
    <tripinfo id="1006" depart="17.00" departLane="5701670#0_0" departPos="0.00" departSpeed="1.66" departDelay="17.00" arrival="189.00" arrivalLane="216933520#1_0" arrivalPos="233.03" arrivalSpeed="13.89" duration="172.00" routeLength="1936.40" waitSteps="0" timeLoss="11.05" rerouteNo="1" devices="vehroute_1006 tripinfo_1006" vType="Car" vaporized=""/>
    <tripinfo id="65" depart="65.00" departLane="-110299714#6_0" departPos="4.60" departSpeed="12.97" departDelay="0.00" arrival="189.00" arrivalLane="-5704055#0_0" arrivalPos="168.93" arrivalSpeed="13.89" duration="124.00" routeLength="1458.58" waitSteps="0" timeLoss="21.03" rerouteNo="0" devices="vehroute_65 tripinfo_65" vType="Car" vaporized=""/>
    <tripinfo id="20" depart="20.00" departLane="198595558#0_0" departPos="4.60" departSpeed="0.60" departDelay="0.00" arrival="190.00" arrivalLane="5702757#2_0" arrivalPos="360.42" arrivalSpeed="13.89" duration="170.00" routeLength="1641.68" waitSteps="2" timeLoss="18.91" rerouteNo="0" devices="vehroute_20 tripinfo_20" vType="Car" vaporized=""/>
    <tripinfo id="46" depart="46.00" departLane="5703313#0_0" departPos="4.60" departSpeed="13.69" departDelay="0.00" arrival="190.00" arrivalLane="216933519_0" arrivalPos="182.24" arrivalSpeed="13.89" duration="144.00" routeLength="1368.32" waitSteps="17" timeLoss="44.74" rerouteNo="0" devices="vehroute_46 tripinfo_46" vType="Car" vaporized=""/>
    <tripinfo id="61" depart="61.00" departLane="-5708224#2_0" departPos="4.60" departSpeed="10.84" departDelay="0.00" arrival="192.00" arrivalLane="198595565#3_0" arrivalPos="256.22" arrivalSpeed="13.89" duration="131.00" routeLength="1268.79" waitSteps="21" timeLoss="39.24" rerouteNo="0" devices="vehroute_61 tripinfo_61" vType="Car" vaporized=""/>
    <tripinfo id="21" depart="23.00" departLane="198595558#0_0" departPos="4.60" departSpeed="1.30" departDelay="2.00" arrival="192.00" arrivalLane="5702757#2_0" arrivalPos="360.42" arrivalSpeed="13.89" duration="169.00" routeLength="1641.68" waitSteps="0" timeLoss="18.04" rerouteNo="0" devices="vehroute_21 tripinfo_21" vType="Car" vaporized=""/>
    <tripinfo id="1007" depart="20.00" departLane="5701670#0_0" departPos="0.00" departSpeed="0.51" departDelay="20.00" arrival="192.00" arrivalLane="216933520#1_0" arrivalPos="233.03" arrivalSpeed="13.89" duration="172.00" routeLength="1936.40" waitSteps="0" timeLoss="11.84" rerouteNo="1" devices="vehroute_1007 tripinfo_1007" vType="Car" vaporized=""/>
    <tripinfo id="62" depart="62.00" departLane="-5708224#2_0" departPos="4.60" departSpeed="5.57" departDelay="0.00" arrival="194.00" arrivalLane="198595565#3_0" arrivalPos="256.22" arrivalSpeed="13.89" duration="132.00" routeLength="1268.79" waitSteps="19" timeLoss="39.70" rerouteNo="0" devices="vehroute_62 tripinfo_62" vType="Car" vaporized=""/>
    <tripinfo id="29" depart="29.00" departLane="198595558#0_0" departPos="4.60" departSpeed="10.75" departDelay="0.00" arrival="194.00" arrivalLane="5702757#2_0" arrivalPos="360.42" arrivalSpeed="13.89" duration="165.00" routeLength="1641.68" waitSteps="0" timeLoss="13.79" rerouteNo="0" devices="vehroute_29 tripinfo_29" vType="Car" vaporized=""/>
    <tripinfo id="63" depart="63.00" departLane="-5708224#2_0" departPos="4.60" departSpeed="1.63" departDelay="0.00" arrival="195.00" arrivalLane="198595565#3_0" arrivalPos="256.22" arrivalSpeed="13.89" duration="132.00" routeLength="1268.79" waitSteps="17" timeLoss="40.15" rerouteNo="0" devices="vehroute_63 tripinfo_63" vType="Car" vaporized=""/>
    <tripinfo id="32" depart="32.00" departLane="198595558#0_0" departPos="4.60" departSpeed="12.33" departDelay="0.00" arrival="196.00" arrivalLane="5702757#2_0" arrivalPos="360.42" arrivalSpeed="13.89" duration="164.00" routeLength="1641.68" waitSteps="0" timeLoss="12.82" rerouteNo="0" devices="vehroute_32 tripinfo_32" vType="Car" vaporized=""/>
    <tripinfo id="79" depart="79.00" departLane="-5708224#2_0" departPos="4.60" departSpeed="13.57" departDelay="0.00" arrival="197.00" arrivalLane="198595565#3_0" arrivalPos="256.22" arrivalSpeed="13.89" duration="118.00" routeLength="1268.79" waitSteps="7" timeLoss="26.61" rerouteNo="0" devices="vehroute_79 tripinfo_79" vType="Car" vaporized=""/>
    <tripinfo id="40" depart="40.00" departLane="198595558#0_0" departPos="4.60" departSpeed="9.84" departDelay="0.00" arrival="198.00" arrivalLane="5702757#2_0" arrivalPos="360.42" arrivalSpeed="13.89" duration="158.00" routeLength="1641.68" waitSteps="0" timeLoss="7.17" rerouteNo="0" devices="vehroute_40 tripinfo_40" vType="Car" vaporized=""/>
    <tripinfo id="1008" depart="23.00" departLane="5701670#0_0" departPos="0.00" departSpeed="0.89" departDelay="23.00" arrival="199.00" arrivalLane="216933520#1_0" arrivalPos="233.03" arrivalSpeed="13.89" duration="176.00" routeLength="1936.40" waitSteps="0" timeLoss="15.62" rerouteNo="1" devices="vehroute_1008 tripinfo_1008" vType="Car" vaporized=""/>
    <tripinfo id="1009" depart="27.00" departLane="5701670#0_0" departPos="0.00" departSpeed="3.07" departDelay="27.00" arrival="201.00" arrivalLane="216933520#1_0" arrivalPos="233.03" arrivalSpeed="13.89" duration="174.00" routeLength="1936.40" waitSteps="0" timeLoss="13.01" rerouteNo="1" devices="vehroute_1009 tripinfo_1009" vType="Car" vaporized=""/>
    <tripinfo id="1010" depart="29.00" departLane="5701670#0_0" departPos="0.00" departSpeed="0.64" departDelay="29.00" arrival="203.00" arrivalLane="216933520#1_0" arrivalPos="233.03" arrivalSpeed="13.89" duration="174.00" routeLength="1936.40" waitSteps="0" timeLoss="13.21" rerouteNo="1" devices="vehroute_1010 tripinfo_1010" vType="Car" vaporized=""/>
    <tripinfo id="50" depart="50.00" departLane="-198595456#4_0" departPos="4.60" departSpeed="11.74" departDelay="0.00" arrival="204.00" arrivalLane="-198595455#0_1" arrivalPos="13.19" arrivalSpeed="25.00" duration="154.00" routeLength="1422.84" waitSteps="62" timeLoss="102.58" rerouteNo="0" devices="vehroute_50 tripinfo_50" vType="Car" vaporized=""/>
    <tripinfo id="37" depart="37.00" departLane="-198595456#4_0" departPos="4.60" departSpeed="16.61" departDelay="0.00" arrival="204.00" arrivalLane="-198595455#0_0" arrivalPos="13.19" arrivalSpeed="25.00" duration="167.00" routeLength="1422.84" waitSteps="83" timeLoss="115.59" rerouteNo="0" devices="vehroute_37 tripinfo_37" vType="Car" vaporized=""/>
    <tripinfo id="67" depart="67.00" departLane="-198595456#4_0" departPos="4.60" departSpeed="18.78" departDelay="0.00" arrival="206.00" arrivalLane="-198595455#0_0" arrivalPos="13.19" arrivalSpeed="26.00" duration="139.00" routeLength="1422.84" waitSteps="55" timeLoss="86.89" rerouteNo="0" devices="vehroute_67 tripinfo_67" vType="Car" vaporized=""/>
    <tripinfo id="98" depart="98.00" departLane="-198595456#4_0" departPos="4.60" departSpeed="21.79" departDelay="0.00" arrival="206.00" arrivalLane="-198595455#0_1" arrivalPos="13.19" arrivalSpeed="26.00" duration="108.00" routeLength="1422.84" waitSteps="24" timeLoss="55.89" rerouteNo="0" devices="vehroute_98 tripinfo_98" vType="Car" vaporized=""/>
    <tripinfo id="100" depart="100.00" departLane="-198595456#4_0" departPos="4.60" departSpeed="26.61" departDelay="0.00" arrival="207.00" arrivalLane="-198595455#0_1" arrivalPos="13.19" arrivalSpeed="26.00" duration="107.00" routeLength="1422.84" waitSteps="23" timeLoss="55.12" rerouteNo="0" devices="vehroute_100 tripinfo_100" vType="Car" vaporized=""/>
    <tripinfo id="96" depart="96.00" departLane="-198595456#4_0" departPos="4.60" departSpeed="18.53" departDelay="0.00" arrival="207.00" arrivalLane="-198595455#0_0" arrivalPos="13.19" arrivalSpeed="26.00" duration="111.00" routeLength="1422.84" waitSteps="27" timeLoss="59.12" rerouteNo="0" devices="vehroute_96 tripinfo_96" vType="Car" vaporized=""/>
    <tripinfo id="83" depart="83.00" departLane="-110299714#6_0" departPos="4.60" departSpeed="1.69" departDelay="0.00" arrival="207.00" arrivalLane="-5704055#0_0" arrivalPos="168.93" arrivalSpeed="13.89" duration="124.00" routeLength="1458.58" waitSteps="1" timeLoss="21.11" rerouteNo="0" devices="vehroute_83 tripinfo_83" vType="Car" vaporized=""/>
    <tripinfo id="124" depart="124.00" departLane="-198595456#4_0" departPos="4.60" departSpeed="21.73" departDelay="0.00" arrival="208.00" arrivalLane="-198595455#0_0" arrivalPos="13.19" arrivalSpeed="26.00" duration="84.00" routeLength="1422.84" waitSteps="12" timeLoss="32.35" rerouteNo="0" devices="vehroute_124 tripinfo_124" vType="Car" vaporized=""/>
    <tripinfo id="86" depart="86.00" departLane="124794665#0_0" departPos="4.60" departSpeed="0.63" departDelay="0.00" arrival="214.00" arrivalLane="124794665#10_0" arrivalPos="313.92" arrivalSpeed="13.89" duration="128.00" routeLength="1301.61" waitSteps="10" timeLoss="33.31" rerouteNo="0" devices="vehroute_86 tripinfo_86" vType="Car" vaporized=""/>
    <tripinfo id="90" depart="90.00" departLane="124794665#0_0" departPos="4.60" departSpeed="5.50" departDelay="0.00" arrival="215.00" arrivalLane="124794665#10_0" arrivalPos="313.92" arrivalSpeed="13.89" duration="125.00" routeLength="1301.61" waitSteps="9" timeLoss="30.78" rerouteNo="0" devices="vehroute_90 tripinfo_90" vType="Car" vaporized=""/>
    <tripinfo id="117" depart="117.00" departLane="-5708224#2_0" departPos="4.60" departSpeed="2.22" departDelay="0.00" arrival="221.00" arrivalLane="198595565#3_0" arrivalPos="256.22" arrivalSpeed="13.89" duration="104.00" routeLength="1268.79" waitSteps="0" timeLoss="11.72" rerouteNo="0" devices="vehroute_117 tripinfo_117" vType="Car" vaporized=""/>
    <tripinfo id="122" depart="122.00" departLane="-5708224#2_0" departPos="4.60" departSpeed="8.17" departDelay="0.00" arrival="222.00" arrivalLane="198595565#3_0" arrivalPos="256.22" arrivalSpeed="13.89" duration="100.00" routeLength="1268.79" waitSteps="0" timeLoss="8.19" rerouteNo="0" devices="vehroute_122 tripinfo_122" vType="Car" vaporized=""/>
    <tripinfo id="116" depart="116.00" departLane="124794665#0_0" departPos="4.60" departSpeed="5.52" departDelay="0.00" arrival="226.00" arrivalLane="124794665#10_0" arrivalPos="313.92" arrivalSpeed="13.89" duration="110.00" routeLength="1301.61" waitSteps="0" timeLoss="15.90" rerouteNo="0" devices="vehroute_116 tripinfo_116" vType="Car" vaporized=""/>
    <tripinfo id="126" depart="126.00" departLane="-5708224#2_0" departPos="4.60" departSpeed="8.31" departDelay="0.00" arrival="226.00" arrivalLane="198595565#3_0" arrivalPos="256.22" arrivalSpeed="13.89" duration="100.00" routeLength="1268.79" waitSteps="0" timeLoss="8.17" rerouteNo="0" devices="vehroute_126 tripinfo_126" vType="Car" vaporized=""/>
    <tripinfo id="52" depart="52.00" departLane="5703313#0_0" departPos="4.60" departSpeed="0.91" departDelay="0.00" arrival="226.00" arrivalLane="216933519_0" arrivalPos="182.24" arrivalSpeed="13.89" duration="174.00" routeLength="1368.32" waitSteps="50" timeLoss="74.57" rerouteNo="0" devices="vehroute_52 tripinfo_52" vType="Car" vaporized=""/>
    <tripinfo id="55" depart="55.00" departLane="5703313#0_0" departPos="4.60" departSpeed="2.24" departDelay="0.00" arrival="230.00" arrivalLane="216933519_0" arrivalPos="182.24" arrivalSpeed="13.89" duration="175.00" routeLength="1368.32" waitSteps="49" timeLoss="75.67" rerouteNo="0" devices="vehroute_55 tripinfo_55" vType="Car" vaporized=""/>
    <tripinfo id="71" depart="71.00" departLane="5703313#0_0" departPos="4.60" departSpeed="3.21" departDelay="0.00" arrival="231.00" arrivalLane="216933519_0" arrivalPos="182.24" arrivalSpeed="13.89" duration="160.00" routeLength="1368.32" waitSteps="37" timeLoss="61.16" rerouteNo="0" devices="vehroute_71 tripinfo_71" vType="Car" vaporized=""/>
    <tripinfo id="76" depart="76.00" departLane="5703313#0_0" departPos="4.60" departSpeed="3.61" departDelay="0.00" arrival="233.00" arrivalLane="216933519_0" arrivalPos="182.24" arrivalSpeed="13.89" duration="157.00" routeLength="1368.32" waitSteps="33" timeLoss="57.64" rerouteNo="0" devices="vehroute_76 tripinfo_76" vType="Car" vaporized=""/>
    <tripinfo id="139" depart="139.00" departLane="-5708224#2_0" departPos="4.60" departSpeed="12.31" departDelay="0.00" arrival="237.00" arrivalLane="198595565#3_0" arrivalPos="256.22" arrivalSpeed="13.89" duration="98.00" routeLength="1268.79" waitSteps="0" timeLoss="5.82" rerouteNo="0" devices="vehroute_139 tripinfo_139" vType="Car" vaporized=""/>
    <tripinfo id="131" depart="131.00" departLane="124794665#0_0" departPos="4.60" departSpeed="1.73" departDelay="0.00" arrival="241.00" arrivalLane="124794665#10_0" arrivalPos="313.92" arrivalSpeed="13.89" duration="110.00" routeLength="1301.61" waitSteps="0" timeLoss="15.57" rerouteNo="0" devices="vehroute_131 tripinfo_131" vType="Car" vaporized=""/>
    <tripinfo id="26" depart="26.00" departLane="198595471#0_0" departPos="4.60" departSpeed="9.78" departDelay="0.00" arrival="244.00" arrivalLane="5701721#10_0" arrivalPos="336.05" arrivalSpeed="11.18" duration="218.00" routeLength="2028.79" waitSteps="32" timeLoss="70.88" rerouteNo="0" devices="vehroute_26 tripinfo_26" vType="Car" vaporized=""/>
    <tripinfo id="77" depart="78.00" departLane="5703313#0_0" departPos="4.60" departSpeed="4.32" departDelay="1.00" arrival="246.00" arrivalLane="216933519_0" arrivalPos="182.24" arrivalSpeed="13.89" duration="168.00" routeLength="1368.32" waitSteps="37" timeLoss="69.07" rerouteNo="0" devices="vehroute_77 tripinfo_77" vType="Car" vaporized=""/>
    <tripinfo id="39" depart="39.00" departLane="198595471#0_0" departPos="4.60" departSpeed="13.01" departDelay="0.00" arrival="246.00" arrivalLane="5701721#10_0" arrivalPos="336.05" arrivalSpeed="11.18" duration="207.00" routeLength="2028.79" waitSteps="14" timeLoss="59.97" rerouteNo="0" devices="vehroute_39 tripinfo_39" vType="Car" vaporized=""/>
    <tripinfo id="137" depart="137.00" departLane="124794665#0_0" departPos="4.60" departSpeed="11.81" departDelay="0.00" arrival="247.00" arrivalLane="124794665#10_0" arrivalPos="313.92" arrivalSpeed="13.89" duration="110.00" routeLength="1301.61" waitSteps="0" timeLoss="15.80" rerouteNo="0" devices="vehroute_137 tripinfo_137" vType="Car" vaporized=""/>
    <tripinfo id="140" depart="140.00" departLane="-5708224#2_0" departPos="4.60" departSpeed="11.14" departDelay="0.00" arrival="248.00" arrivalLane="198595565#3_0" arrivalPos="256.22" arrivalSpeed="13.89" duration="108.00" routeLength="1268.79" waitSteps="4" timeLoss="16.36" rerouteNo="0" devices="vehroute_140 tripinfo_140" vType="Car" vaporized=""/>
    <tripinfo id="54" depart="54.00" departLane="198595471#0_0" departPos="4.60" departSpeed="1.48" departDelay="0.00" arrival="248.00" arrivalLane="5701721#10_0" arrivalPos="336.05" arrivalSpeed="11.18" duration="194.00" routeLength="2028.79" waitSteps="1" timeLoss="46.64" rerouteNo="0" devices="vehroute_54 tripinfo_54" vType="Car" vaporized=""/>
    <tripinfo id="141" depart="141.00" departLane="124794665#0_0" departPos="4.60" departSpeed="7.07" departDelay="0.00" arrival="249.00" arrivalLane="124794665#10_0" arrivalPos="313.92" arrivalSpeed="13.89" duration="108.00" routeLength="1301.61" waitSteps="0" timeLoss="13.44" rerouteNo="0" devices="vehroute_141 tripinfo_141" vType="Car" vaporized=""/>
    <tripinfo id="146" depart="146.00" departLane="124794665#0_0" departPos="4.60" departSpeed="13.65" departDelay="0.00" arrival="252.00" arrivalLane="124794665#10_0" arrivalPos="313.92" arrivalSpeed="13.89" duration="106.00" routeLength="1301.61" waitSteps="0" timeLoss="11.37" rerouteNo="0" devices="vehroute_146 tripinfo_146" vType="Car" vaporized=""/>
    <tripinfo id="91" depart="91.00" departLane="5703313#0_0" departPos="4.60" departSpeed="6.93" departDelay="0.00" arrival="256.00" arrivalLane="216933519_0" arrivalPos="182.24" arrivalSpeed="13.89" duration="165.00" routeLength="1368.32" waitSteps="32" timeLoss="66.10" rerouteNo="0" devices="vehroute_91 tripinfo_91" vType="Car" vaporized=""/>
    <tripinfo id="59" depart="59.00" departLane="198595471#0_0" departPos="4.60" departSpeed="10.11" departDelay="0.00" arrival="256.00" arrivalLane="5701721#10_0" arrivalPos="336.05" arrivalSpeed="11.18" duration="197.00" routeLength="2028.79" waitSteps="3" timeLoss="49.59" rerouteNo="0" devices="vehroute_59 tripinfo_59" vType="Car" vaporized=""/>
    <tripinfo id="92" depart="92.00" departLane="5703313#0_0" departPos="4.60" departSpeed="4.37" departDelay="0.00" arrival="258.00" arrivalLane="216933519_0" arrivalPos="182.24" arrivalSpeed="13.89" duration="166.00" routeLength="1368.32" waitSteps="29" timeLoss="66.55" rerouteNo="0" devices="vehroute_92 tripinfo_92" vType="Car" vaporized=""/>
    <tripinfo id="68" depart="68.00" departLane="198595471#0_0" departPos="4.60" departSpeed="4.03" departDelay="0.00" arrival="258.00" arrivalLane="5701721#10_0" arrivalPos="336.05" arrivalSpeed="11.18" duration="190.00" routeLength="2028.79" waitSteps="2" timeLoss="42.76" rerouteNo="0" devices="vehroute_68 tripinfo_68" vType="Car" vaporized=""/>
    <tripinfo id="105" depart="105.00" departLane="5703313#0_0" departPos="4.60" departSpeed="13.17" departDelay="0.00" arrival="259.00" arrivalLane="216933519_0" arrivalPos="182.24" arrivalSpeed="13.89" duration="154.00" routeLength="1368.32" waitSteps="22" timeLoss="55.21" rerouteNo="0" devices="vehroute_105 tripinfo_105" vType="Car" vaporized=""/>
    <tripinfo id="154" depart="154.00" departLane="-5708224#2_0" departPos="4.60" departSpeed="11.00" departDelay="0.00" arrival="261.00" arrivalLane="198595565#3_0" arrivalPos="256.22" arrivalSpeed="13.89" duration="107.00" routeLength="1268.79" waitSteps="4" timeLoss="15.37" rerouteNo="0" devices="vehroute_154 tripinfo_154" vType="Car" vaporized=""/>
    <tripinfo id="155" depart="155.00" departLane="124794665#0_0" departPos="4.60" departSpeed="2.61" departDelay="0.00" arrival="265.00" arrivalLane="124794665#10_0" arrivalPos="313.92" arrivalSpeed="13.89" duration="110.00" routeLength="1301.61" waitSteps="0" timeLoss="15.70" rerouteNo="0" devices="vehroute_155 tripinfo_155" vType="Car" vaporized=""/>
    <tripinfo id="111" depart="111.00" departLane="5703313#0_0" departPos="4.60" departSpeed="2.22" departDelay="0.00" arrival="268.00" arrivalLane="216933519_0" arrivalPos="182.24" arrivalSpeed="13.89" duration="157.00" routeLength="1368.32" waitSteps="14" timeLoss="58.11" rerouteNo="0" devices="vehroute_111 tripinfo_111" vType="Car" vaporized=""/>
    <tripinfo id="102" depart="102.00" departLane="-110299714#6_0" departPos="4.60" departSpeed="9.69" departDelay="0.00" arrival="269.00" arrivalLane="-5704055#0_0" arrivalPos="168.93" arrivalSpeed="13.89" duration="167.00" routeLength="1458.58" waitSteps="40" timeLoss="64.14" rerouteNo="0" devices="vehroute_102 tripinfo_102" vType="Car" vaporized=""/>
    <tripinfo id="113" depart="113.00" departLane="5703313#0_0" departPos="4.60" departSpeed="0.94" departDelay="0.00" arrival="270.00" arrivalLane="216933519_0" arrivalPos="182.24" arrivalSpeed="13.89" duration="157.00" routeLength="1368.32" waitSteps="13" timeLoss="57.57" rerouteNo="0" devices="vehroute_113 tripinfo_113" vType="Car" vaporized=""/>
    <tripinfo id="120" depart="120.00" departLane="5703313#0_0" departPos="4.60" departSpeed="0.80" departDelay="0.00" arrival="271.00" arrivalLane="216933519_0" arrivalPos="182.24" arrivalSpeed="13.89" duration="151.00" routeLength="1368.32" waitSteps="11" timeLoss="52.20" rerouteNo="0" devices="vehroute_120 tripinfo_120" vType="Car" vaporized=""/>
    <tripinfo id="109" depart="109.00" departLane="-110299714#6_0" departPos="4.60" departSpeed="12.21" departDelay="0.00" arrival="271.00" arrivalLane="-5704055#0_0" arrivalPos="168.93" arrivalSpeed="13.89" duration="162.00" routeLength="1458.58" waitSteps="37" timeLoss="59.03" rerouteNo="0" devices="vehroute_109 tripinfo_109" vType="Car" vaporized=""/>
    <tripinfo id="160" depart="160.00" departLane="-5708224#2_0" departPos="4.60" departSpeed="9.08" departDelay="0.00" arrival="272.00" arrivalLane="198595565#3_0" arrivalPos="256.22" arrivalSpeed="13.89" duration="112.00" routeLength="1268.79" waitSteps="6" timeLoss="20.36" rerouteNo="0" devices="vehroute_160 tripinfo_160" vType="Car" vaporized=""/>
    <tripinfo id="45" depart="45.00" departLane="198595558#0_0" departPos="4.60" departSpeed="12.03" departDelay="0.00" arrival="272.00" arrivalLane="5702757#2_0" arrivalPos="360.42" arrivalSpeed="13.89" duration="227.00" routeLength="1641.68" waitSteps="67" timeLoss="76.05" rerouteNo="0" devices="vehroute_45 tripinfo_45" vType="Car" vaporized=""/>
    <tripinfo id="121" depart="123.00" departLane="5703313#0_0" departPos="4.60" departSpeed="1.89" departDelay="2.00" arrival="273.00" arrivalLane="216933519_0" arrivalPos="182.24" arrivalSpeed="13.89" duration="150.00" routeLength="1368.32" waitSteps="11" timeLoss="50.88" rerouteNo="0" devices="vehroute_121 tripinfo_121" vType="Car" vaporized=""/>
    <tripinfo id="127" depart="127.00" departLane="-110299714#6_0" departPos="4.60" departSpeed="13.48" departDelay="0.00" arrival="273.00" arrivalLane="-5704055#0_0" arrivalPos="168.93" arrivalSpeed="13.89" duration="146.00" routeLength="1458.58" waitSteps="20" timeLoss="43.32" rerouteNo="0" devices="vehroute_127 tripinfo_127" vType="Car" vaporized=""/>
    <tripinfo id="167" depart="167.00" departLane="-5708224#2_0" departPos="4.60" departSpeed="2.35" departDelay="0.00" arrival="274.00" arrivalLane="198595565#3_0" arrivalPos="256.22" arrivalSpeed="13.89" duration="107.00" routeLength="1268.79" waitSteps="0" timeLoss="15.47" rerouteNo="0" devices="vehroute_167 tripinfo_167" vType="Car" vaporized=""/>
    <tripinfo id="60" depart="60.00" departLane="198595558#0_0" departPos="4.60" departSpeed="1.05" departDelay="0.00" arrival="274.00" arrivalLane="5702757#2_0" arrivalPos="360.42" arrivalSpeed="13.89" duration="214.00" routeLength="1641.68" waitSteps="48" timeLoss="63.07" rerouteNo="0" devices="vehroute_60 tripinfo_60" vType="Car" vaporized=""/>
    <tripinfo id="123" depart="126.00" departLane="5703313#0_0" departPos="4.60" departSpeed="2.17" departDelay="3.00" arrival="275.00" arrivalLane="216933519_0" arrivalPos="182.24" arrivalSpeed="13.89" duration="149.00" routeLength="1368.32" waitSteps="11" timeLoss="49.97" rerouteNo="0" devices="vehroute_123 tripinfo_123" vType="Car" vaporized=""/>
    <tripinfo id="158" depart="158.00" departLane="-110299714#6_0" departPos="4.60" departSpeed="10.41" departDelay="0.00" arrival="275.00" arrivalLane="-5704055#0_0" arrivalPos="168.93" arrivalSpeed="13.89" duration="117.00" routeLength="1458.58" waitSteps="0" timeLoss="13.62" rerouteNo="0" devices="vehroute_158 tripinfo_158" vType="Car" vaporized=""/>
    <tripinfo id="72" depart="72.00" departLane="198595558#0_0" departPos="4.60" departSpeed="0.61" departDelay="0.00" arrival="276.00" arrivalLane="5702757#2_0" arrivalPos="360.42" arrivalSpeed="13.89" duration="204.00" routeLength="1641.68" waitSteps="37" timeLoss="52.60" rerouteNo="0" devices="vehroute_72 tripinfo_72" vType="Car" vaporized=""/>
    <tripinfo id="129" depart="129.00" departLane="5703313#0_0" departPos="4.60" departSpeed="3.02" departDelay="0.00" arrival="277.00" arrivalLane="216933519_0" arrivalPos="182.24" arrivalSpeed="13.89" duration="148.00" routeLength="1368.32" waitSteps="11" timeLoss="49.00" rerouteNo="0" devices="vehroute_129 tripinfo_129" vType="Car" vaporized=""/>
    <tripinfo id="75" depart="75.00" departLane="198595558#0_0" departPos="4.60" departSpeed="1.33" departDelay="0.00" arrival="278.00" arrivalLane="5702757#2_0" arrivalPos="360.42" arrivalSpeed="13.89" duration="203.00" routeLength="1641.68" waitSteps="35" timeLoss="51.89" rerouteNo="0" devices="vehroute_75 tripinfo_75" vType="Car" vaporized=""/>
    <tripinfo id="134" depart="134.00" departLane="5703313#0_0" departPos="4.60" departSpeed="11.76" departDelay="0.00" arrival="279.00" arrivalLane="216933519_0" arrivalPos="182.24" arrivalSpeed="13.89" duration="145.00" routeLength="1368.32" waitSteps="11" timeLoss="46.01" rerouteNo="0" devices="vehroute_134 tripinfo_134" vType="Car" vaporized=""/>
    <tripinfo id="95" depart="95.00" departLane="198595558#0_0" departPos="4.60" departSpeed="8.61" departDelay="0.00" arrival="280.00" arrivalLane="5702757#2_0" arrivalPos="360.42" arrivalSpeed="13.89" duration="185.00" routeLength="1641.68" waitSteps="22" timeLoss="33.92" rerouteNo="0" devices="vehroute_95 tripinfo_95" vType="Car" vaporized=""/>
    <tripinfo id="135" depart="135.00" departLane="5703313#0_0" departPos="4.60" departSpeed="9.55" departDelay="0.00" arrival="281.00" arrivalLane="216933519_0" arrivalPos="182.24" arrivalSpeed="13.89" duration="146.00" routeLength="1368.32" waitSteps="11" timeLoss="47.01" rerouteNo="0" devices="vehroute_135 tripinfo_135" vType="Car" vaporized=""/>
    <tripinfo id="103" depart="103.00" departLane="198595558#0_0" departPos="4.60" departSpeed="13.11" departDelay="0.00" arrival="282.00" arrivalLane="5702757#2_0" arrivalPos="360.42" arrivalSpeed="13.89" duration="179.00" routeLength="1641.68" waitSteps="16" timeLoss="28.05" rerouteNo="0" devices="vehroute_103 tripinfo_103" vType="Car" vaporized=""/>
    <tripinfo id="172" depart="172.00" departLane="-5708224#2_0" departPos="4.60" departSpeed="6.71" departDelay="0.00" arrival="284.00" arrivalLane="198595565#3_0" arrivalPos="256.22" arrivalSpeed="13.89" duration="112.00" routeLength="1268.79" waitSteps="5" timeLoss="20.25" rerouteNo="0" devices="vehroute_172 tripinfo_172" vType="Car" vaporized=""/>
    <tripinfo id="107" depart="107.00" departLane="198595558#0_0" departPos="4.60" departSpeed="13.07" departDelay="0.00" arrival="284.00" arrivalLane="5702757#2_0" arrivalPos="360.42" arrivalSpeed="13.89" duration="177.00" routeLength="1641.68" waitSteps="13" timeLoss="25.79" rerouteNo="0" devices="vehroute_107 tripinfo_107" vType="Car" vaporized=""/>
    <tripinfo id="108" depart="108.00" departLane="198595558#0_0" departPos="4.60" departSpeed="0.46" departDelay="0.00" arrival="286.00" arrivalLane="5702757#2_0" arrivalPos="360.42" arrivalSpeed="13.89" duration="178.00" routeLength="1641.68" waitSteps="8" timeLoss="26.81" rerouteNo="0" devices="vehroute_108 tripinfo_108" vType="Car" vaporized=""/>
    <tripinfo id="169" depart="169.00" departLane="-110299714#6_0" departPos="4.60" departSpeed="6.46" departDelay="0.00" arrival="286.00" arrivalLane="-5704055#0_0" arrivalPos="168.93" arrivalSpeed="13.89" duration="117.00" routeLength="1458.58" waitSteps="0" timeLoss="14.21" rerouteNo="0" devices="vehroute_169 tripinfo_169" vType="Car" vaporized=""/>
    <tripinfo id="130" depart="130.00" departLane="-198595456#4_0" departPos="4.60" departSpeed="2.27" departDelay="0.00" arrival="294.00" arrivalLane="-198595455#0_1" arrivalPos="13.19" arrivalSpeed="25.00" duration="164.00" routeLength="1422.84" waitSteps="66" timeLoss="112.58" rerouteNo="0" devices="vehroute_130 tripinfo_130" vType="Car" vaporized=""/>
    <tripinfo id="125" depart="125.00" departLane="-198595456#4_0" departPos="4.60" departSpeed="20.23" departDelay="0.00" arrival="294.00" arrivalLane="-198595455#0_0" arrivalPos="13.19" arrivalSpeed="25.00" duration="169.00" routeLength="1422.84" waitSteps="86" timeLoss="117.59" rerouteNo="0" devices="vehroute_125 tripinfo_125" vType="Car" vaporized=""/>
    <tripinfo id="147" depart="147.00" departLane="-198595456#4_0" departPos="4.60" departSpeed="3.99" departDelay="0.00" arrival="296.00" arrivalLane="-198595455#0_0" arrivalPos="13.19" arrivalSpeed="26.00" duration="149.00" routeLength="1422.84" waitSteps="57" timeLoss="96.88" rerouteNo="0" devices="vehroute_147 tripinfo_147" vType="Car" vaporized=""/>
    <tripinfo id="148" depart="149.00" departLane="-198595456#4_0" departPos="4.60" departSpeed="5.24" departDelay="1.00" arrival="296.00" arrivalLane="-198595455#0_1" arrivalPos="13.19" arrivalSpeed="26.00" duration="147.00" routeLength="1422.84" waitSteps="53" timeLoss="94.88" rerouteNo="0" devices="vehroute_148 tripinfo_148" vType="Car" vaporized=""/>
    <tripinfo id="165" depart="165.00" departLane="-198595456#4_0" departPos="4.60" departSpeed="21.54" departDelay="0.00" arrival="297.00" arrivalLane="-198595455#0_1" arrivalPos="13.19" arrivalSpeed="26.00" duration="132.00" routeLength="1422.84" waitSteps="48" timeLoss="80.12" rerouteNo="0" devices="vehroute_165 tripinfo_165" vType="Car" vaporized=""/>
    <tripinfo id="162" depart="162.00" departLane="-198595456#4_0" departPos="4.60" departSpeed="25.68" departDelay="0.00" arrival="297.00" arrivalLane="-198595455#0_0" arrivalPos="13.19" arrivalSpeed="26.00" duration="135.00" routeLength="1422.84" waitSteps="51" timeLoss="83.12" rerouteNo="0" devices="vehroute_162 tripinfo_162" vType="Car" vaporized=""/>
    <tripinfo id="177" depart="177.00" departLane="-198595456#4_0" departPos="4.60" departSpeed="20.07" departDelay="0.00" arrival="298.00" arrivalLane="-198595455#0_1" arrivalPos="13.19" arrivalSpeed="26.00" duration="121.00" routeLength="1422.84" waitSteps="36" timeLoss="69.35" rerouteNo="0" devices="vehroute_177 tripinfo_177" vType="Car" vaporized=""/>
    <tripinfo id="174" depart="174.00" departLane="-198595456#4_0" departPos="4.60" departSpeed="17.31" departDelay="0.00" arrival="298.00" arrivalLane="-198595455#0_0" arrivalPos="13.19" arrivalSpeed="26.00" duration="124.00" routeLength="1422.84" waitSteps="40" timeLoss="72.35" rerouteNo="0" devices="vehroute_174 tripinfo_174" vType="Car" vaporized=""/>
    <tripinfo id="184" depart="184.00" departLane="-198595456#4_0" departPos="4.60" departSpeed="15.57" departDelay="0.00" arrival="299.00" arrivalLane="-198595455#0_1" arrivalPos="13.19" arrivalSpeed="26.00" duration="115.00" routeLength="1422.84" waitSteps="29" timeLoss="63.59" rerouteNo="0" devices="vehroute_184 tripinfo_184" vType="Car" vaporized=""/>
    <tripinfo id="179" depart="179.00" departLane="-198595456#4_0" departPos="4.60" departSpeed="3.96" departDelay="0.00" arrival="299.00" arrivalLane="-198595455#0_0" arrivalPos="13.19" arrivalSpeed="26.00" duration="120.00" routeLength="1422.84" waitSteps="28" timeLoss="68.58" rerouteNo="0" devices="vehroute_179 tripinfo_179" vType="Car" vaporized=""/>
    <tripinfo id="196" depart="196.00" departLane="-198595456#4_0" departPos="4.60" departSpeed="10.80" departDelay="0.00" arrival="301.00" arrivalLane="-198595455#0_0" arrivalPos="13.19" arrivalSpeed="27.00" duration="105.00" routeLength="1422.84" waitSteps="23" timeLoss="52.84" rerouteNo="0" devices="vehroute_196 tripinfo_196" vType="Car" vaporized=""/>
    <tripinfo id="170" depart="170.00" departLane="124794665#0_0" departPos="4.60" departSpeed="0.15" departDelay="0.00" arrival="302.00" arrivalLane="124794665#10_0" arrivalPos="313.92" arrivalSpeed="13.89" duration="132.00" routeLength="1301.61" waitSteps="11" timeLoss="37.29" rerouteNo="0" devices="vehroute_170 tripinfo_170" vType="Car" vaporized=""/>
    <tripinfo id="191" depart="191.00" departLane="124794665#0_0" departPos="4.60" departSpeed="0.12" departDelay="0.00" arrival="303.00" arrivalLane="124794665#10_0" arrivalPos="313.92" arrivalSpeed="13.89" duration="112.00" routeLength="1301.61" waitSteps="0" timeLoss="17.77" rerouteNo="0" devices="vehroute_191 tripinfo_191" vType="Car" vaporized=""/>
    <tripinfo id="194" depart="195.00" departLane="124794665#0_0" departPos="4.60" departSpeed="3.96" departDelay="1.00" arrival="309.00" arrivalLane="124794665#10_0" arrivalPos="313.92" arrivalSpeed="13.89" duration="114.00" routeLength="1301.61" waitSteps="0" timeLoss="19.59" rerouteNo="0" devices="vehroute_194 tripinfo_194" vType="Car" vaporized=""/>
    <tripinfo id="199" depart="199.00" departLane="124794665#0_0" departPos="4.60" departSpeed="10.33" departDelay="0.00" arrival="311.00" arrivalLane="124794665#10_0" arrivalPos="313.92" arrivalSpeed="13.89" duration="112.00" routeLength="1301.61" waitSteps="0" timeLoss="17.59" rerouteNo="0" devices="vehroute_199 tripinfo_199" vType="Car" vaporized=""/>
    <tripinfo id="157" depart="157.00" departLane="5703313#0_0" departPos="4.60" departSpeed="1.61" departDelay="0.00" arrival="317.00" arrivalLane="216933519_0" arrivalPos="182.24" arrivalSpeed="13.89" duration="160.00" routeLength="1368.32" waitSteps="38" timeLoss="60.64" rerouteNo="0" devices="vehroute_157 tripinfo_157" vType="Car" vaporized=""/>
    <tripinfo id="161" depart="161.00" departLane="5703313#0_0" departPos="4.60" departSpeed="0.70" departDelay="0.00" arrival="318.00" arrivalLane="216933519_0" arrivalPos="182.24" arrivalSpeed="13.89" duration="157.00" routeLength="1368.32" waitSteps="34" timeLoss="58.35" rerouteNo="0" devices="vehroute_161 tripinfo_161" vType="Car" vaporized=""/>
    <tripinfo id="183" depart="183.00" departLane="5703313#0_0" departPos="4.60" departSpeed="11.18" departDelay="0.00" arrival="320.00" arrivalLane="216933519_0" arrivalPos="182.24" arrivalSpeed="13.89" duration="137.00" routeLength="1368.32" waitSteps="17" timeLoss="38.22" rerouteNo="0" devices="vehroute_183 tripinfo_183" vType="Car" vaporized=""/>
    <tripinfo id="197" depart="197.00" departLane="5703313#0_0" departPos="4.60" departSpeed="12.47" departDelay="0.00" arrival="322.00" arrivalLane="216933519_0" arrivalPos="182.24" arrivalSpeed="13.89" duration="125.00" routeLength="1368.32" waitSteps="7" timeLoss="26.09" rerouteNo="0" devices="vehroute_197 tripinfo_197" vType="Car" vaporized=""/>
    <tripinfo id="78" depart="78.00" departLane="198595471#0_0" departPos="4.60" departSpeed="4.61" departDelay="0.00" arrival="331.00" arrivalLane="5701721#10_0" arrivalPos="336.05" arrivalSpeed="11.18" duration="253.00" routeLength="2028.79" waitSteps="63" timeLoss="105.87" rerouteNo="0" devices="vehroute_78 tripinfo_78" vType="Car" vaporized=""/>
    <tripinfo id="81" depart="81.00" departLane="198595471#0_0" departPos="4.60" departSpeed="7.26" departDelay="0.00" arrival="333.00" arrivalLane="5701721#10_0" arrivalPos="336.05" arrivalSpeed="11.18" duration="252.00" routeLength="2028.79" waitSteps="61" timeLoss="104.85" rerouteNo="0" devices="vehroute_81 tripinfo_81" vType="Car" vaporized=""/>
    <tripinfo id="82" depart="82.00" departLane="198595471#0_0" departPos="4.60" departSpeed="3.55" departDelay="0.00" arrival="337.00" arrivalLane="5701721#10_0" arrivalPos="336.05" arrivalSpeed="11.18" duration="255.00" routeLength="2028.79" waitSteps="62" timeLoss="108.56" rerouteNo="0" devices="vehroute_82 tripinfo_82" vType="Car" vaporized=""/>
    <tripinfo id="85" depart="85.00" departLane="198595471#0_0" departPos="4.60" departSpeed="3.85" departDelay="0.00" arrival="339.00" arrivalLane="5701721#10_0" arrivalPos="336.05" arrivalSpeed="11.18" duration="254.00" routeLength="2028.79" waitSteps="57" timeLoss="106.76" rerouteNo="0" devices="vehroute_85 tripinfo_85" vType="Car" vaporized=""/>
    <tripinfo id="150" depart="150.00" departLane="198595471#0_0" departPos="4.60" departSpeed="5.60" departDelay="0.00" arrival="341.00" arrivalLane="5701721#10_0" arrivalPos="336.05" arrivalSpeed="11.18" duration="191.00" routeLength="2028.79" waitSteps="0" timeLoss="43.82" rerouteNo="0" devices="vehroute_150 tripinfo_150" vType="Car" vaporized=""/>
    <tripinfo id="89" depart="91.00" departLane="198595471#0_0" departPos="4.60" departSpeed="1.12" departDelay="2.00" arrival="348.00" arrivalLane="5701721#10_0" arrivalPos="336.05" arrivalSpeed="11.18" duration="257.00" routeLength="2028.79" waitSteps="54" timeLoss="110.39" rerouteNo="0" devices="vehroute_89 tripinfo_89" vType="Car" vaporized=""/>
    <tripinfo id="94" depart="95.00" departLane="198595471#0_0" departPos="4.60" departSpeed="3.82" departDelay="1.00" arrival="350.00" arrivalLane="5701721#10_0" arrivalPos="336.05" arrivalSpeed="11.18" duration="255.00" routeLength="2028.79" waitSteps="53" timeLoss="107.87" rerouteNo="0" devices="vehroute_94 tripinfo_94" vType="Car" vaporized=""/>
    <tripinfo id="112" depart="114.00" departLane="198595471#0_0" departPos="4.60" departSpeed="2.22" departDelay="2.00" arrival="352.00" arrivalLane="5701721#10_0" arrivalPos="336.05" arrivalSpeed="11.18" duration="238.00" routeLength="2028.79" waitSteps="39" timeLoss="90.75" rerouteNo="0" devices="vehroute_112 tripinfo_112" vType="Car" vaporized=""/>
    <tripinfo id="118" depart="118.00" departLane="198595471#0_0" departPos="4.60" departSpeed="7.55" departDelay="0.00" arrival="354.00" arrivalLane="5701721#10_0" arrivalPos="336.05" arrivalSpeed="11.18" duration="236.00" routeLength="2028.79" waitSteps="34" timeLoss="88.72" rerouteNo="0" devices="vehroute_118 tripinfo_118" vType="Car" vaporized=""/>
    <tripinfo id="180" depart="180.00" departLane="-110299714#6_0" departPos="4.60" departSpeed="2.58" departDelay="0.00" arrival="359.00" arrivalLane="-5704055#0_0" arrivalPos="168.93" arrivalSpeed="13.89" duration="179.00" routeLength="1458.58" waitSteps="51" timeLoss="76.12" rerouteNo="0" devices="vehroute_180 tripinfo_180" vType="Car" vaporized=""/>
    <tripinfo id="142" depart="142.00" departLane="198595558#0_0" departPos="4.60" departSpeed="2.17" departDelay="0.00" arrival="362.00" arrivalLane="5702757#2_0" arrivalPos="360.42" arrivalSpeed="13.89" duration="220.00" routeLength="1641.68" waitSteps="55" timeLoss="69.05" rerouteNo="0" devices="vehroute_142 tripinfo_142" vType="Car" vaporized=""/>
    <tripinfo id="144" depart="144.00" departLane="198595558#0_0" departPos="4.60" departSpeed="0.85" departDelay="0.00" arrival="364.00" arrivalLane="5702757#2_0" arrivalPos="360.42" arrivalSpeed="13.89" duration="220.00" routeLength="1641.68" waitSteps="53" timeLoss="69.06" rerouteNo="0" devices="vehroute_144 tripinfo_144" vType="Car" vaporized=""/>
    <tripinfo id="153" depart="153.00" departLane="198595558#0_0" departPos="4.60" departSpeed="10.23" departDelay="0.00" arrival="366.00" arrivalLane="5702757#2_0" arrivalPos="360.42" arrivalSpeed="13.89" duration="213.00" routeLength="1641.68" waitSteps="51" timeLoss="61.60" rerouteNo="0" devices="vehroute_153 tripinfo_153" vType="Car" vaporized=""/>
    <tripinfo id="156" depart="156.00" departLane="198595558#0_0" departPos="4.60" departSpeed="9.60" departDelay="0.00" arrival="368.00" arrivalLane="5702757#2_0" arrivalPos="360.42" arrivalSpeed="13.89" duration="212.00" routeLength="1641.68" waitSteps="50" timeLoss="60.90" rerouteNo="0" devices="vehroute_156 tripinfo_156" vType="Car" vaporized=""/>
    <tripinfo id="159" depart="159.00" departLane="198595558#0_0" departPos="4.60" departSpeed="12.33" departDelay="0.00" arrival="370.00" arrivalLane="5702757#2_0" arrivalPos="360.42" arrivalSpeed="13.89" duration="211.00" routeLength="1641.68" waitSteps="49" timeLoss="59.92" rerouteNo="0" devices="vehroute_159 tripinfo_159" vType="Car" vaporized=""/>
    <tripinfo id="163" depart="163.00" departLane="198595558#0_0" departPos="4.60" departSpeed="8.73" departDelay="0.00" arrival="372.00" arrivalLane="5702757#2_0" arrivalPos="360.42" arrivalSpeed="13.89" duration="209.00" routeLength="1641.68" waitSteps="45" timeLoss="58.05" rerouteNo="0" devices="vehroute_163 tripinfo_163" vType="Car" vaporized=""/>
    <tripinfo id="171" depart="171.00" departLane="198595558#0_0" departPos="4.60" departSpeed="6.92" departDelay="0.00" arrival="374.00" arrivalLane="5702757#2_0" arrivalPos="360.42" arrivalSpeed="13.89" duration="203.00" routeLength="1641.68" waitSteps="38" timeLoss="51.79" rerouteNo="0" devices="vehroute_171 tripinfo_171" vType="Car" vaporized=""/>
    <tripinfo id="173" depart="173.00" departLane="198595558#0_0" departPos="4.60" departSpeed="9.63" departDelay="0.00" arrival="376.00" arrivalLane="5702757#2_0" arrivalPos="360.42" arrivalSpeed="13.89" duration="203.00" routeLength="1641.68" waitSteps="38" timeLoss="51.78" rerouteNo="0" devices="vehroute_173 tripinfo_173" vType="Car" vaporized=""/>
    <tripinfo id="188" depart="188.00" departLane="198595558#0_0" departPos="4.60" departSpeed="9.18" departDelay="0.00" arrival="378.00" arrivalLane="5702757#2_0" arrivalPos="360.42" arrivalSpeed="13.89" duration="190.00" routeLength="1641.68" waitSteps="25" timeLoss="39.19" rerouteNo="0" devices="vehroute_188 tripinfo_188" vType="Car" vaporized=""/>
    <tripinfo id="189" depart="189.00" departLane="198595558#0_0" departPos="4.60" departSpeed="7.03" departDelay="0.00" arrival="380.00" arrivalLane="5702757#2_0" arrivalPos="360.42" arrivalSpeed="13.89" duration="191.00" routeLength="1641.68" waitSteps="24" timeLoss="39.82" rerouteNo="0" devices="vehroute_189 tripinfo_189" vType="Car" vaporized=""/>
    <tripinfo id="1" depart="3.00" departLane="-351234145#4_0" departPos="4.60" departSpeed="3.29" departDelay="2.00" arrival="383.00" arrivalLane="-420302275#0_0" arrivalPos="38.07" arrivalSpeed="24.00" duration="380.00" routeLength="1952.46" waitSteps="191" timeLoss="308.84" rerouteNo="0" devices="vehroute_1 tripinfo_1" vType="Car" vaporized=""/>
    <tripinfo id="0" depart="0.00" departLane="-351234145#4_0" departPos="4.60" departSpeed="1.26" departDelay="0.00" arrival="383.00" arrivalLane="-420302275#0_1" arrivalPos="38.07" arrivalSpeed="24.00" duration="383.00" routeLength="1952.46" waitSteps="190" timeLoss="311.83" rerouteNo="0" devices="vehroute_0 tripinfo_0" vType="Car" vaporized=""/>
    <tripinfo id="119" depart="119.00" departLane="198595471#0_0" departPos="4.60" departSpeed="1.15" departDelay="0.00" arrival="415.00" arrivalLane="5701721#10_0" arrivalPos="336.05" arrivalSpeed="11.18" duration="296.00" routeLength="2028.79" waitSteps="95" timeLoss="148.72" rerouteNo="0" devices="vehroute_119 tripinfo_119" vType="Car" vaporized=""/>
    <tripinfo id="164" depart="164.00" departLane="198595471#0_0" departPos="4.60" departSpeed="8.02" departDelay="0.00" arrival="416.00" arrivalLane="5701721#10_0" arrivalPos="336.05" arrivalSpeed="11.18" duration="252.00" routeLength="2028.79" waitSteps="62" timeLoss="105.14" rerouteNo="0" devices="vehroute_164 tripinfo_164" vType="Car" vaporized=""/>
    <tripinfo id="181" depart="181.00" departLane="198595471#0_0" departPos="4.60" departSpeed="0.06" departDelay="0.00" arrival="418.00" arrivalLane="5701721#10_0" arrivalPos="336.05" arrivalSpeed="11.18" duration="237.00" routeLength="2028.79" waitSteps="49" timeLoss="89.66" rerouteNo="0" devices="vehroute_181 tripinfo_181" vType="Car" vaporized=""/>
    <tripinfo id="185" depart="185.00" departLane="198595471#0_0" departPos="4.60" departSpeed="2.08" departDelay="0.00" arrival="420.00" arrivalLane="5701721#10_0" arrivalPos="336.05" arrivalSpeed="11.18" duration="235.00" routeLength="2028.79" waitSteps="46" timeLoss="87.67" rerouteNo="0" devices="vehroute_185 tripinfo_185" vType="Car" vaporized=""/>
    <tripinfo id="186" depart="187.00" departLane="198595471#0_0" departPos="4.60" departSpeed="0.65" departDelay="1.00" arrival="422.00" arrivalLane="5701721#10_0" arrivalPos="336.05" arrivalSpeed="11.18" duration="235.00" routeLength="2028.79" waitSteps="44" timeLoss="87.66" rerouteNo="0" devices="vehroute_186 tripinfo_186" vType="Car" vaporized=""/>
    <tripinfo id="190" depart="191.00" departLane="198595471#0_0" departPos="4.60" departSpeed="2.11" departDelay="1.00" arrival="424.00" arrivalLane="5701721#10_0" arrivalPos="336.05" arrivalSpeed="11.18" duration="233.00" routeLength="2028.79" waitSteps="44" timeLoss="85.64" rerouteNo="0" devices="vehroute_190 tripinfo_190" vType="Car" vaporized=""/>
    <tripinfo id="193" depart="194.00" departLane="198595471#0_0" departPos="4.60" departSpeed="2.84" departDelay="1.00" arrival="426.00" arrivalLane="5701721#10_0" arrivalPos="336.05" arrivalSpeed="11.18" duration="232.00" routeLength="2028.79" waitSteps="43" timeLoss="84.59" rerouteNo="0" devices="vehroute_193 tripinfo_193" vType="Car" vaporized=""/>
    <tripinfo id="195" depart="196.00" departLane="198595471#0_0" departPos="4.60" departSpeed="0.19" departDelay="1.00" arrival="428.00" arrivalLane="5701721#10_0" arrivalPos="336.05" arrivalSpeed="11.18" duration="232.00" routeLength="2028.79" waitSteps="41" timeLoss="84.61" rerouteNo="0" devices="vehroute_195 tripinfo_195" vType="Car" vaporized=""/>
    <tripinfo id="16" depart="16.00" departLane="-351234145#4_0" departPos="4.60" departSpeed="16.79" departDelay="0.00" arrival="473.00" arrivalLane="-420302275#0_0" arrivalPos="38.07" arrivalSpeed="24.00" duration="457.00" routeLength="1952.46" waitSteps="268" timeLoss="385.85" rerouteNo="0" devices="vehroute_16 tripinfo_16" vType="Car" vaporized=""/>
    <tripinfo id="13" depart="13.00" departLane="-351234145#4_0" departPos="4.60" departSpeed="9.41" departDelay="0.00" arrival="473.00" arrivalLane="-420302275#0_1" arrivalPos="38.07" arrivalSpeed="24.00" duration="460.00" routeLength="1952.46" waitSteps="262" timeLoss="388.85" rerouteNo="0" devices="vehroute_13 tripinfo_13" vType="Car" vaporized=""/>
    <tripinfo id="57" depart="58.00" departLane="5701670#0_0" departPos="4.60" departSpeed="0.48" departDelay="1.00" arrival="502.00" arrivalLane="216933520#1_0" arrivalPos="233.03" arrivalSpeed="13.89" duration="444.00" routeLength="1960.61" waitSteps="301" timeLoss="311.62" rerouteNo="0" devices="vehroute_57 tripinfo_57" vType="Car" vaporized=""/>
    <tripinfo id="66" depart="66.00" departLane="5701670#0_0" departPos="4.60" departSpeed="4.19" departDelay="0.00" arrival="538.00" arrivalLane="216933520#1_0" arrivalPos="233.03" arrivalSpeed="13.89" duration="472.00" routeLength="1931.80" waitSteps="295" timeLoss="312.23" rerouteNo="1" devices="vehroute_66 tripinfo_66" vType="Car" vaporized=""/>
    <tripinfo id="70" depart="70.00" departLane="5701670#0_0" departPos="4.60" departSpeed="6.23" departDelay="0.00" arrival="543.00" arrivalLane="216933520#1_0" arrivalPos="233.03" arrivalSpeed="13.89" duration="473.00" routeLength="1931.80" waitSteps="295" timeLoss="313.29" rerouteNo="1" devices="vehroute_70 tripinfo_70" vType="Car" vaporized=""/>
    <tripinfo id="73" depart="73.00" departLane="5701670#0_0" departPos="4.60" departSpeed="0.35" departDelay="0.00" arrival="549.00" arrivalLane="216933520#1_0" arrivalPos="233.03" arrivalSpeed="13.89" duration="476.00" routeLength="1931.80" waitSteps="292" timeLoss="316.25" rerouteNo="1" devices="vehroute_73 tripinfo_73" vType="Car" vaporized=""/>
    <tripinfo id="87" depart="87.00" departLane="5701670#0_0" departPos="4.60" departSpeed="4.75" departDelay="0.00" arrival="554.00" arrivalLane="216933520#1_0" arrivalPos="233.03" arrivalSpeed="13.89" duration="467.00" routeLength="1915.19" waitSteps="291" timeLoss="306.71" rerouteNo="1" devices="vehroute_87 tripinfo_87" vType="Car" vaporized=""/>
    <tripinfo id="97" depart="97.00" departLane="5701670#0_0" departPos="4.60" departSpeed="5.16" departDelay="0.00" arrival="560.00" arrivalLane="216933520#1_0" arrivalPos="233.03" arrivalSpeed="13.89" duration="463.00" routeLength="1915.19" waitSteps="282" timeLoss="302.62" rerouteNo="1" devices="vehroute_97 tripinfo_97" vType="Car" vaporized=""/>
    <tripinfo id="99" depart="99.00" departLane="5701670#0_0" departPos="4.60" departSpeed="6.99" departDelay="0.00" arrival="562.00" arrivalLane="216933520#1_0" arrivalPos="233.03" arrivalSpeed="13.89" duration="463.00" routeLength="1915.19" waitSteps="281" timeLoss="303.06" rerouteNo="1" devices="vehroute_99 tripinfo_99" vType="Car" vaporized=""/>
    <tripinfo id="27" depart="27.00" departLane="-351234145#4_0" departPos="4.60" departSpeed="20.44" departDelay="0.00" arrival="563.00" arrivalLane="-420302275#0_0" arrivalPos="38.07" arrivalSpeed="24.00" duration="536.00" routeLength="1952.46" waitSteps="346" timeLoss="464.81" rerouteNo="0" devices="vehroute_27 tripinfo_27" vType="Car" vaporized=""/>
    <tripinfo id="33" depart="33.00" departLane="-351234145#4_0" departPos="4.60" departSpeed="14.26" departDelay="0.00" arrival="563.00" arrivalLane="-420302275#0_1" arrivalPos="38.07" arrivalSpeed="24.00" duration="530.00" routeLength="1952.46" waitSteps="326" timeLoss="458.84" rerouteNo="0" devices="vehroute_33 tripinfo_33" vType="Car" vaporized=""/>
    <tripinfo id="104" depart="104.00" departLane="5701670#0_0" departPos="4.60" departSpeed="5.76" departDelay="0.00" arrival="565.00" arrivalLane="216933520#1_0" arrivalPos="233.03" arrivalSpeed="13.89" duration="461.00" routeLength="1915.19" waitSteps="280" timeLoss="300.26" rerouteNo="1" devices="vehroute_104 tripinfo_104" vType="Car" vaporized=""/>
    <tripinfo id="110" depart="110.00" departLane="5701670#0_0" departPos="4.60" departSpeed="0.83" departDelay="0.00" arrival="568.00" arrivalLane="216933520#1_0" arrivalPos="233.03" arrivalSpeed="13.89" duration="458.00" routeLength="1915.19" waitSteps="273" timeLoss="297.91" rerouteNo="1" devices="vehroute_110 tripinfo_110" vType="Car" vaporized=""/>
    <tripinfo id="115" depart="115.00" departLane="5701670#0_0" departPos="4.60" departSpeed="5.81" departDelay="0.00" arrival="570.00" arrivalLane="216933520#1_0" arrivalPos="233.03" arrivalSpeed="13.89" duration="455.00" routeLength="1915.19" waitSteps="273" timeLoss="294.99" rerouteNo="1" devices="vehroute_115 tripinfo_115" vType="Car" vaporized=""/>
    <tripinfo id="132" depart="132.00" departLane="5701670#0_0" departPos="4.60" departSpeed="3.67" departDelay="0.00" arrival="576.00" arrivalLane="216933520#1_0" arrivalPos="233.03" arrivalSpeed="13.89" duration="444.00" routeLength="1915.19" waitSteps="257" timeLoss="283.37" rerouteNo="1" devices="vehroute_132 tripinfo_132" vType="Car" vaporized=""/>
    <tripinfo id="145" depart="145.00" departLane="5701670#0_0" departPos="4.60" departSpeed="4.16" departDelay="0.00" arrival="578.00" arrivalLane="216933520#1_0" arrivalPos="233.03" arrivalSpeed="13.89" duration="433.00" routeLength="1915.19" waitSteps="245" timeLoss="272.82" rerouteNo="1" devices="vehroute_145 tripinfo_145" vType="Car" vaporized=""/>
    <tripinfo id="151" depart="151.00" departLane="5701670#0_0" departPos="4.60" departSpeed="5.86" departDelay="0.00" arrival="581.00" arrivalLane="216933520#1_0" arrivalPos="233.03" arrivalSpeed="13.89" duration="430.00" routeLength="1915.19" waitSteps="242" timeLoss="269.03" rerouteNo="1" devices="vehroute_151 tripinfo_151" vType="Car" vaporized=""/>
    <tripinfo id="175" depart="175.00" departLane="5701670#0_0" departPos="4.60" departSpeed="2.38" departDelay="0.00" arrival="583.00" arrivalLane="216933520#1_0" arrivalPos="233.03" arrivalSpeed="13.89" duration="408.00" routeLength="1915.19" waitSteps="218" timeLoss="247.09" rerouteNo="1" devices="vehroute_175 tripinfo_175" vType="Car" vaporized=""/>
    <tripinfo id="176" depart="177.00" departLane="5701670#0_0" departPos="4.60" departSpeed="1.25" departDelay="1.00" arrival="585.00" arrivalLane="216933520#1_0" arrivalPos="233.03" arrivalSpeed="13.89" duration="408.00" routeLength="1915.19" waitSteps="218" timeLoss="247.13" rerouteNo="1" devices="vehroute_176 tripinfo_176" vType="Car" vaporized=""/>
    <tripinfo id="178" depart="180.00" departLane="5701670#0_0" departPos="4.60" departSpeed="0.25" departDelay="2.00" arrival="588.00" arrivalLane="216933520#1_0" arrivalPos="233.03" arrivalSpeed="13.89" duration="408.00" routeLength="1915.19" waitSteps="216" timeLoss="247.70" rerouteNo="1" devices="vehroute_178 tripinfo_178" vType="Car" vaporized=""/>
    <tripinfo id="187" depart="187.00" departLane="5701670#0_0" departPos="4.60" departSpeed="8.66" departDelay="0.00" arrival="594.00" arrivalLane="216933520#1_0" arrivalPos="233.03" arrivalSpeed="13.89" duration="407.00" routeLength="1915.19" waitSteps="215" timeLoss="246.40" rerouteNo="1" devices="vehroute_187 tripinfo_187" vType="Car" vaporized=""/>
    <tripinfo id="3" depart="5.00" departLane="-351234145#4_0" departPos="4.60" departSpeed="1.08" departDelay="2.00" arrival="653.00" arrivalLane="-420302275#0_0" arrivalPos="38.07" arrivalSpeed="24.00" duration="648.00" routeLength="1952.46" waitSteps="433" timeLoss="576.84" rerouteNo="0" devices="vehroute_3 tripinfo_3" vType="Car" vaporized=""/>
    <tripinfo id="7" depart="9.00" departLane="-351234145#4_0" departPos="4.60" departSpeed="3.81" departDelay="2.00" arrival="653.00" arrivalLane="-420302275#0_1" arrivalPos="38.07" arrivalSpeed="24.00" duration="644.00" routeLength="1952.46" waitSteps="423" timeLoss="572.77" rerouteNo="0" devices="vehroute_7 tripinfo_7" vType="Car" vaporized=""/>
    <tripinfo id="28" depart="28.00" departLane="-351234145#4_0" departPos="4.60" departSpeed="20.14" departDelay="0.00" arrival="743.00" arrivalLane="-420302275#0_0" arrivalPos="38.07" arrivalSpeed="24.00" duration="715.00" routeLength="1952.46" waitSteps="512" timeLoss="643.80" rerouteNo="0" devices="vehroute_28 tripinfo_28" vType="Car" vaporized=""/>
    <tripinfo id="69" depart="69.00" departLane="-351234145#4_0" departPos="4.60" departSpeed="7.48" departDelay="0.00" arrival="743.00" arrivalLane="-420302275#0_1" arrivalPos="38.07" arrivalSpeed="24.00" duration="674.00" routeLength="1952.46" waitSteps="454" timeLoss="602.85" rerouteNo="0" devices="vehroute_69 tripinfo_69" vType="Car" vaporized=""/>
    <tripinfo id="84" depart="84.00" departLane="5701670#0_0" departPos="4.60" departSpeed="3.01" departDelay="0.00" arrival="823.00" arrivalLane="216933520#1_0" arrivalPos="233.03" arrivalSpeed="13.89" duration="739.00" routeLength="1960.61" waitSteps="587" timeLoss="605.96" rerouteNo="0" devices="vehroute_84 tripinfo_84" vType="Car" vaporized=""/>
    <tripinfo id="93" depart="93.00" departLane="-351234145#4_0" departPos="4.60" departSpeed="15.03" departDelay="0.00" arrival="833.00" arrivalLane="-420302275#0_0" arrivalPos="38.07" arrivalSpeed="24.00" duration="740.00" routeLength="1952.46" waitSteps="539" timeLoss="668.84" rerouteNo="0" devices="vehroute_93 tripinfo_93" vType="Car" vaporized=""/>
    <tripinfo id="80" depart="80.00" departLane="-351234145#4_0" departPos="4.60" departSpeed="25.35" departDelay="0.00" arrival="833.00" arrivalLane="-420302275#0_1" arrivalPos="38.07" arrivalSpeed="24.00" duration="753.00" routeLength="1952.46" waitSteps="531" timeLoss="681.85" rerouteNo="0" devices="vehroute_80 tripinfo_80" vType="Car" vaporized=""/>
    <tripinfo id="36" depart="36.00" departLane="-351234145#4_0" departPos="4.60" departSpeed="19.76" departDelay="0.00" arrival="923.00" arrivalLane="-420302275#0_0" arrivalPos="38.07" arrivalSpeed="24.00" duration="887.00" routeLength="1952.46" waitSteps="666" timeLoss="815.85" rerouteNo="0" devices="vehroute_36 tripinfo_36" vType="Car" vaporized=""/>
    <tripinfo id="64" depart="64.00" departLane="-351234145#4_0" departPos="4.60" departSpeed="0.24" departDelay="0.00" arrival="923.00" arrivalLane="-420302275#0_1" arrivalPos="38.07" arrivalSpeed="24.00" duration="859.00" routeLength="1952.46" waitSteps="620" timeLoss="787.85" rerouteNo="0" devices="vehroute_64 tripinfo_64" vType="Car" vaporized=""/>
    <tripinfo id="88" depart="88.00" departLane="-351234145#4_0" departPos="4.60" departSpeed="3.61" departDelay="0.00" arrival="1013.00" arrivalLane="-420302275#0_0" arrivalPos="38.07" arrivalSpeed="24.00" duration="925.00" routeLength="1952.46" waitSteps="705" timeLoss="853.84" rerouteNo="0" devices="vehroute_88 tripinfo_88" vType="Car" vaporized=""/>
    <tripinfo id="74" depart="74.00" departLane="-351234145#4_0" departPos="4.60" departSpeed="8.20" departDelay="0.00" arrival="1013.00" arrivalLane="-420302275#0_1" arrivalPos="38.07" arrivalSpeed="24.00" duration="939.00" routeLength="1952.46" waitSteps="702" timeLoss="867.84" rerouteNo="0" devices="vehroute_74 tripinfo_74" vType="Car" vaporized=""/>
    <tripinfo id="101" depart="101.00" departLane="-351234145#4_0" departPos="4.60" departSpeed="2.87" departDelay="0.00" arrival="1103.00" arrivalLane="-420302275#0_0" arrivalPos="38.07" arrivalSpeed="24.00" duration="1002.00" routeLength="1952.46" waitSteps="771" timeLoss="930.83" rerouteNo="0" devices="vehroute_101 tripinfo_101" vType="Car" vaporized=""/>
    <tripinfo id="106" depart="106.00" departLane="-351234145#4_0" departPos="4.60" departSpeed="12.52" departDelay="0.00" arrival="1103.00" arrivalLane="-420302275#0_1" arrivalPos="38.07" arrivalSpeed="24.00" duration="997.00" routeLength="1952.46" waitSteps="763" timeLoss="925.84" rerouteNo="0" devices="vehroute_106 tripinfo_106" vType="Car" vaporized=""/>
    <tripinfo id="192" depart="192.00" departLane="5701670#0_0" departPos="4.60" departSpeed="6.91" departDelay="0.00" arrival="1128.00" arrivalLane="216933520#1_0" arrivalPos="233.03" arrivalSpeed="13.89" duration="936.00" routeLength="1960.61" waitSteps="770" timeLoss="803.37" rerouteNo="0" devices="vehroute_192 tripinfo_192" vType="Car" vaporized=""/>
    <tripinfo id="114" depart="114.00" departLane="-351234145#4_0" departPos="4.60" departSpeed="26.25" departDelay="0.00" arrival="1193.00" arrivalLane="-420302275#0_0" arrivalPos="38.07" arrivalSpeed="24.00" duration="1079.00" routeLength="1952.46" waitSteps="854" timeLoss="1007.85" rerouteNo="0" devices="vehroute_114 tripinfo_114" vType="Car" vaporized=""/>
    <tripinfo id="138" depart="138.00" departLane="-351234145#4_0" departPos="4.60" departSpeed="16.06" departDelay="0.00" arrival="1193.00" arrivalLane="-420302275#0_1" arrivalPos="38.07" arrivalSpeed="24.00" duration="1055.00" routeLength="1952.46" waitSteps="815" timeLoss="983.84" rerouteNo="0" devices="vehroute_138 tripinfo_138" vType="Car" vaporized=""/>
</tripinfos>
