<routes>
  	<vType accel="1.0" decel="5.0" id="Car" length="4.5" minGap="2.0" maxSpeed="60.0" sigma="0" />
    <route id="route0" edges="120245128#0 120245128#1 120245128#2 120245128#3 420887604 420887588 420887593 420887597 420886651 420886650 420886652 420886649 420886648 274840500 274840501" />
    <route id="route1" edges="5698817#0 5698817#1 5698817#2 275037810#1 275037810#2 275037810#3 275037810#4 275037810#5 275037810#6 275037810#7 275037810#8 275037810#9 275037810#10 275037810#11 275037810#12 275037810#13"/>
    <route id="route2" edges="120245127 274840502#0 274840502#1 274840499 274840498 274840500 274840501" />
    <route id="route3" edges="5698789#0 5698789#1 420887593 420887597 420886651 420886650 420886652 420886649 420886648 420886653 420894324 420894323 420886263 420894325 420886015 420885645 420892587 420892588 420892360 420892370 420892356 420892367 420892036 420892034 420892363 420892041 420892037 420892039 420892040 420892035 420892038 420885644 420885642 420885643 5695597#1 5695597#2 5695597#3"/>
    <route id="route4" edges="5697769#0 5697769#1 5697769#2 420892588 420892360 420892370 420892356 420892367 420892036 420892034 420892363 420892041 420892037 420892039 420892040 420892035 5697974#3 5697974#4" />
    <route id="route5" edges="-223860152#7 -223860152#6 -223860152#5 -223860152#4 -223860152#3 -223860152#2 -223860152#1 -223860152#0 -223860165#3 -223860165#2 -223860165#1 -223860165#0 -277135210#4 -277135210#3 -277135210#2 -277135210#1 -277135210#0 5695597#0 5695597#1 5695597#2 5695597#3"/>
    <route id="route6" edges="-120245128#5 -5699230#14 -5699230#13 -5699230#12 -5699230#11 -5699230#10 -5699230#9 -5699230#8 -5699230#7 -5699230#6 -5699230#5 -5699230#4 -5699230#3 -5699230#2 -5699230#1 -5699230#0"/>
    <route id="route7" edges="5697974#0 5697974#1 5697974#2 5697974#3 5697974#4"/>
    <route id="route8" edges="5699670#0 5699670#1 5699670#2 420892367 420892036 420892034 420892363 420892041 420892037 420892039 420892040 420892035 5697974#3 5697974#4"/>
    
    <vehicle id="0" type="Car" route="route0" depart="0" departSpeed="random">
        <stop lane="120245128#1_0" endPos="80" duration="100"/>
    </vehicle>
    <vehicle id="1" type="Car" route="route3" depart="1" departSpeed="random"/>
    <vehicle id="2" type="Car" route="route5" depart="2" departSpeed="random"/>
    <vehicle id="3" type="Car" route="route7" depart="3" departSpeed="random"/>
    <vehicle id="4" type="Car" route="route8" depart="4" departSpeed="random">
        <stop lane="5699670#2_0" endPos="80" duration="100"/>
    </vehicle>
    <vehicle id="5" type="Car" route="route4" depart="5" departSpeed="random"/>
    <vehicle id="6" type="Car" route="route5" depart="6" departSpeed="random"/>
    <vehicle id="7" type="Car" route="route8" depart="7" departSpeed="random"/>
    <vehicle id="8" type="Car" route="route0" depart="8" departSpeed="random"/>
    <vehicle id="9" type="Car" route="route0" depart="9" departSpeed="random"/>
    <vehicle id="10" type="Car" route="route2" depart="10" departSpeed="random"/>
    <vehicle id="11" type="Car" route="route7" depart="11" departSpeed="random"/>
    <vehicle id="12" type="Car" route="route7" depart="12" departSpeed="random"/>
    <vehicle id="13" type="Car" route="route1" depart="13" departSpeed="random"/>
    <vehicle id="14" type="Car" route="route8" depart="14" departSpeed="random"/>
    <vehicle id="15" type="Car" route="route4" depart="15" departSpeed="random"/>
    <vehicle id="16" type="Car" route="route8" depart="16" departSpeed="random"/>
    <vehicle id="17" type="Car" route="route8" depart="17" departSpeed="random"/>
    <vehicle id="18" type="Car" route="route0" depart="18" departSpeed="random"/>
    <vehicle id="19" type="Car" route="route8" depart="19" departSpeed="random"/>
    <vehicle id="20" type="Car" route="route4" depart="20" departSpeed="random"/>
    <vehicle id="21" type="Car" route="route1" depart="21" departSpeed="random"/>
    <vehicle id="22" type="Car" route="route4" depart="22" departSpeed="random"/>
    <vehicle id="23" type="Car" route="route0" depart="23" departSpeed="random"/>
    <vehicle id="24" type="Car" route="route6" depart="24" departSpeed="random"/>
    <vehicle id="25" type="Car" route="route4" depart="25" departSpeed="random"/>
    <vehicle id="26" type="Car" route="route0" depart="26" departSpeed="random"/>
    <vehicle id="27" type="Car" route="route2" depart="27" departSpeed="random"/>
    <vehicle id="28" type="Car" route="route4" depart="28" departSpeed="random"/>
    <vehicle id="29" type="Car" route="route7" depart="29" departSpeed="random"/>
    <vehicle id="30" type="Car" route="route2" depart="30" departSpeed="random"/>
    <vehicle id="31" type="Car" route="route0" depart="31" departSpeed="random"/>
    <vehicle id="32" type="Car" route="route3" depart="32" departSpeed="random"/>
    <vehicle id="33" type="Car" route="route0" depart="33" departSpeed="random"/>
    <vehicle id="34" type="Car" route="route3" depart="34" departSpeed="random"/>
    <vehicle id="35" type="Car" route="route7" depart="35" departSpeed="random"/>
    <vehicle id="36" type="Car" route="route1" depart="36" departSpeed="random"/>
    <vehicle id="37" type="Car" route="route2" depart="37" departSpeed="random"/>
    <vehicle id="38" type="Car" route="route6" depart="38" departSpeed="random"/>
    <vehicle id="39" type="Car" route="route1" depart="39" departSpeed="random"/>
    <vehicle id="40" type="Car" route="route8" depart="40" departSpeed="random"/>
    <vehicle id="41" type="Car" route="route2" depart="41" departSpeed="random"/>
    <vehicle id="42" type="Car" route="route5" depart="42" departSpeed="random"/>
    <vehicle id="43" type="Car" route="route6" depart="43" departSpeed="random"/>
    <vehicle id="44" type="Car" route="route6" depart="44" departSpeed="random"/>
    <vehicle id="45" type="Car" route="route0" depart="45" departSpeed="random"/>
    <vehicle id="46" type="Car" route="route2" depart="46" departSpeed="random"/>
    <vehicle id="47" type="Car" route="route1" depart="47" departSpeed="random"/>
    <vehicle id="48" type="Car" route="route5" depart="48" departSpeed="random"/>
    <vehicle id="49" type="Car" route="route3" depart="49" departSpeed="random"/>
    <vehicle id="50" type="Car" route="route6" depart="50" departSpeed="random"/>
    <vehicle id="51" type="Car" route="route5" depart="51" departSpeed="random"/>
    <vehicle id="52" type="Car" route="route5" depart="52" departSpeed="random"/>
    <vehicle id="53" type="Car" route="route1" depart="53" departSpeed="random"/>
    <vehicle id="54" type="Car" route="route4" depart="54" departSpeed="random"/>
    <vehicle id="55" type="Car" route="route0" depart="55" departSpeed="random"/>
    <vehicle id="56" type="Car" route="route0" depart="56" departSpeed="random"/>
    <vehicle id="57" type="Car" route="route7" depart="57" departSpeed="random"/>
    <vehicle id="58" type="Car" route="route1" depart="58" departSpeed="random"/>
    <vehicle id="59" type="Car" route="route0" depart="59" departSpeed="random"/>
    <vehicle id="60" type="Car" route="route6" depart="60" departSpeed="random"/>
    <vehicle id="61" type="Car" route="route1" depart="61" departSpeed="random"/>
    <vehicle id="62" type="Car" route="route2" depart="62" departSpeed="random"/>
    <vehicle id="63" type="Car" route="route5" depart="63" departSpeed="random"/>
    <vehicle id="64" type="Car" route="route8" depart="64" departSpeed="random"/>
    <vehicle id="65" type="Car" route="route0" depart="65" departSpeed="random"/>
    <vehicle id="66" type="Car" route="route5" depart="66" departSpeed="random"/>
    <vehicle id="67" type="Car" route="route0" depart="67" departSpeed="random"/>
    <vehicle id="68" type="Car" route="route6" depart="68" departSpeed="random"/>
    <vehicle id="69" type="Car" route="route3" depart="69" departSpeed="random"/>
    <vehicle id="70" type="Car" route="route0" depart="70" departSpeed="random"/>
    <vehicle id="71" type="Car" route="route3" depart="71" departSpeed="random"/>
    <vehicle id="72" type="Car" route="route5" depart="72" departSpeed="random"/>
    <vehicle id="73" type="Car" route="route1" depart="73" departSpeed="random"/>
    <vehicle id="74" type="Car" route="route3" depart="74" departSpeed="random"/>
    <vehicle id="75" type="Car" route="route7" depart="75" departSpeed="random"/>
    <vehicle id="76" type="Car" route="route7" depart="76" departSpeed="random"/>
    <vehicle id="77" type="Car" route="route6" depart="77" departSpeed="random"/>
    <vehicle id="78" type="Car" route="route4" depart="78" departSpeed="random"/>
    <vehicle id="79" type="Car" route="route6" depart="79" departSpeed="random"/>
    
    <vehicle id="80" type="Car" route="route2" depart="80" departSpeed="random">
        <stop lane="274840498_0" endPos="80" duration="100"/>
    </vehicle>
    <vehicle id="81" type="Car" route="route3" depart="81" departSpeed="random"/>
    <vehicle id="82" type="Car" route="route2" depart="82" departSpeed="random"/>
    <vehicle id="83" type="Car" route="route1" depart="83" departSpeed="random"/>
    <vehicle id="84" type="Car" route="route0" depart="84" departSpeed="random"/>
    <vehicle id="85" type="Car" route="route0" depart="85" departSpeed="random"/>
    <vehicle id="86" type="Car" route="route8" depart="86" departSpeed="random"/>
    <vehicle id="87" type="Car" route="route3" depart="87" departSpeed="random"/>
    <vehicle id="88" type="Car" route="route2" depart="88" departSpeed="random"/>
    <vehicle id="89" type="Car" route="route5" depart="89" departSpeed="random"/>
    <vehicle id="90" type="Car" route="route6" depart="90" departSpeed="random"/>
    <vehicle id="91" type="Car" route="route8" depart="91" departSpeed="random"/>
    <vehicle id="92" type="Car" route="route8" depart="92" departSpeed="random"/>
    <vehicle id="93" type="Car" route="route0" depart="93" departSpeed="random"/>
    <vehicle id="94" type="Car" route="route2" depart="94" departSpeed="random"/>
    <vehicle id="95" type="Car" route="route3" depart="95" departSpeed="random"/>
    <vehicle id="96" type="Car" route="route2" depart="96" departSpeed="random"/>
    <vehicle id="97" type="Car" route="route5" depart="97" departSpeed="random"/>
    <vehicle id="98" type="Car" route="route2" depart="98" departSpeed="random"/>
    <vehicle id="99" type="Car" route="route8" depart="99" departSpeed="random"/>
    <vehicle id="100" type="Car" route="route2" depart="100" departSpeed="random"/>
    <vehicle id="101" type="Car" route="route8" depart="101" departSpeed="random"/>
    <vehicle id="102" type="Car" route="route8" depart="102" departSpeed="random"/>
    <vehicle id="103" type="Car" route="route5" depart="103" departSpeed="random"/>
    <vehicle id="104" type="Car" route="route2" depart="104" departSpeed="random"/>
    <vehicle id="105" type="Car" route="route0" depart="105" departSpeed="random"/>
    <vehicle id="106" type="Car" route="route8" depart="106" departSpeed="random"/>
    <vehicle id="107" type="Car" route="route8" depart="107" departSpeed="random"/>
    <vehicle id="108" type="Car" route="route4" depart="108" departSpeed="random"/>
    <vehicle id="109" type="Car" route="route0" depart="109" departSpeed="random"/>
    <vehicle id="110" type="Car" route="route6" depart="110" departSpeed="random"/>
    <vehicle id="111" type="Car" route="route2" depart="111" departSpeed="random"/>
    <vehicle id="112" type="Car" route="route3" depart="112" departSpeed="random"/>
    <vehicle id="113" type="Car" route="route8" depart="113" departSpeed="random"/>
    <vehicle id="114" type="Car" route="route8" depart="114" departSpeed="random"/>
    <vehicle id="115" type="Car" route="route7" depart="115" departSpeed="random"/>
    <vehicle id="116" type="Car" route="route0" depart="116" departSpeed="random"/>
    <vehicle id="117" type="Car" route="route5" depart="117" departSpeed="random"/>
    <vehicle id="118" type="Car" route="route5" depart="118" departSpeed="random"/>
    <vehicle id="119" type="Car" route="route6" depart="119" departSpeed="random"/>
    
    <vehicle id="120" type="Car" route="route4" depart="120" departSpeed="random">
        <stop lane="5697769#2_0" endPos="80" duration="100"/>
    </vehicle>
    <vehicle id="121" type="Car" route="route8" depart="121" departSpeed="random"/>
    <vehicle id="122" type="Car" route="route1" depart="122" departSpeed="random"/>
    <vehicle id="123" type="Car" route="route0" depart="123" departSpeed="random"/>
    <vehicle id="124" type="Car" route="route5" depart="124" departSpeed="random"/>
    <vehicle id="125" type="Car" route="route6" depart="125" departSpeed="random"/>
    <vehicle id="126" type="Car" route="route6" depart="126" departSpeed="random"/>
    <vehicle id="127" type="Car" route="route0" depart="127" departSpeed="random"/>
    <vehicle id="128" type="Car" route="route2" depart="128" departSpeed="random"/>
    <vehicle id="129" type="Car" route="route4" depart="129" departSpeed="random"/>
    <vehicle id="130" type="Car" route="route5" depart="130" departSpeed="random"/>
    <vehicle id="131" type="Car" route="route6" depart="131" departSpeed="random"/>
    <vehicle id="132" type="Car" route="route0" depart="132" departSpeed="random"/>
    <vehicle id="133" type="Car" route="route5" depart="133" departSpeed="random"/>
    <vehicle id="134" type="Car" route="route1" depart="134" departSpeed="random"/>
    <vehicle id="135" type="Car" route="route3" depart="135" departSpeed="random"/>
    <vehicle id="136" type="Car" route="route1" depart="136" departSpeed="random"/>
    <vehicle id="137" type="Car" route="route4" depart="137" departSpeed="random"/>
    <vehicle id="138" type="Car" route="route2" depart="138" departSpeed="random"/>
    <vehicle id="139" type="Car" route="route5" depart="139" departSpeed="random"/>
    <vehicle id="140" type="Car" route="route2" depart="140" departSpeed="random"/>
    <vehicle id="141" type="Car" route="route1" depart="141" departSpeed="random"/>
    <vehicle id="142" type="Car" route="route2" depart="142" departSpeed="random"/>
    <vehicle id="143" type="Car" route="route2" depart="143" departSpeed="random"/>
    <vehicle id="144" type="Car" route="route2" depart="144" departSpeed="random"/>
    <vehicle id="145" type="Car" route="route8" depart="145" departSpeed="random"/>
    <vehicle id="146" type="Car" route="route5" depart="146" departSpeed="random"/>
    <vehicle id="147" type="Car" route="route7" depart="147" departSpeed="random"/>
    <vehicle id="148" type="Car" route="route5" depart="148" departSpeed="random"/>
    <vehicle id="149" type="Car" route="route8" depart="149" departSpeed="random"/>
    <vehicle id="150" type="Car" route="route4" depart="150" departSpeed="random"/>
    <vehicle id="151" type="Car" route="route4" depart="151" departSpeed="random"/>
    <vehicle id="152" type="Car" route="route2" depart="152" departSpeed="random"/>
    <vehicle id="153" type="Car" route="route2" depart="153" departSpeed="random"/>
    <vehicle id="154" type="Car" route="route8" depart="154" departSpeed="random"/>
    <vehicle id="155" type="Car" route="route4" depart="155" departSpeed="random"/>
    <vehicle id="156" type="Car" route="route5" depart="156" departSpeed="random"/>
    <vehicle id="157" type="Car" route="route8" depart="157" departSpeed="random"/>
    <vehicle id="158" type="Car" route="route4" depart="158" departSpeed="random"/>
    <vehicle id="159" type="Car" route="route1" depart="159" departSpeed="random"/>
    
    <vehicle id="160" type="Car" route="route7" depart="160" departSpeed="random">
        <stop lane="5697974#1_0" endPos="80" duration="100"/>
    </vehicle>
    <vehicle id="161" type="Car" route="route7" depart="161" departSpeed="random"/>
    <vehicle id="162" type="Car" route="route8" depart="162" departSpeed="random"/>
    <vehicle id="163" type="Car" route="route3" depart="163" departSpeed="random"/>
    <vehicle id="164" type="Car" route="route1" depart="164" departSpeed="random"/>
    <vehicle id="165" type="Car" route="route6" depart="165" departSpeed="random"/>
    <vehicle id="166" type="Car" route="route7" depart="166" departSpeed="random"/>
    <vehicle id="167" type="Car" route="route0" depart="167" departSpeed="random"/>
    <vehicle id="168" type="Car" route="route7" depart="168" departSpeed="random"/>
    <vehicle id="169" type="Car" route="route7" depart="169" departSpeed="random"/>
    <vehicle id="170" type="Car" route="route0" depart="170" departSpeed="random"/>
    <vehicle id="171" type="Car" route="route5" depart="171" departSpeed="random"/>
    <vehicle id="172" type="Car" route="route0" depart="172" departSpeed="random"/>
    <vehicle id="173" type="Car" route="route4" depart="173" departSpeed="random"/>
    <vehicle id="174" type="Car" route="route1" depart="174" departSpeed="random"/>
    <vehicle id="175" type="Car" route="route5" depart="175" departSpeed="random"/>
    <vehicle id="176" type="Car" route="route2" depart="176" departSpeed="random"/>
    <vehicle id="177" type="Car" route="route4" depart="177" departSpeed="random"/>
    <vehicle id="178" type="Car" route="route5" depart="178" departSpeed="random"/>
    <vehicle id="179" type="Car" route="route7" depart="179" departSpeed="random"/>
    <vehicle id="180" type="Car" route="route4" depart="180" departSpeed="random"/>
    <vehicle id="181" type="Car" route="route1" depart="181" departSpeed="random"/>
    <vehicle id="182" type="Car" route="route2" depart="182" departSpeed="random"/>
    <vehicle id="183" type="Car" route="route3" depart="183" departSpeed="random"/>
    <vehicle id="184" type="Car" route="route3" depart="184" departSpeed="random"/>
    <vehicle id="185" type="Car" route="route1" depart="185" departSpeed="random"/>
    <vehicle id="186" type="Car" route="route8" depart="186" departSpeed="random"/>
    <vehicle id="187" type="Car" route="route3" depart="187" departSpeed="random"/>
    <vehicle id="188" type="Car" route="route0" depart="188" departSpeed="random"/>
    <vehicle id="189" type="Car" route="route2" depart="189" departSpeed="random"/>
    <vehicle id="190" type="Car" route="route6" depart="190" departSpeed="random"/>
    <vehicle id="191" type="Car" route="route6" depart="191" departSpeed="random"/>
    <vehicle id="192" type="Car" route="route4" depart="192" departSpeed="random"/>
    <vehicle id="193" type="Car" route="route0" depart="193" departSpeed="random"/>
    <vehicle id="194" type="Car" route="route3" depart="194" departSpeed="random"/>
    <vehicle id="195" type="Car" route="route8" depart="195" departSpeed="random"/>
    <vehicle id="196" type="Car" route="route1" depart="196" departSpeed="random"/>
    <vehicle id="197" type="Car" route="route0" depart="197" departSpeed="random"/>
    <vehicle id="198" type="Car" route="route4" depart="198" departSpeed="random"/>
    <vehicle id="199" type="Car" route="route0" depart="199" departSpeed="random"/>
</routes>
