<?xml version="1.0" encoding="UTF-8"?>

<!-- generated on 04/02/17 18:28:24 by SUMO Version 0.28.0
<?xml version="1.0" encoding="UTF-8"?>

<configuration xmlns:xsi="http://www.w3.org/2001/XMLSchema-instance" xsi:noNamespaceSchemaLocation="http://sumo.dlr.de/xsd/sumoConfiguration.xsd">

    <input>
        <net-file value="hello.net.xml"/>
        <route-files value="hello.rou.xml"/>
    </input>

    <output>
        <tripinfo-output value="tripinfo.xml"/>
        <vehroute-output value="vehroutes.xml"/>
    </output>

    <report>
        <xml-validation value="never"/>
        <duration-log.disable value="true"/>
        <no-step-log value="true"/>
    </report>

    <traci_server>
        <remote-port value="8814"/>
    </traci_server>

</configuration>
-->

<tripinfos xmlns:xsi="http://www.w3.org/2001/XMLSchema-instance" xsi:noNamespaceSchemaLocation="http://sumo.dlr.de/xsd/tripinfo_file.xsd">
    <tripinfo id="11" depart="11.00" departLane="-5708224#2_0" departPos="4.60" departSpeed="11.74" departDelay="0.00" arrival="108.00" arrivalLane="198595565#3_0" arrivalPos="256.22" arrivalSpeed="13.89" duration="97.00" routeLength="1268.79" waitSteps="0" timeLoss="5.63" rerouteNo="0" devices="vehroute_11 tripinfo_11" vType="Car" vaporized=""/>
    <tripinfo id="2" depart="2.00" departLane="124794665#0_0" departPos="4.60" departSpeed="6.28" departDelay="0.00" arrival="111.00" arrivalLane="124794665#10_0" arrivalPos="313.92" arrivalSpeed="13.89" duration="109.00" routeLength="1301.61" waitSteps="0" timeLoss="14.71" rerouteNo="0" devices="vehroute_2 tripinfo_2" vType="Car" vaporized=""/>
    <tripinfo id="10" depart="10.00" departLane="-198595456#4_0" departPos="4.60" departSpeed="9.52" departDelay="0.00" arrival="114.00" arrivalLane="-198595455#0_0" arrivalPos="13.19" arrivalSpeed="25.00" duration="104.00" routeLength="1422.84" waitSteps="31" timeLoss="52.59" rerouteNo="0" devices="vehroute_10 tripinfo_10" vType="Car" vaporized=""/>
    <tripinfo id="14" depart="14.00" departLane="-198595456#4_0" departPos="4.60" departSpeed="6.33" departDelay="0.00" arrival="114.00" arrivalLane="-198595455#0_1" arrivalPos="13.19" arrivalSpeed="25.00" duration="100.00" routeLength="1422.84" waitSteps="24" timeLoss="48.59" rerouteNo="0" devices="vehroute_14 tripinfo_14" vType="Car" vaporized=""/>
    <tripinfo id="17" depart="17.00" departLane="124794665#0_0" departPos="4.60" departSpeed="11.06" departDelay="0.00" arrival="123.00" arrivalLane="124794665#10_0" arrivalPos="313.92" arrivalSpeed="13.89" duration="106.00" routeLength="1301.61" waitSteps="0" timeLoss="11.98" rerouteNo="0" devices="vehroute_17 tripinfo_17" vType="Car" vaporized=""/>
    <tripinfo id="23" depart="23.00" departLane="-5708224#2_0" departPos="4.60" departSpeed="4.71" departDelay="0.00" arrival="126.00" arrivalLane="198595565#3_0" arrivalPos="256.22" arrivalSpeed="13.89" duration="103.00" routeLength="1268.79" waitSteps="0" timeLoss="11.33" rerouteNo="0" devices="vehroute_23 tripinfo_23" vType="Car" vaporized=""/>
    <tripinfo id="18" depart="18.00" departLane="124794665#0_0" departPos="4.60" departSpeed="2.55" departDelay="0.00" arrival="130.00" arrivalLane="124794665#10_0" arrivalPos="313.92" arrivalSpeed="13.89" duration="112.00" routeLength="1301.61" waitSteps="0" timeLoss="17.76" rerouteNo="0" devices="vehroute_18 tripinfo_18" vType="Car" vaporized=""/>
    <tripinfo id="19" depart="20.00" departLane="124794665#0_0" departPos="4.60" departSpeed="1.60" departDelay="1.00" arrival="132.00" arrivalLane="124794665#10_0" arrivalPos="313.92" arrivalSpeed="13.89" duration="112.00" routeLength="1301.61" waitSteps="0" timeLoss="17.92" rerouteNo="0" devices="vehroute_19 tripinfo_19" vType="Car" vaporized=""/>
    <tripinfo id="25" depart="25.00" departLane="124794665#0_0" departPos="4.60" departSpeed="8.40" departDelay="0.00" arrival="134.00" arrivalLane="124794665#10_0" arrivalPos="313.92" arrivalSpeed="13.89" duration="109.00" routeLength="1301.61" waitSteps="0" timeLoss="15.02" rerouteNo="0" devices="vehroute_25 tripinfo_25" vType="Car" vaporized=""/>
    <tripinfo id="24" depart="25.00" departLane="-5708224#2_0" departPos="4.60" departSpeed="6.30" departDelay="1.00" arrival="134.00" arrivalLane="198595565#3_0" arrivalPos="256.22" arrivalSpeed="13.89" duration="109.00" routeLength="1268.79" waitSteps="2" timeLoss="17.36" rerouteNo="0" devices="vehroute_24 tripinfo_24" vType="Car" vaporized=""/>
    <tripinfo id="38" depart="38.00" departLane="124794665#0_0" departPos="4.60" departSpeed="3.34" departDelay="0.00" arrival="149.00" arrivalLane="124794665#10_0" arrivalPos="313.92" arrivalSpeed="13.89" duration="111.00" routeLength="1301.61" waitSteps="0" timeLoss="16.46" rerouteNo="0" devices="vehroute_38 tripinfo_38" vType="Car" vaporized=""/>
    <tripinfo id="44" depart="44.00" departLane="124794665#0_0" departPos="4.60" departSpeed="3.66" departDelay="0.00" arrival="151.00" arrivalLane="124794665#10_0" arrivalPos="313.92" arrivalSpeed="13.89" duration="107.00" routeLength="1301.61" waitSteps="0" timeLoss="12.32" rerouteNo="0" devices="vehroute_44 tripinfo_44" vType="Car" vaporized=""/>
    <tripinfo id="42" depart="42.00" departLane="-5708224#2_0" departPos="4.60" departSpeed="5.01" departDelay="0.00" arrival="151.00" arrivalLane="198595565#3_0" arrivalPos="256.22" arrivalSpeed="13.89" duration="109.00" routeLength="1268.79" waitSteps="2" timeLoss="17.37" rerouteNo="0" devices="vehroute_42 tripinfo_42" vType="Car" vaporized=""/>
    <tripinfo id="43" depart="44.00" departLane="-5708224#2_0" departPos="4.60" departSpeed="5.38" departDelay="1.00" arrival="153.00" arrivalLane="198595565#3_0" arrivalPos="256.22" arrivalSpeed="13.89" duration="109.00" routeLength="1268.79" waitSteps="2" timeLoss="17.47" rerouteNo="0" devices="vehroute_43 tripinfo_43" vType="Car" vaporized=""/>
    <tripinfo id="35" depart="35.00" departLane="5703313#0_0" departPos="4.60" departSpeed="10.86" departDelay="0.00" arrival="159.00" arrivalLane="216933519_0" arrivalPos="182.24" arrivalSpeed="13.89" duration="124.00" routeLength="1368.32" waitSteps="10" timeLoss="24.64" rerouteNo="0" devices="vehroute_35 tripinfo_35" vType="Car" vaporized=""/>
    <tripinfo id="51" depart="51.00" departLane="124794665#0_0" departPos="4.60" departSpeed="1.05" departDelay="0.00" arrival="160.00" arrivalLane="124794665#10_0" arrivalPos="313.92" arrivalSpeed="13.89" duration="109.00" routeLength="1301.61" waitSteps="0" timeLoss="14.78" rerouteNo="0" devices="vehroute_51 tripinfo_51" vType="Car" vaporized=""/>
    <tripinfo id="46" depart="46.00" departLane="5703313#0_0" departPos="4.60" departSpeed="12.93" departDelay="0.00" arrival="163.00" arrivalLane="216933519_0" arrivalPos="182.24" arrivalSpeed="13.89" duration="117.00" routeLength="1368.32" waitSteps="3" timeLoss="17.73" rerouteNo="0" devices="vehroute_46 tripinfo_46" vType="Car" vaporized=""/>
    <tripinfo id="47" depart="47.00" departLane="-5708224#2_0" departPos="4.60" departSpeed="11.34" departDelay="0.00" arrival="165.00" arrivalLane="198595565#3_0" arrivalPos="256.22" arrivalSpeed="13.89" duration="118.00" routeLength="1268.79" waitSteps="5" timeLoss="26.23" rerouteNo="0" devices="vehroute_47 tripinfo_47" vType="Car" vaporized=""/>
    <tripinfo id="58" depart="58.00" departLane="124794665#0_0" departPos="4.60" departSpeed="1.70" departDelay="0.00" arrival="168.00" arrivalLane="124794665#10_0" arrivalPos="313.92" arrivalSpeed="13.89" duration="110.00" routeLength="1301.61" waitSteps="0" timeLoss="16.11" rerouteNo="0" devices="vehroute_58 tripinfo_58" vType="Car" vaporized=""/>
    <tripinfo id="1001" depart="1.00" departLane="5701670#0_0" departPos="0.00" departSpeed="0.39" departDelay="1.00" arrival="173.00" arrivalLane="216933520#1_0" arrivalPos="233.03" arrivalSpeed="13.89" duration="172.00" routeLength="1936.40" waitSteps="0" timeLoss="11.76" rerouteNo="1" devices="vehroute_1001 tripinfo_1001" vType="Car" vaporized=""/>
    <tripinfo id="1002" depart="4.00" departLane="5701670#0_0" departPos="0.00" departSpeed="0.67" departDelay="4.00" arrival="176.00" arrivalLane="216933520#1_0" arrivalPos="233.03" arrivalSpeed="13.89" duration="172.00" routeLength="1936.40" waitSteps="0" timeLoss="11.84" rerouteNo="1" devices="vehroute_1002 tripinfo_1002" vType="Car" vaporized=""/>
    <tripinfo id="8" depart="8.00" departLane="-110299714#6_0" departPos="4.60" departSpeed="1.11" departDelay="0.00" arrival="179.00" arrivalLane="-5704055#0_0" arrivalPos="168.93" arrivalSpeed="13.89" duration="171.00" routeLength="1458.58" waitSteps="43" timeLoss="68.13" rerouteNo="0" devices="vehroute_8 tripinfo_8" vType="Car" vaporized=""/>
    <tripinfo id="48" depart="48.00" departLane="-5708224#2_0" departPos="4.60" departSpeed="7.60" departDelay="0.00" arrival="181.00" arrivalLane="198595565#3_0" arrivalPos="256.22" arrivalSpeed="13.89" duration="133.00" routeLength="1268.79" waitSteps="16" timeLoss="41.22" rerouteNo="0" devices="vehroute_48 tripinfo_48" vType="Car" vaporized=""/>
    <tripinfo id="22" depart="22.00" departLane="-110299714#6_0" departPos="4.60" departSpeed="3.95" departDelay="0.00" arrival="181.00" arrivalLane="-5704055#0_0" arrivalPos="168.93" arrivalSpeed="13.89" duration="159.00" routeLength="1458.58" waitSteps="33" timeLoss="56.00" rerouteNo="0" devices="vehroute_22 tripinfo_22" vType="Car" vaporized=""/>
    <tripinfo id="4" depart="4.00" departLane="198595558#0_0" departPos="4.60" departSpeed="3.29" departDelay="0.00" arrival="182.00" arrivalLane="5702757#2_0" arrivalPos="360.42" arrivalSpeed="13.89" duration="178.00" routeLength="1641.68" waitSteps="14" timeLoss="27.05" rerouteNo="0" devices="vehroute_4 tripinfo_4" vType="Car" vaporized=""/>
    <tripinfo id="1003" depart="8.00" departLane="5701670#0_0" departPos="0.00" departSpeed="1.85" departDelay="8.00" arrival="183.00" arrivalLane="216933520#1_0" arrivalPos="233.03" arrivalSpeed="13.89" duration="175.00" routeLength="1936.40" waitSteps="0" timeLoss="14.28" rerouteNo="1" devices="vehroute_1003 tripinfo_1003" vType="Car" vaporized=""/>
    <tripinfo id="30" depart="30.00" departLane="-110299714#6_0" departPos="4.60" departSpeed="2.37" departDelay="0.00" arrival="183.00" arrivalLane="-5704055#0_0" arrivalPos="168.93" arrivalSpeed="13.89" duration="153.00" routeLength="1458.58" waitSteps="26" timeLoss="50.34" rerouteNo="0" devices="vehroute_30 tripinfo_30" vType="Car" vaporized=""/>
    <tripinfo id="5" depart="6.00" departLane="198595558#0_0" departPos="4.60" departSpeed="3.36" departDelay="1.00" arrival="184.00" arrivalLane="5702757#2_0" arrivalPos="360.42" arrivalSpeed="13.89" duration="178.00" routeLength="1641.68" waitSteps="13" timeLoss="27.07" rerouteNo="0" devices="vehroute_5 tripinfo_5" vType="Car" vaporized=""/>
    <tripinfo id="1004" depart="11.00" departLane="5701670#0_0" departPos="0.00" departSpeed="3.02" departDelay="11.00" arrival="185.00" arrivalLane="216933520#1_0" arrivalPos="233.03" arrivalSpeed="13.89" duration="174.00" routeLength="1936.40" waitSteps="0" timeLoss="12.78" rerouteNo="1" devices="vehroute_1004 tripinfo_1004" vType="Car" vaporized=""/>
    <tripinfo id="34" depart="34.00" departLane="-110299714#6_0" departPos="4.60" departSpeed="9.68" departDelay="0.00" arrival="185.00" arrivalLane="-5704055#0_0" arrivalPos="168.93" arrivalSpeed="13.89" duration="151.00" routeLength="1458.58" waitSteps="26" timeLoss="48.27" rerouteNo="0" devices="vehroute_34 tripinfo_34" vType="Car" vaporized=""/>
    <tripinfo id="12" depart="12.00" departLane="198595558#0_0" departPos="4.60" departSpeed="13.63" departDelay="0.00" arrival="186.00" arrivalLane="5702757#2_0" arrivalPos="360.42" arrivalSpeed="13.89" duration="174.00" routeLength="1641.68" waitSteps="13" timeLoss="22.60" rerouteNo="0" devices="vehroute_12 tripinfo_12" vType="Car" vaporized=""/>
    <tripinfo id="1005" depart="13.00" departLane="5701670#0_0" departPos="0.00" departSpeed="0.54" departDelay="13.00" arrival="187.00" arrivalLane="216933520#1_0" arrivalPos="233.03" arrivalSpeed="13.89" duration="174.00" routeLength="1936.40" waitSteps="0" timeLoss="13.19" rerouteNo="1" devices="vehroute_1005 tripinfo_1005" vType="Car" vaporized=""/>
    <tripinfo id="41" depart="41.00" departLane="-110299714#6_0" departPos="4.60" departSpeed="13.48" departDelay="0.00" arrival="187.00" arrivalLane="-5704055#0_0" arrivalPos="168.93" arrivalSpeed="13.89" duration="146.00" routeLength="1458.58" waitSteps="23" timeLoss="42.93" rerouteNo="0" devices="vehroute_41 tripinfo_41" vType="Car" vaporized=""/>
    <tripinfo id="15" depart="15.00" departLane="198595558#0_0" departPos="4.60" departSpeed="0.10" departDelay="0.00" arrival="188.00" arrivalLane="5702757#2_0" arrivalPos="360.42" arrivalSpeed="13.89" duration="173.00" routeLength="1641.68" waitSteps="5" timeLoss="21.89" rerouteNo="0" devices="vehroute_15 tripinfo_15" vType="Car" vaporized=""/>
    <tripinfo id="1006" depart="17.00" departLane="5701670#0_0" departPos="0.00" departSpeed="1.66" departDelay="17.00" arrival="189.00" arrivalLane="216933520#1_0" arrivalPos="233.03" arrivalSpeed="13.89" duration="172.00" routeLength="1936.40" waitSteps="0" timeLoss="11.03" rerouteNo="1" devices="vehroute_1006 tripinfo_1006" vType="Car" vaporized=""/>
    <tripinfo id="65" depart="65.00" departLane="-110299714#6_0" departPos="4.60" departSpeed="6.12" departDelay="0.00" arrival="189.00" arrivalLane="-5704055#0_0" arrivalPos="168.93" arrivalSpeed="13.89" duration="124.00" routeLength="1458.58" waitSteps="0" timeLoss="21.08" rerouteNo="0" devices="vehroute_65 tripinfo_65" vType="Car" vaporized=""/>
    <tripinfo id="20" depart="20.00" departLane="198595558#0_0" departPos="4.60" departSpeed="0.84" departDelay="0.00" arrival="190.00" arrivalLane="5702757#2_0" arrivalPos="360.42" arrivalSpeed="13.89" duration="170.00" routeLength="1641.68" waitSteps="2" timeLoss="18.91" rerouteNo="0" devices="vehroute_20 tripinfo_20" vType="Car" vaporized=""/>
    <tripinfo id="49" depart="49.00" departLane="-5708224#2_0" departPos="4.60" departSpeed="5.35" departDelay="0.00" arrival="192.00" arrivalLane="198595565#3_0" arrivalPos="256.22" arrivalSpeed="13.89" duration="143.00" routeLength="1268.79" waitSteps="22" timeLoss="51.22" rerouteNo="0" devices="vehroute_49 tripinfo_49" vType="Car" vaporized=""/>
    <tripinfo id="21" depart="23.00" departLane="198595558#0_0" departPos="4.60" departSpeed="2.01" departDelay="2.00" arrival="192.00" arrivalLane="5702757#2_0" arrivalPos="360.42" arrivalSpeed="13.89" duration="169.00" routeLength="1641.68" waitSteps="1" timeLoss="18.05" rerouteNo="0" devices="vehroute_21 tripinfo_21" vType="Car" vaporized=""/>
    <tripinfo id="1007" depart="20.00" departLane="5701670#0_0" departPos="0.00" departSpeed="1.46" departDelay="20.00" arrival="192.00" arrivalLane="216933520#1_0" arrivalPos="233.03" arrivalSpeed="13.89" duration="172.00" routeLength="1936.40" waitSteps="0" timeLoss="11.84" rerouteNo="1" devices="vehroute_1007 tripinfo_1007" vType="Car" vaporized=""/>
    <tripinfo id="61" depart="61.00" departLane="-5708224#2_0" departPos="4.60" departSpeed="9.51" departDelay="0.00" arrival="194.00" arrivalLane="198595565#3_0" arrivalPos="256.22" arrivalSpeed="13.89" duration="133.00" routeLength="1268.79" waitSteps="20" timeLoss="40.70" rerouteNo="0" devices="vehroute_61 tripinfo_61" vType="Car" vaporized=""/>
    <tripinfo id="29" depart="29.00" departLane="198595558#0_0" departPos="4.60" departSpeed="2.99" departDelay="0.00" arrival="194.00" arrivalLane="5702757#2_0" arrivalPos="360.42" arrivalSpeed="13.89" duration="165.00" routeLength="1641.68" waitSteps="0" timeLoss="13.78" rerouteNo="0" devices="vehroute_29 tripinfo_29" vType="Car" vaporized=""/>
    <tripinfo id="62" depart="62.00" departLane="-5708224#2_0" departPos="4.60" departSpeed="1.90" departDelay="0.00" arrival="195.00" arrivalLane="198595565#3_0" arrivalPos="256.22" arrivalSpeed="13.89" duration="133.00" routeLength="1268.79" waitSteps="17" timeLoss="41.16" rerouteNo="0" devices="vehroute_62 tripinfo_62" vType="Car" vaporized=""/>
    <tripinfo id="32" depart="32.00" departLane="198595558#0_0" departPos="4.60" departSpeed="7.23" departDelay="0.00" arrival="196.00" arrivalLane="5702757#2_0" arrivalPos="360.42" arrivalSpeed="13.89" duration="164.00" routeLength="1641.68" waitSteps="0" timeLoss="12.81" rerouteNo="0" devices="vehroute_32 tripinfo_32" vType="Car" vaporized=""/>
    <tripinfo id="63" depart="64.00" departLane="-5708224#2_0" departPos="4.60" departSpeed="0.30" departDelay="1.00" arrival="197.00" arrivalLane="198595565#3_0" arrivalPos="256.22" arrivalSpeed="13.89" duration="133.00" routeLength="1268.79" waitSteps="17" timeLoss="41.60" rerouteNo="0" devices="vehroute_63 tripinfo_63" vType="Car" vaporized=""/>
    <tripinfo id="83" depart="83.00" departLane="-110299714#6_0" departPos="4.60" departSpeed="13.54" departDelay="0.00" arrival="197.00" arrivalLane="-5704055#0_0" arrivalPos="168.93" arrivalSpeed="13.89" duration="114.00" routeLength="1458.58" waitSteps="0" timeLoss="11.07" rerouteNo="0" devices="vehroute_83 tripinfo_83" vType="Car" vaporized=""/>
    <tripinfo id="79" depart="79.00" departLane="-5708224#2_0" departPos="4.60" departSpeed="0.26" departDelay="0.00" arrival="199.00" arrivalLane="198595565#3_0" arrivalPos="256.22" arrivalSpeed="13.89" duration="120.00" routeLength="1268.79" waitSteps="6" timeLoss="28.09" rerouteNo="0" devices="vehroute_79 tripinfo_79" vType="Car" vaporized=""/>
    <tripinfo id="1008" depart="23.00" departLane="5701670#0_0" departPos="0.00" departSpeed="0.89" departDelay="23.00" arrival="199.00" arrivalLane="216933520#1_0" arrivalPos="233.03" arrivalSpeed="13.89" duration="176.00" routeLength="1936.40" waitSteps="0" timeLoss="15.28" rerouteNo="1" devices="vehroute_1008 tripinfo_1008" vType="Car" vaporized=""/>
    <tripinfo id="40" depart="40.00" departLane="198595558#0_0" departPos="4.60" departSpeed="2.56" departDelay="0.00" arrival="200.00" arrivalLane="5702757#2_0" arrivalPos="360.42" arrivalSpeed="13.89" duration="160.00" routeLength="1641.68" waitSteps="0" timeLoss="8.82" rerouteNo="0" devices="vehroute_40 tripinfo_40" vType="Car" vaporized=""/>
    <tripinfo id="1009" depart="27.00" departLane="5701670#0_0" departPos="0.00" departSpeed="3.07" departDelay="27.00" arrival="201.00" arrivalLane="216933520#1_0" arrivalPos="233.03" arrivalSpeed="13.89" duration="174.00" routeLength="1936.40" waitSteps="0" timeLoss="12.77" rerouteNo="1" devices="vehroute_1009 tripinfo_1009" vType="Car" vaporized=""/>
    <tripinfo id="1010" depart="29.00" departLane="5701670#0_0" departPos="0.00" departSpeed="0.64" departDelay="29.00" arrival="203.00" arrivalLane="216933520#1_0" arrivalPos="233.03" arrivalSpeed="13.89" duration="174.00" routeLength="1936.40" waitSteps="0" timeLoss="13.18" rerouteNo="1" devices="vehroute_1010 tripinfo_1010" vType="Car" vaporized=""/>
    <tripinfo id="50" depart="50.00" departLane="-198595456#4_0" departPos="4.60" departSpeed="24.15" departDelay="0.00" arrival="204.00" arrivalLane="-198595455#0_1" arrivalPos="13.19" arrivalSpeed="25.00" duration="154.00" routeLength="1422.84" waitSteps="66" timeLoss="102.58" rerouteNo="0" devices="vehroute_50 tripinfo_50" vType="Car" vaporized=""/>
    <tripinfo id="37" depart="37.00" departLane="-198595456#4_0" departPos="4.60" departSpeed="22.39" departDelay="0.00" arrival="204.00" arrivalLane="-198595455#0_0" arrivalPos="13.19" arrivalSpeed="25.00" duration="167.00" routeLength="1422.84" waitSteps="85" timeLoss="115.59" rerouteNo="0" devices="vehroute_37 tripinfo_37" vType="Car" vaporized=""/>
    <tripinfo id="67" depart="67.00" departLane="-198595456#4_0" departPos="4.60" departSpeed="17.80" departDelay="0.00" arrival="206.00" arrivalLane="-198595455#0_0" arrivalPos="13.19" arrivalSpeed="26.00" duration="139.00" routeLength="1422.84" waitSteps="55" timeLoss="86.89" rerouteNo="0" devices="vehroute_67 tripinfo_67" vType="Car" vaporized=""/>
    <tripinfo id="96" depart="96.00" departLane="-198595456#4_0" departPos="4.60" departSpeed="22.35" departDelay="0.00" arrival="206.00" arrivalLane="-198595455#0_1" arrivalPos="13.19" arrivalSpeed="26.00" duration="110.00" routeLength="1422.84" waitSteps="25" timeLoss="57.89" rerouteNo="0" devices="vehroute_96 tripinfo_96" vType="Car" vaporized=""/>
    <tripinfo id="100" depart="100.00" departLane="-198595456#4_0" departPos="4.60" departSpeed="2.79" departDelay="0.00" arrival="207.00" arrivalLane="-198595455#0_1" arrivalPos="13.19" arrivalSpeed="26.00" duration="107.00" routeLength="1422.84" waitSteps="22" timeLoss="55.10" rerouteNo="0" devices="vehroute_100 tripinfo_100" vType="Car" vaporized=""/>
    <tripinfo id="98" depart="98.00" departLane="-198595456#4_0" departPos="4.60" departSpeed="6.37" departDelay="0.00" arrival="207.00" arrivalLane="-198595455#0_0" arrivalPos="13.19" arrivalSpeed="26.00" duration="109.00" routeLength="1422.84" waitSteps="23" timeLoss="57.10" rerouteNo="0" devices="vehroute_98 tripinfo_98" vType="Car" vaporized=""/>
    <tripinfo id="117" depart="117.00" departLane="-5708224#2_0" departPos="4.60" departSpeed="5.75" departDelay="0.00" arrival="216.00" arrivalLane="198595565#3_0" arrivalPos="256.22" arrivalSpeed="13.89" duration="99.00" routeLength="1268.79" waitSteps="0" timeLoss="7.62" rerouteNo="0" devices="vehroute_117 tripinfo_117" vType="Car" vaporized=""/>
    <tripinfo id="86" depart="86.00" departLane="124794665#0_0" departPos="4.60" departSpeed="13.66" departDelay="0.00" arrival="216.00" arrivalLane="124794665#10_0" arrivalPos="313.92" arrivalSpeed="13.89" duration="130.00" routeLength="1301.61" waitSteps="18" timeLoss="35.30" rerouteNo="0" devices="vehroute_86 tripinfo_86" vType="Car" vaporized=""/>
    <tripinfo id="90" depart="90.00" departLane="124794665#0_0" departPos="4.60" departSpeed="8.30" departDelay="0.00" arrival="217.00" arrivalLane="124794665#10_0" arrivalPos="313.92" arrivalSpeed="13.89" duration="127.00" routeLength="1301.61" waitSteps="14" timeLoss="32.77" rerouteNo="0" devices="vehroute_90 tripinfo_90" vType="Car" vaporized=""/>
    <tripinfo id="122" depart="122.00" departLane="-5708224#2_0" departPos="4.60" departSpeed="8.79" departDelay="0.00" arrival="223.00" arrivalLane="198595565#3_0" arrivalPos="256.22" arrivalSpeed="13.89" duration="101.00" routeLength="1268.79" waitSteps="0" timeLoss="8.93" rerouteNo="0" devices="vehroute_122 tripinfo_122" vType="Car" vaporized=""/>
    <tripinfo id="116" depart="116.00" departLane="124794665#0_0" departPos="4.60" departSpeed="4.84" departDelay="0.00" arrival="223.00" arrivalLane="124794665#10_0" arrivalPos="313.92" arrivalSpeed="13.89" duration="107.00" routeLength="1301.61" waitSteps="0" timeLoss="12.39" rerouteNo="0" devices="vehroute_116 tripinfo_116" vType="Car" vaporized=""/>
    <tripinfo id="126" depart="126.00" departLane="-5708224#2_0" departPos="4.60" departSpeed="6.88" departDelay="0.00" arrival="226.00" arrivalLane="198595565#3_0" arrivalPos="256.22" arrivalSpeed="13.89" duration="100.00" routeLength="1268.79" waitSteps="0" timeLoss="8.52" rerouteNo="0" devices="vehroute_126 tripinfo_126" vType="Car" vaporized=""/>
    <tripinfo id="26" depart="26.00" departLane="198595471#0_0" departPos="4.60" departSpeed="6.56" departDelay="0.00" arrival="235.00" arrivalLane="5701721#10_0" arrivalPos="336.05" arrivalSpeed="11.18" duration="209.00" routeLength="2028.79" waitSteps="24" timeLoss="61.74" rerouteNo="0" devices="vehroute_26 tripinfo_26" vType="Car" vaporized=""/>
    <tripinfo id="52" depart="52.00" departLane="5703313#0_0" departPos="4.60" departSpeed="2.25" departDelay="0.00" arrival="235.00" arrivalLane="216933519_0" arrivalPos="182.24" arrivalSpeed="13.89" duration="183.00" routeLength="1368.32" waitSteps="53" timeLoss="84.11" rerouteNo="0" devices="vehroute_52 tripinfo_52" vType="Car" vaporized=""/>
    <tripinfo id="39" depart="39.00" departLane="198595471#0_0" departPos="4.60" departSpeed="7.53" departDelay="0.00" arrival="236.00" arrivalLane="5701721#10_0" arrivalPos="336.05" arrivalSpeed="11.18" duration="197.00" routeLength="2028.79" waitSteps="11" timeLoss="50.15" rerouteNo="0" devices="vehroute_39 tripinfo_39" vType="Car" vaporized=""/>
    <tripinfo id="55" depart="55.00" departLane="5703313#0_0" departPos="4.60" departSpeed="5.75" departDelay="0.00" arrival="237.00" arrivalLane="216933519_0" arrivalPos="182.24" arrivalSpeed="13.89" duration="182.00" routeLength="1368.32" waitSteps="50" timeLoss="82.58" rerouteNo="0" devices="vehroute_55 tripinfo_55" vType="Car" vaporized=""/>
    <tripinfo id="131" depart="131.00" departLane="124794665#0_0" departPos="4.60" departSpeed="8.09" departDelay="0.00" arrival="238.00" arrivalLane="124794665#10_0" arrivalPos="313.92" arrivalSpeed="13.89" duration="107.00" routeLength="1301.61" waitSteps="0" timeLoss="12.59" rerouteNo="0" devices="vehroute_131 tripinfo_131" vType="Car" vaporized=""/>
    <tripinfo id="139" depart="139.00" departLane="-5708224#2_0" departPos="4.60" departSpeed="8.16" departDelay="0.00" arrival="240.00" arrivalLane="198595565#3_0" arrivalPos="256.22" arrivalSpeed="13.89" duration="101.00" routeLength="1268.79" waitSteps="0" timeLoss="9.27" rerouteNo="0" devices="vehroute_139 tripinfo_139" vType="Car" vaporized=""/>
    <tripinfo id="137" depart="137.00" departLane="124794665#0_0" departPos="4.60" departSpeed="2.18" departDelay="0.00" arrival="246.00" arrivalLane="124794665#10_0" arrivalPos="313.92" arrivalSpeed="13.89" duration="109.00" routeLength="1301.61" waitSteps="0" timeLoss="14.27" rerouteNo="0" devices="vehroute_137 tripinfo_137" vType="Car" vaporized=""/>
    <tripinfo id="141" depart="141.00" departLane="124794665#0_0" departPos="4.60" departSpeed="5.33" departDelay="0.00" arrival="247.00" arrivalLane="124794665#10_0" arrivalPos="313.92" arrivalSpeed="13.89" duration="106.00" routeLength="1301.61" waitSteps="0" timeLoss="11.77" rerouteNo="0" devices="vehroute_141 tripinfo_141" vType="Car" vaporized=""/>
    <tripinfo id="54" depart="54.00" departLane="198595471#0_0" departPos="4.60" departSpeed="6.99" departDelay="0.00" arrival="248.00" arrivalLane="5701721#10_0" arrivalPos="336.05" arrivalSpeed="11.18" duration="194.00" routeLength="2028.79" waitSteps="5" timeLoss="46.72" rerouteNo="0" devices="vehroute_54 tripinfo_54" vType="Car" vaporized=""/>
    <tripinfo id="59" depart="59.00" departLane="198595471#0_0" departPos="4.60" departSpeed="8.06" departDelay="0.00" arrival="249.00" arrivalLane="5701721#10_0" arrivalPos="336.05" arrivalSpeed="11.18" duration="190.00" routeLength="2028.79" waitSteps="2" timeLoss="42.99" rerouteNo="0" devices="vehroute_59 tripinfo_59" vType="Car" vaporized=""/>
    <tripinfo id="140" depart="140.00" departLane="-5708224#2_0" departPos="4.60" departSpeed="5.62" departDelay="0.00" arrival="250.00" arrivalLane="198595565#3_0" arrivalPos="256.22" arrivalSpeed="13.89" duration="110.00" routeLength="1268.79" waitSteps="4" timeLoss="18.37" rerouteNo="0" devices="vehroute_140 tripinfo_140" vType="Car" vaporized=""/>
    <tripinfo id="71" depart="71.00" departLane="5703313#0_0" departPos="4.60" departSpeed="12.70" departDelay="0.00" arrival="254.00" arrivalLane="216933519_0" arrivalPos="182.24" arrivalSpeed="13.89" duration="183.00" routeLength="1368.32" waitSteps="56" timeLoss="84.29" rerouteNo="0" devices="vehroute_71 tripinfo_71" vType="Car" vaporized=""/>
    <tripinfo id="146" depart="146.00" departLane="124794665#0_0" departPos="4.60" departSpeed="12.54" departDelay="0.00" arrival="256.00" arrivalLane="124794665#10_0" arrivalPos="313.92" arrivalSpeed="13.89" duration="110.00" routeLength="1301.61" waitSteps="0" timeLoss="15.35" rerouteNo="0" devices="vehroute_146 tripinfo_146" vType="Car" vaporized=""/>
    <tripinfo id="68" depart="68.00" departLane="198595471#0_0" departPos="4.60" departSpeed="3.60" departDelay="0.00" arrival="258.00" arrivalLane="5701721#10_0" arrivalPos="336.05" arrivalSpeed="11.18" duration="190.00" routeLength="2028.79" waitSteps="4" timeLoss="43.31" rerouteNo="0" devices="vehroute_68 tripinfo_68" vType="Car" vaporized=""/>
    <tripinfo id="155" depart="155.00" departLane="124794665#0_0" departPos="4.60" departSpeed="12.20" departDelay="0.00" arrival="262.00" arrivalLane="124794665#10_0" arrivalPos="313.92" arrivalSpeed="13.89" duration="107.00" routeLength="1301.61" waitSteps="0" timeLoss="12.66" rerouteNo="0" devices="vehroute_155 tripinfo_155" vType="Car" vaporized=""/>
    <tripinfo id="76" depart="76.00" departLane="5703313#0_0" departPos="4.60" departSpeed="0.39" departDelay="0.00" arrival="264.00" arrivalLane="216933519_0" arrivalPos="182.24" arrivalSpeed="13.89" duration="188.00" routeLength="1368.32" waitSteps="50" timeLoss="89.10" rerouteNo="0" devices="vehroute_76 tripinfo_76" vType="Car" vaporized=""/>
    <tripinfo id="77" depart="79.00" departLane="5703313#0_0" departPos="4.60" departSpeed="0.66" departDelay="2.00" arrival="266.00" arrivalLane="216933519_0" arrivalPos="182.24" arrivalSpeed="13.89" duration="187.00" routeLength="1368.32" waitSteps="43" timeLoss="87.56" rerouteNo="0" devices="vehroute_77 tripinfo_77" vType="Car" vaporized=""/>
    <tripinfo id="91" depart="91.00" departLane="5703313#0_0" departPos="4.60" departSpeed="1.24" departDelay="0.00" arrival="267.00" arrivalLane="216933519_0" arrivalPos="182.24" arrivalSpeed="13.89" duration="176.00" routeLength="1368.32" waitSteps="33" timeLoss="77.19" rerouteNo="0" devices="vehroute_91 tripinfo_91" vType="Car" vaporized=""/>
    <tripinfo id="92" depart="94.00" departLane="5703313#0_0" departPos="4.60" departSpeed="3.22" departDelay="2.00" arrival="269.00" arrivalLane="216933519_0" arrivalPos="182.24" arrivalSpeed="13.89" duration="175.00" routeLength="1368.32" waitSteps="29" timeLoss="75.88" rerouteNo="0" devices="vehroute_92 tripinfo_92" vType="Car" vaporized=""/>
    <tripinfo id="102" depart="102.00" departLane="-110299714#6_0" departPos="4.60" departSpeed="5.02" departDelay="0.00" arrival="269.00" arrivalLane="-5704055#0_0" arrivalPos="168.93" arrivalSpeed="13.89" duration="167.00" routeLength="1458.58" waitSteps="38" timeLoss="64.13" rerouteNo="0" devices="vehroute_102 tripinfo_102" vType="Car" vaporized=""/>
    <tripinfo id="154" depart="154.00" departLane="-5708224#2_0" departPos="4.60" departSpeed="10.42" departDelay="0.00" arrival="270.00" arrivalLane="198595565#3_0" arrivalPos="256.22" arrivalSpeed="13.89" duration="116.00" routeLength="1268.79" waitSteps="13" timeLoss="24.37" rerouteNo="0" devices="vehroute_154 tripinfo_154" vType="Car" vaporized=""/>
    <tripinfo id="105" depart="105.00" departLane="5703313#0_0" departPos="4.60" departSpeed="7.81" departDelay="0.00" arrival="271.00" arrivalLane="216933519_0" arrivalPos="182.24" arrivalSpeed="13.89" duration="166.00" routeLength="1368.32" waitSteps="24" timeLoss="66.99" rerouteNo="0" devices="vehroute_105 tripinfo_105" vType="Car" vaporized=""/>
    <tripinfo id="109" depart="109.00" departLane="-110299714#6_0" departPos="4.60" departSpeed="9.58" departDelay="0.00" arrival="271.00" arrivalLane="-5704055#0_0" arrivalPos="168.93" arrivalSpeed="13.89" duration="162.00" routeLength="1458.58" waitSteps="31" timeLoss="59.03" rerouteNo="0" devices="vehroute_109 tripinfo_109" vType="Car" vaporized=""/>
    <tripinfo id="45" depart="45.00" departLane="198595558#0_0" departPos="4.60" departSpeed="8.90" departDelay="0.00" arrival="272.00" arrivalLane="5702757#2_0" arrivalPos="360.42" arrivalSpeed="13.89" duration="227.00" routeLength="1641.68" waitSteps="66" timeLoss="76.05" rerouteNo="0" devices="vehroute_45 tripinfo_45" vType="Car" vaporized=""/>
    <tripinfo id="111" depart="111.00" departLane="5703313#0_0" departPos="4.60" departSpeed="12.56" departDelay="0.00" arrival="273.00" arrivalLane="216933519_0" arrivalPos="182.24" arrivalSpeed="13.89" duration="162.00" routeLength="1368.32" waitSteps="19" timeLoss="63.03" rerouteNo="0" devices="vehroute_111 tripinfo_111" vType="Car" vaporized=""/>
    <tripinfo id="127" depart="127.00" departLane="-110299714#6_0" departPos="4.60" departSpeed="3.64" departDelay="0.00" arrival="273.00" arrivalLane="-5704055#0_0" arrivalPos="168.93" arrivalSpeed="13.89" duration="146.00" routeLength="1458.58" waitSteps="12" timeLoss="43.33" rerouteNo="0" devices="vehroute_127 tripinfo_127" vType="Car" vaporized=""/>
    <tripinfo id="60" depart="60.00" departLane="198595558#0_0" departPos="4.60" departSpeed="10.33" departDelay="0.00" arrival="274.00" arrivalLane="5702757#2_0" arrivalPos="360.42" arrivalSpeed="13.89" duration="214.00" routeLength="1641.68" waitSteps="53" timeLoss="63.07" rerouteNo="0" devices="vehroute_60 tripinfo_60" vType="Car" vaporized=""/>
    <tripinfo id="113" depart="113.00" departLane="5703313#0_0" departPos="4.60" departSpeed="2.12" departDelay="0.00" arrival="275.00" arrivalLane="216933519_0" arrivalPos="182.24" arrivalSpeed="13.89" duration="162.00" routeLength="1368.32" waitSteps="13" timeLoss="63.02" rerouteNo="0" devices="vehroute_113 tripinfo_113" vType="Car" vaporized=""/>
    <tripinfo id="158" depart="158.00" departLane="-110299714#6_0" departPos="4.60" departSpeed="5.57" departDelay="0.00" arrival="275.00" arrivalLane="-5704055#0_0" arrivalPos="168.93" arrivalSpeed="13.89" duration="117.00" routeLength="1458.58" waitSteps="0" timeLoss="14.53" rerouteNo="0" devices="vehroute_158 tripinfo_158" vType="Car" vaporized=""/>
    <tripinfo id="72" depart="72.00" departLane="198595558#0_0" departPos="4.60" departSpeed="9.09" departDelay="0.00" arrival="276.00" arrivalLane="5702757#2_0" arrivalPos="360.42" arrivalSpeed="13.89" duration="204.00" routeLength="1641.68" waitSteps="42" timeLoss="52.60" rerouteNo="0" devices="vehroute_72 tripinfo_72" vType="Car" vaporized=""/>
    <tripinfo id="120" depart="120.00" departLane="5703313#0_0" departPos="4.60" departSpeed="8.58" departDelay="0.00" arrival="277.00" arrivalLane="216933519_0" arrivalPos="182.24" arrivalSpeed="13.89" duration="157.00" routeLength="1368.32" waitSteps="12" timeLoss="58.02" rerouteNo="0" devices="vehroute_120 tripinfo_120" vType="Car" vaporized=""/>
    <tripinfo id="75" depart="75.00" departLane="198595558#0_0" departPos="4.60" departSpeed="1.79" departDelay="0.00" arrival="278.00" arrivalLane="5702757#2_0" arrivalPos="360.42" arrivalSpeed="13.89" duration="203.00" routeLength="1641.68" waitSteps="36" timeLoss="51.89" rerouteNo="0" devices="vehroute_75 tripinfo_75" vType="Car" vaporized=""/>
    <tripinfo id="121" depart="121.00" departLane="5703313#0_0" departPos="4.60" departSpeed="0.32" departDelay="0.00" arrival="279.00" arrivalLane="216933519_0" arrivalPos="182.24" arrivalSpeed="13.89" duration="158.00" routeLength="1368.32" waitSteps="9" timeLoss="59.02" rerouteNo="0" devices="vehroute_121 tripinfo_121" vType="Car" vaporized=""/>
    <tripinfo id="95" depart="95.00" departLane="198595558#0_0" departPos="4.60" departSpeed="3.02" departDelay="0.00" arrival="280.00" arrivalLane="5702757#2_0" arrivalPos="360.42" arrivalSpeed="13.89" duration="185.00" routeLength="1641.68" waitSteps="19" timeLoss="33.92" rerouteNo="0" devices="vehroute_95 tripinfo_95" vType="Car" vaporized=""/>
    <tripinfo id="160" depart="160.00" departLane="-5708224#2_0" departPos="4.60" departSpeed="3.05" departDelay="0.00" arrival="280.00" arrivalLane="198595565#3_0" arrivalPos="256.22" arrivalSpeed="13.89" duration="120.00" routeLength="1268.79" waitSteps="9" timeLoss="28.36" rerouteNo="0" devices="vehroute_160 tripinfo_160" vType="Car" vaporized=""/>
    <tripinfo id="123" depart="124.00" departLane="5703313#0_0" departPos="4.60" departSpeed="0.47" departDelay="1.00" arrival="281.00" arrivalLane="216933519_0" arrivalPos="182.24" arrivalSpeed="13.89" duration="157.00" routeLength="1368.32" waitSteps="9" timeLoss="58.01" rerouteNo="0" devices="vehroute_123 tripinfo_123" vType="Car" vaporized=""/>
    <tripinfo id="2002" depart="14.00" departLane="-351234145#4_0" departPos="0.00" departSpeed="0.54" departDelay="10.00" arrival="282.00" arrivalLane="-420302270#1_1" arrivalPos="6.48" arrivalSpeed="7.00" duration="268.00" routeLength="956.78" waitSteps="160" timeLoss="233.29" rerouteNo="1" devices="vehroute_2002 tripinfo_2002" vType="Car" vaporized=""/>
    <tripinfo id="103" depart="103.00" departLane="198595558#0_0" departPos="4.60" departSpeed="4.94" departDelay="0.00" arrival="282.00" arrivalLane="5702757#2_0" arrivalPos="360.42" arrivalSpeed="13.89" duration="179.00" routeLength="1641.68" waitSteps="13" timeLoss="28.04" rerouteNo="0" devices="vehroute_103 tripinfo_103" vType="Car" vaporized=""/>
    <tripinfo id="167" depart="167.00" departLane="-5708224#2_0" departPos="4.60" departSpeed="0.63" departDelay="0.00" arrival="282.00" arrivalLane="198595565#3_0" arrivalPos="256.22" arrivalSpeed="13.89" duration="115.00" routeLength="1268.79" waitSteps="5" timeLoss="23.47" rerouteNo="0" devices="vehroute_167 tripinfo_167" vType="Car" vaporized=""/>
    <tripinfo id="129" depart="129.00" departLane="5703313#0_0" departPos="4.60" departSpeed="5.43" departDelay="0.00" arrival="283.00" arrivalLane="216933519_0" arrivalPos="182.24" arrivalSpeed="13.89" duration="154.00" routeLength="1368.32" waitSteps="9" timeLoss="55.02" rerouteNo="0" devices="vehroute_129 tripinfo_129" vType="Car" vaporized=""/>
    <tripinfo id="107" depart="107.00" departLane="198595558#0_0" departPos="4.60" departSpeed="9.06" departDelay="0.00" arrival="284.00" arrivalLane="5702757#2_0" arrivalPos="360.42" arrivalSpeed="13.89" duration="177.00" routeLength="1641.68" waitSteps="13" timeLoss="25.79" rerouteNo="0" devices="vehroute_107 tripinfo_107" vType="Car" vaporized=""/>
    <tripinfo id="172" depart="172.00" departLane="-5708224#2_0" departPos="4.60" departSpeed="6.82" departDelay="0.00" arrival="284.00" arrivalLane="198595565#3_0" arrivalPos="256.22" arrivalSpeed="13.89" duration="112.00" routeLength="1268.79" waitSteps="4" timeLoss="20.54" rerouteNo="0" devices="vehroute_172 tripinfo_172" vType="Car" vaporized=""/>
    <tripinfo id="169" depart="169.00" departLane="-110299714#6_0" departPos="4.60" departSpeed="11.53" departDelay="0.00" arrival="284.00" arrivalLane="-5704055#0_0" arrivalPos="168.93" arrivalSpeed="13.89" duration="115.00" routeLength="1458.58" waitSteps="0" timeLoss="12.79" rerouteNo="0" devices="vehroute_169 tripinfo_169" vType="Car" vaporized=""/>
    <tripinfo id="134" depart="134.00" departLane="5703313#0_0" departPos="4.60" departSpeed="5.23" departDelay="0.00" arrival="285.00" arrivalLane="216933519_0" arrivalPos="182.24" arrivalSpeed="13.89" duration="151.00" routeLength="1368.32" waitSteps="9" timeLoss="52.02" rerouteNo="0" devices="vehroute_134 tripinfo_134" vType="Car" vaporized=""/>
    <tripinfo id="108" depart="108.00" departLane="198595558#0_0" departPos="4.60" departSpeed="6.84" departDelay="0.00" arrival="286.00" arrivalLane="5702757#2_0" arrivalPos="360.42" arrivalSpeed="13.89" duration="178.00" routeLength="1641.68" waitSteps="12" timeLoss="26.80" rerouteNo="0" devices="vehroute_108 tripinfo_108" vType="Car" vaporized=""/>
    <tripinfo id="135" depart="136.00" departLane="5703313#0_0" departPos="4.60" departSpeed="5.01" departDelay="1.00" arrival="287.00" arrivalLane="216933519_0" arrivalPos="182.24" arrivalSpeed="13.89" duration="151.00" routeLength="1368.32" waitSteps="9" timeLoss="52.02" rerouteNo="0" devices="vehroute_135 tripinfo_135" vType="Car" vaporized=""/>
    <tripinfo id="125" depart="125.00" departLane="-198595456#4_0" departPos="4.60" departSpeed="13.02" departDelay="0.00" arrival="294.00" arrivalLane="-198595455#0_0" arrivalPos="13.19" arrivalSpeed="25.00" duration="169.00" routeLength="1422.84" waitSteps="83" timeLoss="117.59" rerouteNo="0" devices="vehroute_125 tripinfo_125" vType="Car" vaporized=""/>
    <tripinfo id="124" depart="124.00" departLane="-198595456#4_0" departPos="4.60" departSpeed="19.92" departDelay="0.00" arrival="294.00" arrivalLane="-198595455#0_1" arrivalPos="13.19" arrivalSpeed="25.00" duration="170.00" routeLength="1422.84" waitSteps="86" timeLoss="118.58" rerouteNo="0" devices="vehroute_124 tripinfo_124" vType="Car" vaporized=""/>
    <tripinfo id="130" depart="130.00" departLane="-198595456#4_0" departPos="4.60" departSpeed="0.45" departDelay="0.00" arrival="296.00" arrivalLane="-198595455#0_1" arrivalPos="13.19" arrivalSpeed="26.00" duration="166.00" routeLength="1422.84" waitSteps="66" timeLoss="113.87" rerouteNo="0" devices="vehroute_130 tripinfo_130" vType="Car" vaporized=""/>
    <tripinfo id="147" depart="147.00" departLane="-198595456#4_0" departPos="4.60" departSpeed="3.34" departDelay="0.00" arrival="296.00" arrivalLane="-198595455#0_0" arrivalPos="13.19" arrivalSpeed="26.00" duration="149.00" routeLength="1422.84" waitSteps="55" timeLoss="96.87" rerouteNo="0" devices="vehroute_147 tripinfo_147" vType="Car" vaporized=""/>
    <tripinfo id="162" depart="162.00" departLane="-198595456#4_0" departPos="4.60" departSpeed="9.97" departDelay="0.00" arrival="297.00" arrivalLane="-198595455#0_0" arrivalPos="13.19" arrivalSpeed="26.00" duration="135.00" routeLength="1422.84" waitSteps="47" timeLoss="83.12" rerouteNo="0" devices="vehroute_162 tripinfo_162" vType="Car" vaporized=""/>
    <tripinfo id="148" depart="149.00" departLane="-198595456#4_0" departPos="4.60" departSpeed="3.52" departDelay="1.00" arrival="297.00" arrivalLane="-198595455#0_1" arrivalPos="13.19" arrivalSpeed="26.00" duration="148.00" routeLength="1422.84" waitSteps="54" timeLoss="96.12" rerouteNo="0" devices="vehroute_148 tripinfo_148" vType="Car" vaporized=""/>
    <tripinfo id="165" depart="165.00" departLane="-198595456#4_0" departPos="4.60" departSpeed="2.83" departDelay="0.00" arrival="298.00" arrivalLane="-198595455#0_0" arrivalPos="13.19" arrivalSpeed="26.00" duration="133.00" routeLength="1422.84" waitSteps="38" timeLoss="81.35" rerouteNo="0" devices="vehroute_165 tripinfo_165" vType="Car" vaporized=""/>
    <tripinfo id="177" depart="177.00" departLane="-198595456#4_0" departPos="4.60" departSpeed="15.52" departDelay="0.00" arrival="298.00" arrivalLane="-198595455#0_1" arrivalPos="13.19" arrivalSpeed="26.00" duration="121.00" routeLength="1422.84" waitSteps="35" timeLoss="69.35" rerouteNo="0" devices="vehroute_177 tripinfo_177" vType="Car" vaporized=""/>
    <tripinfo id="179" depart="179.00" departLane="-198595456#4_0" departPos="4.60" departSpeed="17.47" departDelay="0.00" arrival="299.00" arrivalLane="-198595455#0_0" arrivalPos="13.19" arrivalSpeed="26.00" duration="120.00" routeLength="1422.84" waitSteps="34" timeLoss="68.58" rerouteNo="0" devices="vehroute_179 tripinfo_179" vType="Car" vaporized=""/>
    <tripinfo id="174" depart="174.00" departLane="-198595456#4_0" departPos="4.60" departSpeed="8.31" departDelay="0.00" arrival="299.00" arrivalLane="-198595455#0_1" arrivalPos="13.19" arrivalSpeed="26.00" duration="125.00" routeLength="1422.84" waitSteps="37" timeLoss="73.58" rerouteNo="0" devices="vehroute_174 tripinfo_174" vType="Car" vaporized=""/>
    <tripinfo id="184" depart="184.00" departLane="-198595456#4_0" departPos="4.60" departSpeed="14.06" departDelay="0.00" arrival="301.00" arrivalLane="-198595455#0_1" arrivalPos="13.19" arrivalSpeed="27.00" duration="117.00" routeLength="1422.84" waitSteps="31" timeLoss="64.84" rerouteNo="0" devices="vehroute_184 tripinfo_184" vType="Car" vaporized=""/>
    <tripinfo id="196" depart="196.00" departLane="-198595456#4_0" departPos="4.60" departSpeed="19.02" departDelay="0.00" arrival="301.00" arrivalLane="-198595455#0_0" arrivalPos="13.19" arrivalSpeed="27.00" duration="105.00" routeLength="1422.84" waitSteps="23" timeLoss="52.85" rerouteNo="0" devices="vehroute_196 tripinfo_196" vType="Car" vaporized=""/>
    <tripinfo id="170" depart="170.00" departLane="124794665#0_0" departPos="4.60" departSpeed="4.60" departDelay="0.00" arrival="302.00" arrivalLane="124794665#10_0" arrivalPos="313.92" arrivalSpeed="13.89" duration="132.00" routeLength="1301.61" waitSteps="13" timeLoss="37.30" rerouteNo="0" devices="vehroute_170 tripinfo_170" vType="Car" vaporized=""/>
    <tripinfo id="191" depart="191.00" departLane="124794665#0_0" departPos="4.60" departSpeed="8.70" departDelay="0.00" arrival="303.00" arrivalLane="124794665#10_0" arrivalPos="313.92" arrivalSpeed="13.89" duration="112.00" routeLength="1301.61" waitSteps="0" timeLoss="17.78" rerouteNo="0" devices="vehroute_191 tripinfo_191" vType="Car" vaporized=""/>
    <tripinfo id="194" depart="194.00" departLane="124794665#0_0" departPos="4.60" departSpeed="11.09" departDelay="0.00" arrival="307.00" arrivalLane="124794665#10_0" arrivalPos="313.92" arrivalSpeed="13.89" duration="113.00" routeLength="1301.61" waitSteps="0" timeLoss="18.82" rerouteNo="0" devices="vehroute_194 tripinfo_194" vType="Car" vaporized=""/>
    <tripinfo id="199" depart="199.00" departLane="124794665#0_0" departPos="4.60" departSpeed="13.28" departDelay="0.00" arrival="309.00" arrivalLane="124794665#10_0" arrivalPos="313.92" arrivalSpeed="13.89" duration="110.00" routeLength="1301.61" waitSteps="0" timeLoss="15.28" rerouteNo="0" devices="vehroute_199 tripinfo_199" vType="Car" vaporized=""/>
    <tripinfo id="180" depart="180.00" departLane="-110299714#6_0" departPos="4.60" departSpeed="6.33" departDelay="0.00" arrival="313.00" arrivalLane="-5704055#0_0" arrivalPos="168.93" arrivalSpeed="13.89" duration="133.00" routeLength="1458.58" waitSteps="6" timeLoss="30.55" rerouteNo="0" devices="vehroute_180 tripinfo_180" vType="Car" vaporized=""/>
    <tripinfo id="157" depart="157.00" departLane="5703313#0_0" departPos="4.60" departSpeed="7.87" departDelay="0.00" arrival="317.00" arrivalLane="216933519_0" arrivalPos="182.24" arrivalSpeed="13.89" duration="160.00" routeLength="1368.32" waitSteps="42" timeLoss="60.65" rerouteNo="0" devices="vehroute_157 tripinfo_157" vType="Car" vaporized=""/>
    <tripinfo id="161" depart="161.00" departLane="5703313#0_0" departPos="4.60" departSpeed="7.64" departDelay="0.00" arrival="318.00" arrivalLane="216933519_0" arrivalPos="182.24" arrivalSpeed="13.89" duration="157.00" routeLength="1368.32" waitSteps="36" timeLoss="58.34" rerouteNo="0" devices="vehroute_161 tripinfo_161" vType="Car" vaporized=""/>
    <tripinfo id="183" depart="183.00" departLane="5703313#0_0" departPos="4.60" departSpeed="8.67" departDelay="0.00" arrival="320.00" arrivalLane="216933519_0" arrivalPos="182.24" arrivalSpeed="13.89" duration="137.00" routeLength="1368.32" waitSteps="18" timeLoss="38.22" rerouteNo="0" devices="vehroute_183 tripinfo_183" vType="Car" vaporized=""/>
    <tripinfo id="197" depart="197.00" departLane="5703313#0_0" departPos="4.60" departSpeed="7.01" departDelay="0.00" arrival="322.00" arrivalLane="216933519_0" arrivalPos="182.24" arrivalSpeed="13.89" duration="125.00" routeLength="1368.32" waitSteps="4" timeLoss="26.09" rerouteNo="0" devices="vehroute_197 tripinfo_197" vType="Car" vaporized=""/>
    <tripinfo id="78" depart="78.00" departLane="198595471#0_0" departPos="4.60" departSpeed="0.88" departDelay="0.00" arrival="331.00" arrivalLane="5701721#10_0" arrivalPos="336.05" arrivalSpeed="11.18" duration="253.00" routeLength="2028.79" waitSteps="62" timeLoss="105.87" rerouteNo="0" devices="vehroute_78 tripinfo_78" vType="Car" vaporized=""/>
    <tripinfo id="2006" depart="28.00" departLane="-351234145#4_0" departPos="0.00" departSpeed="3.67" departDelay="24.00" arrival="333.00" arrivalLane="-420302270#1_1" arrivalPos="6.48" arrivalSpeed="19.00" duration="305.00" routeLength="956.78" waitSteps="200" timeLoss="270.08" rerouteNo="1" devices="vehroute_2006 tripinfo_2006" vType="Car" vaporized=""/>
    <tripinfo id="81" depart="81.00" departLane="198595471#0_0" departPos="4.60" departSpeed="2.13" departDelay="0.00" arrival="334.00" arrivalLane="5701721#10_0" arrivalPos="336.05" arrivalSpeed="11.18" duration="253.00" routeLength="2028.79" waitSteps="60" timeLoss="106.50" rerouteNo="0" devices="vehroute_81 tripinfo_81" vType="Car" vaporized=""/>
    <tripinfo id="82" depart="84.00" departLane="198595471#0_0" departPos="4.60" departSpeed="2.88" departDelay="2.00" arrival="336.00" arrivalLane="5701721#10_0" arrivalPos="336.05" arrivalSpeed="11.18" duration="252.00" routeLength="2028.79" waitSteps="53" timeLoss="104.83" rerouteNo="0" devices="vehroute_82 tripinfo_82" vType="Car" vaporized=""/>
    <tripinfo id="2004" depart="21.00" departLane="-351234145#4_0" departPos="0.00" departSpeed="1.51" departDelay="17.00" arrival="341.00" arrivalLane="-420302270#1_1" arrivalPos="6.48" arrivalSpeed="8.00" duration="320.00" routeLength="956.78" waitSteps="210" timeLoss="285.31" rerouteNo="1" devices="vehroute_2004 tripinfo_2004" vType="Car" vaporized=""/>
    <tripinfo id="118" depart="118.00" departLane="198595471#0_0" departPos="4.60" departSpeed="6.44" departDelay="0.00" arrival="347.00" arrivalLane="5701721#10_0" arrivalPos="336.05" arrivalSpeed="11.18" duration="229.00" routeLength="2028.79" waitSteps="29" timeLoss="82.27" rerouteNo="0" devices="vehroute_118 tripinfo_118" vType="Car" vaporized=""/>
    <tripinfo id="119" depart="119.00" departLane="198595471#0_0" departPos="4.60" departSpeed="2.88" departDelay="0.00" arrival="349.00" arrivalLane="5701721#10_0" arrivalPos="336.05" arrivalSpeed="11.18" duration="230.00" routeLength="2028.79" waitSteps="24" timeLoss="82.78" rerouteNo="0" devices="vehroute_119 tripinfo_119" vType="Car" vaporized=""/>
    <tripinfo id="85" depart="91.00" departLane="198595471#0_0" departPos="4.60" departSpeed="1.12" departDelay="6.00" arrival="351.00" arrivalLane="5701721#10_0" arrivalPos="336.05" arrivalSpeed="11.18" duration="260.00" routeLength="2028.79" waitSteps="56" timeLoss="112.74" rerouteNo="0" devices="vehroute_85 tripinfo_85" vType="Car" vaporized=""/>
    <tripinfo id="142" depart="142.00" departLane="198595558#0_0" departPos="4.60" departSpeed="12.14" departDelay="0.00" arrival="362.00" arrivalLane="5702757#2_0" arrivalPos="360.42" arrivalSpeed="13.89" duration="220.00" routeLength="1641.68" waitSteps="60" timeLoss="69.05" rerouteNo="0" devices="vehroute_142 tripinfo_142" vType="Car" vaporized=""/>
    <tripinfo id="144" depart="144.00" departLane="198595558#0_0" departPos="4.60" departSpeed="1.69" departDelay="0.00" arrival="364.00" arrivalLane="5702757#2_0" arrivalPos="360.42" arrivalSpeed="13.89" duration="220.00" routeLength="1641.68" waitSteps="54" timeLoss="69.08" rerouteNo="0" devices="vehroute_144 tripinfo_144" vType="Car" vaporized=""/>
    <tripinfo id="153" depart="153.00" departLane="198595558#0_0" departPos="4.60" departSpeed="11.24" departDelay="0.00" arrival="366.00" arrivalLane="5702757#2_0" arrivalPos="360.42" arrivalSpeed="13.89" duration="213.00" routeLength="1641.68" waitSteps="51" timeLoss="61.60" rerouteNo="0" devices="vehroute_153 tripinfo_153" vType="Car" vaporized=""/>
    <tripinfo id="156" depart="156.00" departLane="198595558#0_0" departPos="4.60" departSpeed="3.51" departDelay="0.00" arrival="368.00" arrivalLane="5702757#2_0" arrivalPos="360.42" arrivalSpeed="13.89" duration="212.00" routeLength="1641.68" waitSteps="47" timeLoss="60.89" rerouteNo="0" devices="vehroute_156 tripinfo_156" vType="Car" vaporized=""/>
    <tripinfo id="159" depart="159.00" departLane="198595558#0_0" departPos="4.60" departSpeed="6.39" departDelay="0.00" arrival="370.00" arrivalLane="5702757#2_0" arrivalPos="360.42" arrivalSpeed="13.89" duration="211.00" routeLength="1641.68" waitSteps="47" timeLoss="59.92" rerouteNo="0" devices="vehroute_159 tripinfo_159" vType="Car" vaporized=""/>
    <tripinfo id="163" depart="163.00" departLane="198595558#0_0" departPos="4.60" departSpeed="8.87" departDelay="0.00" arrival="372.00" arrivalLane="5702757#2_0" arrivalPos="360.42" arrivalSpeed="13.89" duration="209.00" routeLength="1641.68" waitSteps="45" timeLoss="58.01" rerouteNo="0" devices="vehroute_163 tripinfo_163" vType="Car" vaporized=""/>
    <tripinfo id="171" depart="171.00" departLane="198595558#0_0" departPos="4.60" departSpeed="6.79" departDelay="0.00" arrival="374.00" arrivalLane="5702757#2_0" arrivalPos="360.42" arrivalSpeed="13.89" duration="203.00" routeLength="1641.68" waitSteps="38" timeLoss="51.79" rerouteNo="0" devices="vehroute_171 tripinfo_171" vType="Car" vaporized=""/>
    <tripinfo id="173" depart="173.00" departLane="198595558#0_0" departPos="4.60" departSpeed="8.03" departDelay="0.00" arrival="376.00" arrivalLane="5702757#2_0" arrivalPos="360.42" arrivalSpeed="13.89" duration="203.00" routeLength="1641.68" waitSteps="38" timeLoss="51.78" rerouteNo="0" devices="vehroute_173 tripinfo_173" vType="Car" vaporized=""/>
    <tripinfo id="188" depart="188.00" departLane="198595558#0_0" departPos="4.60" departSpeed="7.22" departDelay="0.00" arrival="378.00" arrivalLane="5702757#2_0" arrivalPos="360.42" arrivalSpeed="13.89" duration="190.00" routeLength="1641.68" waitSteps="24" timeLoss="39.19" rerouteNo="0" devices="vehroute_188 tripinfo_188" vType="Car" vaporized=""/>
    <tripinfo id="189" depart="189.00" departLane="198595558#0_0" departPos="4.60" departSpeed="4.94" departDelay="0.00" arrival="380.00" arrivalLane="5702757#2_0" arrivalPos="360.42" arrivalSpeed="13.89" duration="191.00" routeLength="1641.68" waitSteps="23" timeLoss="39.85" rerouteNo="0" devices="vehroute_189 tripinfo_189" vType="Car" vaporized=""/>
    <tripinfo id="1" depart="3.00" departLane="-351234145#4_0" departPos="4.60" departSpeed="3.29" departDelay="2.00" arrival="383.00" arrivalLane="-420302275#0_0" arrivalPos="38.07" arrivalSpeed="24.00" duration="380.00" routeLength="1952.46" waitSteps="192" timeLoss="308.85" rerouteNo="0" devices="vehroute_1 tripinfo_1" vType="Car" vaporized=""/>
    <tripinfo id="89" depart="95.00" departLane="198595471#0_0" departPos="4.60" departSpeed="3.97" departDelay="6.00" arrival="415.00" arrivalLane="5701721#10_0" arrivalPos="336.05" arrivalSpeed="11.18" duration="320.00" routeLength="2028.79" waitSteps="117" timeLoss="172.79" rerouteNo="0" devices="vehroute_89 tripinfo_89" vType="Car" vaporized=""/>
    <tripinfo id="94" depart="97.00" departLane="198595471#0_0" departPos="4.60" departSpeed="2.44" departDelay="3.00" arrival="416.00" arrivalLane="5701721#10_0" arrivalPos="336.05" arrivalSpeed="11.18" duration="319.00" routeLength="2028.79" waitSteps="115" timeLoss="172.15" rerouteNo="0" devices="vehroute_94 tripinfo_94" vType="Car" vaporized=""/>
    <tripinfo id="190" depart="190.00" departLane="198595471#0_0" departPos="4.60" departSpeed="2.90" departDelay="0.00" arrival="418.00" arrivalLane="5701721#10_0" arrivalPos="336.05" arrivalSpeed="11.18" duration="228.00" routeLength="2028.79" waitSteps="35" timeLoss="80.75" rerouteNo="0" devices="vehroute_190 tripinfo_190" vType="Car" vaporized=""/>
    <tripinfo id="193" depart="193.00" departLane="198595471#0_0" departPos="4.60" departSpeed="7.05" departDelay="0.00" arrival="420.00" arrivalLane="5701721#10_0" arrivalPos="336.05" arrivalSpeed="11.18" duration="227.00" routeLength="2028.79" waitSteps="28" timeLoss="79.72" rerouteNo="0" devices="vehroute_193 tripinfo_193" vType="Car" vaporized=""/>
    <tripinfo id="112" depart="114.00" departLane="198595471#0_0" departPos="4.60" departSpeed="7.99" departDelay="2.00" arrival="422.00" arrivalLane="5701721#10_0" arrivalPos="336.05" arrivalSpeed="11.18" duration="308.00" routeLength="2028.79" waitSteps="115" timeLoss="160.66" rerouteNo="0" devices="vehroute_112 tripinfo_112" vType="Car" vaporized=""/>
    <tripinfo id="2008" depart="33.00" departLane="-351234145#4_0" departPos="0.00" departSpeed="2.04" departDelay="29.00" arrival="423.00" arrivalLane="-420302270#1_0" arrivalPos="6.48" arrivalSpeed="19.00" duration="390.00" routeLength="956.78" waitSteps="279" timeLoss="355.09" rerouteNo="1" devices="vehroute_2008 tripinfo_2008" vType="Car" vaporized=""/>
    <tripinfo id="150" depart="150.00" departLane="198595471#0_0" departPos="4.60" departSpeed="7.28" departDelay="0.00" arrival="424.00" arrivalLane="5701721#10_0" arrivalPos="336.05" arrivalSpeed="11.18" duration="274.00" routeLength="2028.79" waitSteps="80" timeLoss="126.62" rerouteNo="0" devices="vehroute_150 tripinfo_150" vType="Car" vaporized=""/>
    <tripinfo id="164" depart="164.00" departLane="198595471#0_0" departPos="4.60" departSpeed="8.38" departDelay="0.00" arrival="426.00" arrivalLane="5701721#10_0" arrivalPos="336.05" arrivalSpeed="11.18" duration="262.00" routeLength="2028.79" waitSteps="72" timeLoss="114.63" rerouteNo="0" devices="vehroute_164 tripinfo_164" vType="Car" vaporized=""/>
    <tripinfo id="181" depart="181.00" departLane="198595471#0_0" departPos="4.60" departSpeed="13.84" departDelay="0.00" arrival="428.00" arrivalLane="5701721#10_0" arrivalPos="336.05" arrivalSpeed="11.18" duration="247.00" routeLength="2028.79" waitSteps="66" timeLoss="99.64" rerouteNo="0" devices="vehroute_181 tripinfo_181" vType="Car" vaporized=""/>
    <tripinfo id="0" depart="0.00" departLane="-351234145#4_0" departPos="4.60" departSpeed="1.26" departDelay="0.00" arrival="473.00" arrivalLane="-420302275#0_0" arrivalPos="38.07" arrivalSpeed="24.00" duration="473.00" routeLength="1952.46" waitSteps="267" timeLoss="401.85" rerouteNo="0" devices="vehroute_0 tripinfo_0" vType="Car" vaporized=""/>
    <tripinfo id="57" depart="59.00" departLane="5701670#0_0" departPos="4.60" departSpeed="1.01" departDelay="2.00" arrival="503.00" arrivalLane="216933520#1_0" arrivalPos="233.03" arrivalSpeed="13.89" duration="444.00" routeLength="1960.61" waitSteps="301" timeLoss="311.72" rerouteNo="0" devices="vehroute_57 tripinfo_57" vType="Car" vaporized=""/>
    <tripinfo id="185" depart="185.00" departLane="198595471#0_0" departPos="4.60" departSpeed="12.06" departDelay="0.00" arrival="505.00" arrivalLane="5701721#10_0" arrivalPos="336.05" arrivalSpeed="11.18" duration="320.00" routeLength="2028.79" waitSteps="131" timeLoss="172.72" rerouteNo="0" devices="vehroute_185 tripinfo_185" vType="Car" vaporized=""/>
    <tripinfo id="186" depart="186.00" departLane="198595471#0_0" departPos="4.60" departSpeed="0.38" departDelay="0.00" arrival="506.00" arrivalLane="5701721#10_0" arrivalPos="336.05" arrivalSpeed="11.18" duration="320.00" routeLength="2028.79" waitSteps="124" timeLoss="173.14" rerouteNo="0" devices="vehroute_186 tripinfo_186" vType="Car" vaporized=""/>
    <tripinfo id="195" depart="195.00" departLane="198595471#0_0" departPos="4.60" departSpeed="1.30" departDelay="0.00" arrival="508.00" arrivalLane="5701721#10_0" arrivalPos="336.05" arrivalSpeed="11.18" duration="313.00" routeLength="2028.79" waitSteps="118" timeLoss="165.66" rerouteNo="0" devices="vehroute_195 tripinfo_195" vType="Car" vaporized=""/>
    <tripinfo id="2003" depart="18.00" departLane="-351234145#4_0" departPos="0.00" departSpeed="1.67" departDelay="14.00" arrival="519.00" arrivalLane="-420302270#1_1" arrivalPos="6.48" arrivalSpeed="17.50" duration="501.00" routeLength="956.78" waitSteps="379" timeLoss="465.99" rerouteNo="1" devices="vehroute_2003 tripinfo_2003" vType="Car" vaporized=""/>
    <tripinfo id="3" depart="5.00" departLane="-351234145#4_0" departPos="4.60" departSpeed="1.08" departDelay="2.00" arrival="653.00" arrivalLane="-420302275#0_0" arrivalPos="38.07" arrivalSpeed="24.00" duration="648.00" routeLength="1952.46" waitSteps="429" timeLoss="576.84" rerouteNo="0" devices="vehroute_3 tripinfo_3" vType="Car" vaporized=""/>
    <tripinfo id="2005" depart="24.00" departLane="-351234145#4_0" departPos="0.00" departSpeed="1.04" departDelay="20.00" arrival="693.00" arrivalLane="-420302270#1_1" arrivalPos="6.48" arrivalSpeed="19.00" duration="669.00" routeLength="956.78" waitSteps="537" timeLoss="634.09" rerouteNo="1" devices="vehroute_2005 tripinfo_2005" vType="Car" vaporized=""/>
    <tripinfo id="2010" depart="39.00" departLane="-351234145#4_0" departPos="0.00" departSpeed="4.32" departDelay="35.00" arrival="693.00" arrivalLane="-420302270#1_0" arrivalPos="6.48" arrivalSpeed="19.00" duration="654.00" routeLength="956.78" waitSteps="526" timeLoss="619.10" rerouteNo="1" devices="vehroute_2010 tripinfo_2010" vType="Car" vaporized=""/>
    <tripinfo id="2007" depart="30.00" departLane="-351234145#4_0" departPos="0.00" departSpeed="1.85" departDelay="26.00" arrival="783.00" arrivalLane="-420302270#1_0" arrivalPos="6.48" arrivalSpeed="19.00" duration="753.00" routeLength="956.78" waitSteps="617" timeLoss="718.09" rerouteNo="1" devices="vehroute_2007 tripinfo_2007" vType="Car" vaporized=""/>
    <tripinfo id="66" depart="66.00" departLane="5701670#0_0" departPos="4.60" departSpeed="1.94" departDelay="0.00" arrival="808.00" arrivalLane="216933520#1_0" arrivalPos="233.03" arrivalSpeed="13.89" duration="742.00" routeLength="1960.61" waitSteps="596" timeLoss="609.04" rerouteNo="0" devices="vehroute_66 tripinfo_66" vType="Car" vaporized=""/>
    <tripinfo id="2009" depart="36.00" departLane="-351234145#4_0" departPos="0.00" departSpeed="2.61" departDelay="32.00" arrival="963.00" arrivalLane="-420302270#1_1" arrivalPos="6.48" arrivalSpeed="19.00" duration="927.00" routeLength="956.78" waitSteps="777" timeLoss="892.10" rerouteNo="1" devices="vehroute_2009 tripinfo_2009" vType="Car" vaporized=""/>
    <tripinfo id="70" depart="70.00" departLane="5701670#0_0" departPos="4.60" departSpeed="5.79" departDelay="0.00" arrival="1113.00" arrivalLane="216933520#1_0" arrivalPos="233.03" arrivalSpeed="13.89" duration="1043.00" routeLength="1960.61" waitSteps="896" timeLoss="910.02" rerouteNo="0" devices="vehroute_70 tripinfo_70" vType="Car" vaporized=""/>
    <tripinfo id="73" depart="73.00" departLane="5701670#0_0" departPos="4.60" departSpeed="8.17" departDelay="0.00" arrival="1418.00" arrivalLane="216933520#1_0" arrivalPos="233.03" arrivalSpeed="13.89" duration="1345.00" routeLength="1960.61" waitSteps="1194" timeLoss="1211.88" rerouteNo="0" devices="vehroute_73 tripinfo_73" vType="Car" vaporized=""/>
    <tripinfo id="13" depart="44.00" departLane="-351234145#4_0" departPos="4.60" departSpeed="0.96" departDelay="31.00" arrival="1643.00" arrivalLane="-420302275#0_0" arrivalPos="38.07" arrivalSpeed="24.00" duration="1599.00" routeLength="1952.46" waitSteps="1310" timeLoss="1500.35" rerouteNo="0" devices="vehroute_13 tripinfo_13" vType="Car" vaporized=""/>
    <tripinfo id="101" depart="101.00" departLane="-351234145#4_0" departPos="4.60" departSpeed="19.66" departDelay="0.00" arrival="1643.00" arrivalLane="-420302275#0_1" arrivalPos="38.07" arrivalSpeed="24.00" duration="1542.00" routeLength="1952.46" waitSteps="1273" timeLoss="1443.35" rerouteNo="0" devices="vehroute_101 tripinfo_101" vType="Car" vaporized=""/>
    <tripinfo id="84" depart="84.00" departLane="5701670#0_0" departPos="4.60" departSpeed="3.11" departDelay="0.00" arrival="1723.00" arrivalLane="216933520#1_0" arrivalPos="233.03" arrivalSpeed="13.89" duration="1639.00" routeLength="1960.61" waitSteps="1484" timeLoss="1505.36" rerouteNo="0" devices="vehroute_84 tripinfo_84" vType="Car" vaporized=""/>
    <tripinfo id="114" depart="114.00" departLane="-351234145#4_0" departPos="4.60" departSpeed="11.90" departDelay="0.00" arrival="1913.00" arrivalLane="-420302275#0_0" arrivalPos="38.07" arrivalSpeed="24.00" duration="1799.00" routeLength="1952.46" waitSteps="1534" timeLoss="1700.36" rerouteNo="0" devices="vehroute_114 tripinfo_114" vType="Car" vaporized=""/>
    <tripinfo id="133" depart="133.00" departLane="-351234145#4_0" departPos="4.60" departSpeed="10.18" departDelay="0.00" arrival="1913.00" arrivalLane="-420302275#0_1" arrivalPos="38.07" arrivalSpeed="24.00" duration="1780.00" routeLength="1952.46" waitSteps="1504" timeLoss="1681.38" rerouteNo="0" devices="vehroute_133 tripinfo_133" vType="Car" vaporized=""/>
    <tripinfo id="87" depart="87.00" departLane="5701670#0_0" departPos="4.60" departSpeed="1.98" departDelay="0.00" arrival="2028.00" arrivalLane="216933520#1_0" arrivalPos="233.03" arrivalSpeed="13.89" duration="1941.00" routeLength="1960.61" waitSteps="1781" timeLoss="1807.06" rerouteNo="0" devices="vehroute_87 tripinfo_87" vType="Car" vaporized=""/>
    <tripinfo id="138" depart="138.00" departLane="-351234145#4_0" departPos="4.60" departSpeed="12.32" departDelay="0.00" arrival="2273.00" arrivalLane="-420302275#0_0" arrivalPos="38.07" arrivalSpeed="24.00" duration="2135.00" routeLength="1952.46" waitSteps="1846" timeLoss="2036.36" rerouteNo="0" devices="vehroute_138 tripinfo_138" vType="Car" vaporized=""/>
    <tripinfo id="143" depart="143.00" departLane="-351234145#4_0" departPos="4.60" departSpeed="17.82" departDelay="0.00" arrival="2273.00" arrivalLane="-420302275#0_1" arrivalPos="38.07" arrivalSpeed="24.00" duration="2130.00" routeLength="1952.46" waitSteps="1835" timeLoss="2031.40" rerouteNo="0" devices="vehroute_143 tripinfo_143" vType="Car" vaporized=""/>
    <tripinfo id="80" depart="80.00" departLane="-351234145#4_0" departPos="4.60" departSpeed="23.35" departDelay="0.00" arrival="2274.00" arrivalLane="-420302275#0_0" arrivalPos="38.07" arrivalSpeed="24.00" duration="2194.00" routeLength="1952.46" waitSteps="1882" timeLoss="2108.52" rerouteNo="0" devices="vehroute_80 tripinfo_80" vType="Car" vaporized=""/>
    <tripinfo id="97" depart="97.00" departLane="5701670#0_0" departPos="4.60" departSpeed="5.84" departDelay="0.00" arrival="2333.00" arrivalLane="216933520#1_0" arrivalPos="233.03" arrivalSpeed="13.89" duration="2236.00" routeLength="1960.61" waitSteps="2075" timeLoss="2102.04" rerouteNo="0" devices="vehroute_97 tripinfo_97" vType="Car" vaporized=""/>
    <tripinfo id="166" depart="166.00" departLane="-351234145#4_0" departPos="4.60" departSpeed="11.70" departDelay="0.00" arrival="2543.00" arrivalLane="-420302275#0_0" arrivalPos="38.07" arrivalSpeed="24.00" duration="2377.00" routeLength="1952.46" waitSteps="2089" timeLoss="2291.70" rerouteNo="0" devices="vehroute_166 tripinfo_166" vType="Car" vaporized=""/>
    <tripinfo id="149" depart="149.00" departLane="-351234145#4_0" departPos="4.60" departSpeed="7.97" departDelay="0.00" arrival="2543.00" arrivalLane="-420302275#0_1" arrivalPos="38.07" arrivalSpeed="24.00" duration="2394.00" routeLength="1952.46" waitSteps="2083" timeLoss="2295.37" rerouteNo="0" devices="vehroute_149 tripinfo_149" vType="Car" vaporized=""/>
    <tripinfo id="168" depart="168.00" departLane="-351234145#4_0" departPos="4.60" departSpeed="13.13" departDelay="0.00" arrival="2544.00" arrivalLane="-420302275#0_0" arrivalPos="38.07" arrivalSpeed="24.00" duration="2376.00" routeLength="1952.46" waitSteps="2080" timeLoss="2277.64" rerouteNo="0" devices="vehroute_168 tripinfo_168" vType="Car" vaporized=""/>
    <tripinfo id="99" depart="99.00" departLane="5701670#0_0" departPos="4.60" departSpeed="2.21" departDelay="0.00" arrival="2638.00" arrivalLane="216933520#1_0" arrivalPos="233.03" arrivalSpeed="13.89" duration="2539.00" routeLength="1960.61" waitSteps="2373" timeLoss="2405.04" rerouteNo="0" devices="vehroute_99 tripinfo_99" vType="Car" vaporized=""/>
    <tripinfo id="136" depart="136.00" departLane="-351234145#4_0" departPos="4.60" departSpeed="11.73" departDelay="0.00" arrival="2903.00" arrivalLane="-420302275#0_0" arrivalPos="38.07" arrivalSpeed="24.00" duration="2767.00" routeLength="1952.46" waitSteps="2464" timeLoss="2668.34" rerouteNo="0" devices="vehroute_136 tripinfo_136" vType="Car" vaporized=""/>
    <tripinfo id="27" depart="50.00" departLane="-351234145#4_0" departPos="4.60" departSpeed="3.61" departDelay="23.00" arrival="2903.00" arrivalLane="-420302275#0_1" arrivalPos="38.07" arrivalSpeed="24.00" duration="2853.00" routeLength="1952.46" waitSteps="2523" timeLoss="2754.39" rerouteNo="0" devices="vehroute_27 tripinfo_27" vType="Car" vaporized=""/>
    <tripinfo id="104" depart="104.00" departLane="5701670#0_0" departPos="4.60" departSpeed="8.23" departDelay="0.00" arrival="2943.00" arrivalLane="216933520#1_0" arrivalPos="233.03" arrivalSpeed="13.89" duration="2839.00" routeLength="1960.61" waitSteps="2671" timeLoss="2705.04" rerouteNo="0" devices="vehroute_104 tripinfo_104" vType="Car" vaporized=""/>
</tripinfos>
