<?xml version="1.0" encoding="UTF-8"?>

<!-- generated on 03/06/17 18:27:07 by SUMO Version 0.28.0
<?xml version="1.0" encoding="UTF-8"?>

<configuration xmlns:xsi="http://www.w3.org/2001/XMLSchema-instance" xsi:noNamespaceSchemaLocation="http://sumo.dlr.de/xsd/sumoConfiguration.xsd">

    <input>
        <net-file value="hello.net.xml"/>
        <route-files value="hello.rou.xml"/>
    </input>

    <output>
        <tripinfo-output value="tripinfo.xml"/>
        <vehroute-output value="vehroutes.xml"/>
    </output>

    <report>
        <xml-validation value="never"/>
        <duration-log.disable value="true"/>
        <no-step-log value="true"/>
    </report>

    <traci_server>
        <remote-port value="8813"/>
    </traci_server>

</configuration>
-->

<tripinfos xmlns:xsi="http://www.w3.org/2001/XMLSchema-instance" xsi:noNamespaceSchemaLocation="http://sumo.dlr.de/xsd/tripinfo_file.xsd">
    <tripinfo id="6" depart="6.00" departLane="120245128#0_0" departPos="4.60" departSpeed="21.43" departDelay="0.00" arrival="109.00" arrivalLane="274840501_0" arrivalPos="253.67" arrivalSpeed="13.89" duration="103.00" routeLength="1730.58" waitSteps="0" timeLoss="10.59" rerouteNo="0" devices="vehroute_6 tripinfo_6" vType="Car" vaporized=""/>
    <tripinfo id="0" depart="0.00" departLane="120245127_0" departPos="4.60" departSpeed="12.38" departDelay="0.00" arrival="114.00" arrivalLane="274840501_0" arrivalPos="253.67" arrivalSpeed="13.89" duration="114.00" routeLength="1407.61" waitSteps="0" timeLoss="11.88" rerouteNo="0" devices="vehroute_0 tripinfo_0" vType="Car" vaporized=""/>
    <tripinfo id="1" depart="1.00" departLane="120245127_0" departPos="4.60" departSpeed="6.83" departDelay="0.00" arrival="121.00" arrivalLane="274840501_0" arrivalPos="253.67" arrivalSpeed="13.89" duration="120.00" routeLength="1407.61" waitSteps="0" timeLoss="18.53" rerouteNo="0" devices="vehroute_1 tripinfo_1" vType="Car" vaporized=""/>
    <tripinfo id="3" depart="3.00" departLane="120245127_0" departPos="4.60" departSpeed="6.28" departDelay="0.00" arrival="123.00" arrivalLane="274840501_0" arrivalPos="253.67" arrivalSpeed="13.89" duration="120.00" routeLength="1407.61" waitSteps="0" timeLoss="18.41" rerouteNo="0" devices="vehroute_3 tripinfo_3" vType="Car" vaporized=""/>
    <tripinfo id="9" depart="9.00" departLane="120245128#0_0" departPos="4.60" departSpeed="13.00" departDelay="0.00" arrival="127.00" arrivalLane="274840501_0" arrivalPos="253.67" arrivalSpeed="13.89" duration="118.00" routeLength="1730.58" waitSteps="5" timeLoss="25.11" rerouteNo="0" devices="vehroute_9 tripinfo_9" vType="Car" vaporized=""/>
    <tripinfo id="8" depart="8.00" departLane="-120245128#5_0" departPos="4.60" departSpeed="6.97" departDelay="0.00" arrival="129.00" arrivalLane="-5699230#0_0" arrivalPos="157.24" arrivalSpeed="13.89" duration="121.00" routeLength="1625.87" waitSteps="0" timeLoss="5.74" rerouteNo="0" devices="vehroute_8 tripinfo_8" vType="Car" vaporized=""/>
    <tripinfo id="7" depart="7.00" departLane="120245127_0" departPos="4.60" departSpeed="4.28" departDelay="0.00" arrival="133.00" arrivalLane="274840501_0" arrivalPos="253.67" arrivalSpeed="13.89" duration="126.00" routeLength="1407.61" waitSteps="4" timeLoss="24.39" rerouteNo="0" devices="vehroute_7 tripinfo_7" vType="Car" vaporized=""/>
    <tripinfo id="4" depart="4.00" departLane="5699670#0_0" departPos="4.60" departSpeed="0.64" departDelay="0.00" arrival="133.00" arrivalLane="5697974#4_0" arrivalPos="220.85" arrivalSpeed="13.89" duration="129.00" routeLength="1627.48" waitSteps="0" timeLoss="20.04" rerouteNo="0" devices="vehroute_4 tripinfo_4" vType="Car" vaporized=""/>
    <tripinfo id="10" depart="10.00" departLane="5698817#0_0" departPos="4.60" departSpeed="4.76" departDelay="0.00" arrival="136.00" arrivalLane="275037810#13_0" arrivalPos="87.93" arrivalSpeed="15.85" duration="126.00" routeLength="1939.54" waitSteps="0" timeLoss="18.20" rerouteNo="0" devices="vehroute_10 tripinfo_10" vType="Car" vaporized=""/>
    <tripinfo id="5" depart="7.00" departLane="5699670#0_0" departPos="4.60" departSpeed="1.42" departDelay="2.00" arrival="138.00" arrivalLane="5697974#4_0" arrivalPos="220.85" arrivalSpeed="13.89" duration="131.00" routeLength="1627.48" waitSteps="0" timeLoss="22.06" rerouteNo="0" devices="vehroute_5 tripinfo_5" vType="Car" vaporized=""/>
    <tripinfo id="12" depart="12.00" departLane="5699670#0_0" departPos="4.60" departSpeed="8.02" departDelay="0.00" arrival="140.00" arrivalLane="5697974#4_0" arrivalPos="220.85" arrivalSpeed="13.89" duration="128.00" routeLength="1627.48" waitSteps="0" timeLoss="19.02" rerouteNo="0" devices="vehroute_12 tripinfo_12" vType="Car" vaporized=""/>
    <tripinfo id="22" depart="22.00" departLane="-120245128#5_0" departPos="4.60" departSpeed="21.82" departDelay="0.00" arrival="141.00" arrivalLane="-5699230#0_0" arrivalPos="157.24" arrivalSpeed="13.89" duration="119.00" routeLength="1625.87" waitSteps="0" timeLoss="4.23" rerouteNo="0" devices="vehroute_22 tripinfo_22" vType="Car" vaporized=""/>
    <tripinfo id="15" depart="15.00" departLane="5699670#0_0" departPos="4.60" departSpeed="2.61" departDelay="0.00" arrival="143.00" arrivalLane="5697974#4_0" arrivalPos="220.85" arrivalSpeed="13.89" duration="128.00" routeLength="1627.48" waitSteps="0" timeLoss="19.64" rerouteNo="0" devices="vehroute_15 tripinfo_15" vType="Car" vaporized=""/>
    <tripinfo id="31" depart="31.00" departLane="120245128#0_0" departPos="4.60" departSpeed="12.58" departDelay="0.00" arrival="145.00" arrivalLane="274840501_0" arrivalPos="253.67" arrivalSpeed="13.89" duration="114.00" routeLength="1730.58" waitSteps="0" timeLoss="21.18" rerouteNo="0" devices="vehroute_31 tripinfo_31" vType="Car" vaporized=""/>
    <tripinfo id="13" depart="13.00" departLane="120245127_0" departPos="4.60" departSpeed="10.04" departDelay="0.00" arrival="146.00" arrivalLane="274840501_0" arrivalPos="253.67" arrivalSpeed="13.89" duration="133.00" routeLength="1407.61" waitSteps="11" timeLoss="31.54" rerouteNo="0" devices="vehroute_13 tripinfo_13" vType="Car" vaporized=""/>
    <tripinfo id="2" depart="2.00" departLane="-223860152#7_0" departPos="4.60" departSpeed="6.88" departDelay="0.00" arrival="147.00" arrivalLane="5695597#3_0" arrivalPos="22.63" arrivalSpeed="10.40" duration="145.00" routeLength="2525.95" waitSteps="0" timeLoss="17.99" rerouteNo="0" devices="vehroute_2 tripinfo_2" vType="Car" vaporized=""/>
    <tripinfo id="16" depart="16.00" departLane="120245127_0" departPos="4.60" departSpeed="4.74" departDelay="0.00" arrival="152.00" arrivalLane="274840501_0" arrivalPos="253.67" arrivalSpeed="13.89" duration="136.00" routeLength="1407.61" waitSteps="7" timeLoss="34.39" rerouteNo="0" devices="vehroute_16 tripinfo_16" vType="Car" vaporized=""/>
    <tripinfo id="20" depart="20.00" departLane="5699670#0_0" departPos="4.60" departSpeed="0.92" departDelay="0.00" arrival="152.00" arrivalLane="5697974#4_0" arrivalPos="220.85" arrivalSpeed="13.89" duration="132.00" routeLength="1627.48" waitSteps="0" timeLoss="23.30" rerouteNo="0" devices="vehroute_20 tripinfo_20" vType="Car" vaporized=""/>
    <tripinfo id="11" depart="22.00" departLane="5697974#0_0" departPos="4.60" departSpeed="9.65" departDelay="11.00" arrival="152.00" arrivalLane="225878899#2_0" arrivalPos="77.66" arrivalSpeed="13.89" duration="130.00" routeLength="1623.13" waitSteps="0" timeLoss="18.72" rerouteNo="1" devices="vehroute_11 tripinfo_11" vType="Car" vaporized=""/>
    <tripinfo id="30" depart="30.00" departLane="-120245128#5_0" departPos="4.60" departSpeed="6.47" departDelay="0.00" arrival="153.00" arrivalLane="-5699230#0_0" arrivalPos="157.24" arrivalSpeed="13.89" duration="123.00" routeLength="1625.87" waitSteps="0" timeLoss="8.32" rerouteNo="0" devices="vehroute_30 tripinfo_30" vType="Car" vaporized=""/>
    <tripinfo id="14" depart="14.00" departLane="5698817#0_0" departPos="4.60" departSpeed="1.17" departDelay="0.00" arrival="153.00" arrivalLane="275037810#13_0" arrivalPos="87.93" arrivalSpeed="14.00" duration="139.00" routeLength="1939.54" waitSteps="3" timeLoss="31.25" rerouteNo="0" devices="vehroute_14 tripinfo_14" vType="Car" vaporized=""/>
    <tripinfo id="27" depart="27.00" departLane="120245127_0" departPos="4.60" departSpeed="11.55" departDelay="0.00" arrival="154.00" arrivalLane="274840501_0" arrivalPos="253.67" arrivalSpeed="13.89" duration="127.00" routeLength="1407.61" waitSteps="2" timeLoss="25.39" rerouteNo="0" devices="vehroute_27 tripinfo_27" vType="Car" vaporized=""/>
    <tripinfo id="21" depart="23.00" departLane="5699670#0_0" departPos="4.60" departSpeed="2.27" departDelay="2.00" arrival="154.00" arrivalLane="5697974#4_0" arrivalPos="220.85" arrivalSpeed="13.89" duration="131.00" routeLength="1627.48" waitSteps="0" timeLoss="21.93" rerouteNo="0" devices="vehroute_21 tripinfo_21" vType="Car" vaporized=""/>
    <tripinfo id="23" depart="23.00" departLane="5697974#0_0" departPos="4.60" departSpeed="6.75" departDelay="0.00" arrival="154.00" arrivalLane="225878899#2_0" arrivalPos="77.66" arrivalSpeed="13.89" duration="131.00" routeLength="1623.13" waitSteps="0" timeLoss="19.85" rerouteNo="1" devices="vehroute_23 tripinfo_23" vType="Car" vaporized=""/>
    <tripinfo id="34" depart="34.00" departLane="-120245128#5_0" departPos="4.60" departSpeed="15.66" departDelay="0.00" arrival="155.00" arrivalLane="-5699230#0_0" arrivalPos="157.24" arrivalSpeed="13.89" duration="121.00" routeLength="1625.87" waitSteps="0" timeLoss="5.77" rerouteNo="0" devices="vehroute_34 tripinfo_34" vType="Car" vaporized=""/>
    <tripinfo id="24" depart="24.00" departLane="5697974#0_0" departPos="4.60" departSpeed="3.95" departDelay="0.00" arrival="156.00" arrivalLane="225878899#2_0" arrivalPos="77.66" arrivalSpeed="13.89" duration="132.00" routeLength="1623.13" waitSteps="0" timeLoss="20.65" rerouteNo="1" devices="vehroute_24 tripinfo_24" vType="Car" vaporized=""/>
    <tripinfo id="29" depart="29.00" departLane="5699670#0_0" departPos="4.60" departSpeed="6.26" departDelay="0.00" arrival="158.00" arrivalLane="5697974#4_0" arrivalPos="220.85" arrivalSpeed="13.89" duration="129.00" routeLength="1627.48" waitSteps="0" timeLoss="19.89" rerouteNo="0" devices="vehroute_29 tripinfo_29" vType="Car" vaporized=""/>
    <tripinfo id="32" depart="32.00" departLane="5699670#0_0" departPos="4.60" departSpeed="8.03" departDelay="0.00" arrival="160.00" arrivalLane="5697974#4_0" arrivalPos="220.85" arrivalSpeed="13.89" duration="128.00" routeLength="1627.48" waitSteps="0" timeLoss="18.93" rerouteNo="0" devices="vehroute_32 tripinfo_32" vType="Car" vaporized=""/>
    <tripinfo id="41" depart="41.00" departLane="-120245128#5_0" departPos="4.60" departSpeed="11.06" departDelay="0.00" arrival="162.00" arrivalLane="-5699230#0_0" arrivalPos="157.24" arrivalSpeed="13.89" duration="121.00" routeLength="1625.87" waitSteps="0" timeLoss="6.27" rerouteNo="0" devices="vehroute_41 tripinfo_41" vType="Car" vaporized=""/>
    <tripinfo id="28" depart="28.00" departLane="120245127_0" departPos="4.60" departSpeed="7.29" departDelay="0.00" arrival="163.00" arrivalLane="274840501_0" arrivalPos="253.67" arrivalSpeed="13.89" duration="135.00" routeLength="1407.61" waitSteps="2" timeLoss="33.04" rerouteNo="0" devices="vehroute_28 tripinfo_28" vType="Car" vaporized=""/>
    <tripinfo id="33" depart="33.00" departLane="120245127_0" departPos="4.60" departSpeed="3.55" departDelay="0.00" arrival="164.00" arrivalLane="274840501_0" arrivalPos="253.67" arrivalSpeed="13.89" duration="131.00" routeLength="1407.61" waitSteps="1" timeLoss="29.50" rerouteNo="0" devices="vehroute_33 tripinfo_33" vType="Car" vaporized=""/>
    <tripinfo id="43" depart="44.00" departLane="5697974#0_0" departPos="4.60" departSpeed="5.20" departDelay="1.00" arrival="164.00" arrivalLane="5697974#4_0" arrivalPos="220.85" arrivalSpeed="13.89" duration="120.00" routeLength="1296.06" waitSteps="8" timeLoss="26.17" rerouteNo="0" devices="vehroute_43 tripinfo_43" vType="Car" vaporized=""/>
    <tripinfo id="37" depart="37.00" departLane="5698817#0_0" departPos="4.60" departSpeed="2.37" departDelay="0.00" arrival="164.00" arrivalLane="275037810#13_0" arrivalPos="87.93" arrivalSpeed="15.74" duration="127.00" routeLength="1939.54" waitSteps="0" timeLoss="18.98" rerouteNo="0" devices="vehroute_37 tripinfo_37" vType="Car" vaporized=""/>
    <tripinfo id="42" depart="42.00" departLane="5697974#0_0" departPos="4.60" departSpeed="3.97" departDelay="0.00" arrival="167.00" arrivalLane="225878899#2_0" arrivalPos="77.66" arrivalSpeed="13.89" duration="125.00" routeLength="1623.13" waitSteps="0" timeLoss="13.61" rerouteNo="1" devices="vehroute_42 tripinfo_42" vType="Car" vaporized=""/>
    <tripinfo id="40" depart="40.00" departLane="5699670#0_0" departPos="4.60" departSpeed="3.22" departDelay="0.00" arrival="171.00" arrivalLane="5697974#4_0" arrivalPos="220.85" arrivalSpeed="13.89" duration="131.00" routeLength="1627.48" waitSteps="0" timeLoss="22.53" rerouteNo="0" devices="vehroute_40 tripinfo_40" vType="Car" vaporized=""/>
    <tripinfo id="17" depart="17.00" departLane="-223860152#7_0" departPos="4.60" departSpeed="8.42" departDelay="0.00" arrival="171.00" arrivalLane="5695597#3_0" arrivalPos="22.63" arrivalSpeed="10.57" duration="154.00" routeLength="2525.95" waitSteps="4" timeLoss="26.44" rerouteNo="0" devices="vehroute_17 tripinfo_17" vType="Car" vaporized=""/>
    <tripinfo id="53" depart="53.00" departLane="120245128#0_0" departPos="4.60" departSpeed="11.94" departDelay="0.00" arrival="173.00" arrivalLane="274840501_0" arrivalPos="253.67" arrivalSpeed="13.89" duration="120.00" routeLength="1730.58" waitSteps="3" timeLoss="27.16" rerouteNo="0" devices="vehroute_53 tripinfo_53" vType="Car" vaporized=""/>
    <tripinfo id="56" depart="56.00" departLane="120245128#0_0" departPos="4.60" departSpeed="19.52" departDelay="0.00" arrival="174.00" arrivalLane="274840501_0" arrivalPos="253.67" arrivalSpeed="13.89" duration="118.00" routeLength="1730.58" waitSteps="3" timeLoss="25.59" rerouteNo="0" devices="vehroute_56 tripinfo_56" vType="Car" vaporized=""/>
    <tripinfo id="57" depart="57.00" departLane="120245128#0_0" departPos="4.60" departSpeed="12.51" departDelay="0.00" arrival="176.00" arrivalLane="274840501_0" arrivalPos="253.67" arrivalSpeed="13.89" duration="119.00" routeLength="1730.58" waitSteps="3" timeLoss="26.07" rerouteNo="0" devices="vehroute_57 tripinfo_57" vType="Car" vaporized=""/>
    <tripinfo id="66" depart="66.00" departLane="120245128#0_0" departPos="4.60" departSpeed="18.29" departDelay="0.00" arrival="178.00" arrivalLane="274840501_0" arrivalPos="253.67" arrivalSpeed="13.89" duration="112.00" routeLength="1730.58" waitSteps="0" timeLoss="19.53" rerouteNo="0" devices="vehroute_66 tripinfo_66" vType="Car" vaporized=""/>
    <tripinfo id="45" depart="45.00" departLane="5699670#0_0" departPos="4.60" departSpeed="5.08" departDelay="0.00" arrival="179.00" arrivalLane="5697974#4_0" arrivalPos="220.85" arrivalSpeed="13.89" duration="134.00" routeLength="1627.48" waitSteps="1" timeLoss="24.99" rerouteNo="0" devices="vehroute_45 tripinfo_45" vType="Car" vaporized=""/>
    <tripinfo id="18" depart="18.00" departLane="-223860152#7_0" departPos="4.60" departSpeed="6.17" departDelay="0.00" arrival="179.00" arrivalLane="5695597#3_0" arrivalPos="22.63" arrivalSpeed="10.57" duration="161.00" routeLength="2525.95" waitSteps="6" timeLoss="33.51" rerouteNo="0" devices="vehroute_18 tripinfo_18" vType="Car" vaporized=""/>
    <tripinfo id="70" depart="70.00" departLane="120245128#0_0" departPos="4.60" departSpeed="15.02" departDelay="0.00" arrival="180.00" arrivalLane="274840501_0" arrivalPos="253.67" arrivalSpeed="13.89" duration="110.00" routeLength="1730.58" waitSteps="0" timeLoss="16.96" rerouteNo="0" devices="vehroute_70 tripinfo_70" vType="Car" vaporized=""/>
    <tripinfo id="46" depart="46.00" departLane="5697769#0_0" departPos="4.60" departSpeed="12.96" departDelay="0.00" arrival="180.00" arrivalLane="5697974#4_0" arrivalPos="220.85" arrivalSpeed="13.89" duration="134.00" routeLength="1797.47" waitSteps="0" timeLoss="17.91" rerouteNo="0" devices="vehroute_46 tripinfo_46" vType="Car" vaporized=""/>
    <tripinfo id="25" depart="25.00" departLane="-223860152#7_0" departPos="4.60" departSpeed="16.88" departDelay="0.00" arrival="180.00" arrivalLane="5695597#3_0" arrivalPos="22.63" arrivalSpeed="10.03" duration="155.00" routeLength="2525.95" waitSteps="6" timeLoss="27.96" rerouteNo="0" devices="vehroute_25 tripinfo_25" vType="Car" vaporized=""/>
    <tripinfo id="73" depart="73.00" departLane="120245128#0_0" departPos="4.60" departSpeed="15.26" departDelay="0.00" arrival="181.00" arrivalLane="274840501_0" arrivalPos="253.67" arrivalSpeed="13.89" duration="108.00" routeLength="1730.58" waitSteps="0" timeLoss="15.46" rerouteNo="0" devices="vehroute_73 tripinfo_73" vType="Car" vaporized=""/>
    <tripinfo id="19" depart="20.00" departLane="-223860152#7_0" departPos="4.60" departSpeed="4.84" departDelay="1.00" arrival="182.00" arrivalLane="5695597#3_0" arrivalPos="22.63" arrivalSpeed="10.27" duration="162.00" routeLength="2525.95" waitSteps="5" timeLoss="35.14" rerouteNo="0" devices="vehroute_19 tripinfo_19" vType="Car" vaporized=""/>
    <tripinfo id="65" depart="65.00" departLane="-120245128#5_0" departPos="4.60" departSpeed="15.85" departDelay="0.00" arrival="183.00" arrivalLane="-5699230#0_0" arrivalPos="157.24" arrivalSpeed="13.89" duration="118.00" routeLength="1625.87" waitSteps="0" timeLoss="2.87" rerouteNo="0" devices="vehroute_65 tripinfo_65" vType="Car" vaporized=""/>
    <tripinfo id="36" depart="36.00" departLane="120245127_0" departPos="4.60" departSpeed="7.99" departDelay="0.00" arrival="188.00" arrivalLane="274840501_0" arrivalPos="253.67" arrivalSpeed="13.89" duration="152.00" routeLength="1407.61" waitSteps="24" timeLoss="50.38" rerouteNo="0" devices="vehroute_36 tripinfo_36" vType="Car" vaporized=""/>
    <tripinfo id="38" depart="38.00" departLane="-223860152#7_0" departPos="4.60" departSpeed="11.05" departDelay="0.00" arrival="190.00" arrivalLane="5695597#3_0" arrivalPos="22.63" arrivalSpeed="10.68" duration="152.00" routeLength="2525.95" waitSteps="0" timeLoss="24.99" rerouteNo="0" devices="vehroute_38 tripinfo_38" vType="Car" vaporized=""/>
    <tripinfo id="26" depart="26.00" departLane="5698789#0_0" departPos="4.60" departSpeed="5.69" departDelay="0.00" arrival="192.00" arrivalLane="5695597#3_0" arrivalPos="22.63" arrivalSpeed="10.66" duration="166.00" routeLength="2385.35" waitSteps="0" timeLoss="28.38" rerouteNo="0" devices="vehroute_26 tripinfo_26" vType="Car" vaporized=""/>
    <tripinfo id="60" depart="60.00" departLane="5699670#0_0" departPos="4.60" departSpeed="12.36" departDelay="0.00" arrival="193.00" arrivalLane="5697974#4_0" arrivalPos="220.85" arrivalSpeed="13.89" duration="133.00" routeLength="1627.48" waitSteps="3" timeLoss="24.39" rerouteNo="0" devices="vehroute_60 tripinfo_60" vType="Car" vaporized=""/>
    <tripinfo id="50" depart="50.00" departLane="5698817#0_0" departPos="4.60" departSpeed="10.19" departDelay="0.00" arrival="193.00" arrivalLane="275037810#13_0" arrivalPos="87.93" arrivalSpeed="15.68" duration="143.00" routeLength="1939.54" waitSteps="11" timeLoss="34.97" rerouteNo="0" devices="vehroute_50 tripinfo_50" vType="Car" vaporized=""/>
    <tripinfo id="67" depart="67.00" departLane="5698817#0_0" departPos="4.60" departSpeed="7.51" departDelay="0.00" arrival="194.00" arrivalLane="275037810#13_0" arrivalPos="87.93" arrivalSpeed="15.31" duration="127.00" routeLength="1939.54" waitSteps="0" timeLoss="19.44" rerouteNo="0" devices="vehroute_67 tripinfo_67" vType="Car" vaporized=""/>
    <tripinfo id="47" depart="47.00" departLane="5697974#0_0" departPos="4.60" departSpeed="5.57" departDelay="0.00" arrival="194.00" arrivalLane="225878899#2_0" arrivalPos="77.66" arrivalSpeed="13.89" duration="147.00" routeLength="1623.13" waitSteps="7" timeLoss="35.81" rerouteNo="1" devices="vehroute_47 tripinfo_47" vType="Car" vaporized=""/>
    <tripinfo id="84" depart="84.00" departLane="120245128#0_0" departPos="4.60" departSpeed="2.49" departDelay="0.00" arrival="195.00" arrivalLane="274840501_0" arrivalPos="253.67" arrivalSpeed="13.89" duration="111.00" routeLength="1730.58" waitSteps="0" timeLoss="17.89" rerouteNo="0" devices="vehroute_84 tripinfo_84" vType="Car" vaporized=""/>
    <tripinfo id="55" depart="55.00" departLane="5697769#0_0" departPos="4.60" departSpeed="8.91" departDelay="0.00" arrival="195.00" arrivalLane="5697974#4_0" arrivalPos="220.85" arrivalSpeed="13.89" duration="140.00" routeLength="1797.47" waitSteps="1" timeLoss="23.30" rerouteNo="0" devices="vehroute_55 tripinfo_55" vType="Car" vaporized=""/>
    <tripinfo id="48" depart="48.00" departLane="5697974#0_0" departPos="4.60" departSpeed="1.63" departDelay="0.00" arrival="196.00" arrivalLane="225878899#2_0" arrivalPos="77.66" arrivalSpeed="13.89" duration="148.00" routeLength="1623.13" waitSteps="4" timeLoss="37.34" rerouteNo="1" devices="vehroute_48 tripinfo_48" vType="Car" vaporized=""/>
    <tripinfo id="49" depart="51.00" departLane="5697974#0_0" departPos="4.60" departSpeed="1.40" departDelay="2.00" arrival="199.00" arrivalLane="225878899#2_0" arrivalPos="77.66" arrivalSpeed="13.89" duration="148.00" routeLength="1623.13" waitSteps="2" timeLoss="36.20" rerouteNo="1" devices="vehroute_49 tripinfo_49" vType="Car" vaporized=""/>
    <tripinfo id="39" depart="39.00" departLane="5698789#0_0" departPos="4.60" departSpeed="10.97" departDelay="0.00" arrival="199.00" arrivalLane="5695597#3_0" arrivalPos="22.63" arrivalSpeed="10.59" duration="160.00" routeLength="2385.35" waitSteps="0" timeLoss="21.90" rerouteNo="0" devices="vehroute_39 tripinfo_39" vType="Car" vaporized=""/>
    <tripinfo id="87" depart="87.00" departLane="120245128#0_0" departPos="4.60" departSpeed="1.06" departDelay="0.00" arrival="200.00" arrivalLane="274840501_0" arrivalPos="253.67" arrivalSpeed="13.89" duration="113.00" routeLength="1730.58" waitSteps="0" timeLoss="20.15" rerouteNo="0" devices="vehroute_87 tripinfo_87" vType="Car" vaporized=""/>
    <tripinfo id="35" depart="35.00" departLane="5697769#0_0" departPos="4.60" departSpeed="13.33" departDelay="0.00" arrival="205.00" arrivalLane="5697974#4_0" arrivalPos="220.85" arrivalSpeed="13.89" duration="170.00" routeLength="2134.87" waitSteps="3" timeLoss="37.76" rerouteNo="1" devices="vehroute_35 tripinfo_35" vType="Car" vaporized=""/>
    <tripinfo id="83" depart="83.00" departLane="-120245128#5_0" departPos="4.60" departSpeed="7.61" departDelay="0.00" arrival="205.00" arrivalLane="-5699230#0_0" arrivalPos="157.24" arrivalSpeed="13.89" duration="122.00" routeLength="1625.87" waitSteps="0" timeLoss="6.84" rerouteNo="0" devices="vehroute_83 tripinfo_83" vType="Car" vaporized=""/>
    <tripinfo id="61" depart="61.00" departLane="5697974#0_0" departPos="4.60" departSpeed="0.12" departDelay="0.00" arrival="205.00" arrivalLane="225878899#2_0" arrivalPos="77.66" arrivalSpeed="13.89" duration="144.00" routeLength="1623.13" waitSteps="3" timeLoss="32.64" rerouteNo="1" devices="vehroute_61 tripinfo_61" vType="Car" vaporized=""/>
    <tripinfo id="64" depart="64.00" departLane="120245127_0" departPos="4.60" departSpeed="6.97" departDelay="0.00" arrival="207.00" arrivalLane="274840501_0" arrivalPos="253.67" arrivalSpeed="13.89" duration="143.00" routeLength="1407.61" waitSteps="18" timeLoss="41.38" rerouteNo="0" devices="vehroute_64 tripinfo_64" vType="Car" vaporized=""/>
    <tripinfo id="44" depart="44.00" departLane="-223860152#7_0" departPos="4.60" departSpeed="2.25" departDelay="0.00" arrival="208.00" arrivalLane="5695597#3_0" arrivalPos="22.63" arrivalSpeed="11.59" duration="164.00" routeLength="2525.95" waitSteps="4" timeLoss="36.91" rerouteNo="0" devices="vehroute_44 tripinfo_44" vType="Car" vaporized=""/>
    <tripinfo id="97" depart="97.00" departLane="120245128#0_0" departPos="4.60" departSpeed="10.73" departDelay="0.00" arrival="209.00" arrivalLane="274840501_0" arrivalPos="253.67" arrivalSpeed="13.89" duration="112.00" routeLength="1730.58" waitSteps="0" timeLoss="18.92" rerouteNo="0" devices="vehroute_97 tripinfo_97" vType="Car" vaporized=""/>
    <tripinfo id="72" depart="72.00" departLane="5699670#0_0" departPos="4.60" departSpeed="13.57" departDelay="0.00" arrival="210.00" arrivalLane="5697974#4_0" arrivalPos="220.85" arrivalSpeed="13.89" duration="138.00" routeLength="1627.48" waitSteps="3" timeLoss="28.60" rerouteNo="0" devices="vehroute_72 tripinfo_72" vType="Car" vaporized=""/>
    <tripinfo id="51" depart="51.00" departLane="-223860152#7_0" departPos="4.60" departSpeed="12.07" departDelay="0.00" arrival="210.00" arrivalLane="5695597#3_0" arrivalPos="22.63" arrivalSpeed="11.36" duration="159.00" routeLength="2525.95" waitSteps="4" timeLoss="31.73" rerouteNo="0" devices="vehroute_51 tripinfo_51" vType="Car" vaporized=""/>
    <tripinfo id="52" depart="52.00" departLane="5697769#0_0" departPos="4.60" departSpeed="8.49" departDelay="0.00" arrival="211.00" arrivalLane="5697974#4_0" arrivalPos="220.85" arrivalSpeed="13.89" duration="159.00" routeLength="2134.87" waitSteps="0" timeLoss="27.26" rerouteNo="1" devices="vehroute_52 tripinfo_52" vType="Car" vaporized=""/>
    <tripinfo id="62" depart="65.00" departLane="5697974#0_0" departPos="4.60" departSpeed="3.99" departDelay="3.00" arrival="213.00" arrivalLane="225878899#2_0" arrivalPos="77.66" arrivalSpeed="13.89" duration="148.00" routeLength="1623.13" waitSteps="6" timeLoss="36.88" rerouteNo="1" devices="vehroute_62 tripinfo_62" vType="Car" vaporized=""/>
    <tripinfo id="63" depart="67.00" departLane="5697974#0_0" departPos="4.60" departSpeed="2.47" departDelay="4.00" arrival="217.00" arrivalLane="225878899#2_0" arrivalPos="77.66" arrivalSpeed="13.89" duration="150.00" routeLength="1623.13" waitSteps="4" timeLoss="38.73" rerouteNo="1" devices="vehroute_63 tripinfo_63" vType="Car" vaporized=""/>
    <tripinfo id="96" depart="96.00" departLane="5698817#0_0" departPos="4.60" departSpeed="4.56" departDelay="0.00" arrival="218.00" arrivalLane="275037810#13_0" arrivalPos="87.93" arrivalSpeed="17.37" duration="122.00" routeLength="1939.54" waitSteps="0" timeLoss="14.21" rerouteNo="0" devices="vehroute_96 tripinfo_96" vType="Car" vaporized=""/>
    <tripinfo id="58" depart="58.00" departLane="-223860152#7_0" departPos="4.60" departSpeed="10.30" departDelay="0.00" arrival="218.00" arrivalLane="5695597#3_0" arrivalPos="22.63" arrivalSpeed="10.71" duration="160.00" routeLength="2525.95" waitSteps="1" timeLoss="33.08" rerouteNo="0" devices="vehroute_58 tripinfo_58" vType="Car" vaporized=""/>
    <tripinfo id="99" depart="99.00" departLane="120245128#0_0" departPos="4.60" departSpeed="14.47" departDelay="0.00" arrival="219.00" arrivalLane="274840501_0" arrivalPos="253.67" arrivalSpeed="13.89" duration="120.00" routeLength="1730.58" waitSteps="2" timeLoss="27.10" rerouteNo="0" devices="vehroute_99 tripinfo_99" vType="Car" vaporized=""/>
    <tripinfo id="102" depart="102.00" departLane="-120245128#5_0" departPos="4.60" departSpeed="19.56" departDelay="0.00" arrival="221.00" arrivalLane="-5699230#0_0" arrivalPos="157.24" arrivalSpeed="13.89" duration="119.00" routeLength="1625.87" waitSteps="0" timeLoss="4.33" rerouteNo="0" devices="vehroute_102 tripinfo_102" vType="Car" vaporized=""/>
    <tripinfo id="79" depart="79.00" departLane="5697974#0_0" departPos="4.60" departSpeed="13.26" departDelay="0.00" arrival="222.00" arrivalLane="225878899#2_0" arrivalPos="77.66" arrivalSpeed="13.89" duration="143.00" routeLength="1623.13" waitSteps="5" timeLoss="31.73" rerouteNo="1" devices="vehroute_79 tripinfo_79" vType="Car" vaporized=""/>
    <tripinfo id="86" depart="86.00" departLane="-223860152#7_0" departPos="4.60" departSpeed="11.69" departDelay="0.00" arrival="225.00" arrivalLane="5695597#3_0" arrivalPos="22.63" arrivalSpeed="9.83" duration="139.00" routeLength="2525.95" waitSteps="0" timeLoss="11.45" rerouteNo="0" devices="vehroute_86 tripinfo_86" vType="Car" vaporized=""/>
    <tripinfo id="54" depart="54.00" departLane="5698789#0_0" departPos="4.60" departSpeed="0.47" departDelay="0.00" arrival="226.00" arrivalLane="5695597#3_0" arrivalPos="22.63" arrivalSpeed="9.88" duration="172.00" routeLength="2385.35" waitSteps="0" timeLoss="34.35" rerouteNo="0" devices="vehroute_54 tripinfo_54" vType="Car" vaporized=""/>
    <tripinfo id="59" depart="59.00" departLane="5698789#0_0" departPos="4.60" departSpeed="8.15" departDelay="0.00" arrival="228.00" arrivalLane="5695597#3_0" arrivalPos="22.63" arrivalSpeed="11.49" duration="169.00" routeLength="2385.35" waitSteps="0" timeLoss="31.27" rerouteNo="0" devices="vehroute_59 tripinfo_59" vType="Car" vaporized=""/>
    <tripinfo id="104" depart="104.00" departLane="120245128#0_0" departPos="4.60" departSpeed="12.73" departDelay="0.00" arrival="232.00" arrivalLane="274840501_0" arrivalPos="253.67" arrivalSpeed="13.89" duration="128.00" routeLength="1730.58" waitSteps="3" timeLoss="35.16" rerouteNo="0" devices="vehroute_104 tripinfo_104" vType="Car" vaporized=""/>
    <tripinfo id="109" depart="109.00" departLane="-120245128#5_0" departPos="4.60" departSpeed="3.92" departDelay="0.00" arrival="232.00" arrivalLane="-5699230#0_0" arrivalPos="157.24" arrivalSpeed="13.89" duration="123.00" routeLength="1625.87" waitSteps="0" timeLoss="8.01" rerouteNo="0" devices="vehroute_109 tripinfo_109" vType="Car" vaporized=""/>
    <tripinfo id="110" depart="110.00" departLane="120245128#0_0" departPos="4.60" departSpeed="21.15" departDelay="0.00" arrival="233.00" arrivalLane="274840501_0" arrivalPos="253.67" arrivalSpeed="13.89" duration="123.00" routeLength="1730.58" waitSteps="1" timeLoss="30.62" rerouteNo="0" devices="vehroute_110 tripinfo_110" vType="Car" vaporized=""/>
    <tripinfo id="75" depart="75.00" departLane="5699670#0_0" departPos="4.60" departSpeed="11.69" departDelay="0.00" arrival="233.00" arrivalLane="5697974#4_0" arrivalPos="220.85" arrivalSpeed="13.89" duration="158.00" routeLength="1627.48" waitSteps="9" timeLoss="48.65" rerouteNo="0" devices="vehroute_75 tripinfo_75" vType="Car" vaporized=""/>
    <tripinfo id="71" depart="71.00" departLane="5697769#0_0" departPos="4.60" departSpeed="13.41" departDelay="0.00" arrival="234.00" arrivalLane="5697974#4_0" arrivalPos="220.85" arrivalSpeed="13.89" duration="163.00" routeLength="2134.87" waitSteps="2" timeLoss="31.46" rerouteNo="1" devices="vehroute_71 tripinfo_71" vType="Car" vaporized=""/>
    <tripinfo id="115" depart="115.00" departLane="120245128#0_0" departPos="4.60" departSpeed="18.50" departDelay="0.00" arrival="235.00" arrivalLane="274840501_0" arrivalPos="253.67" arrivalSpeed="13.89" duration="120.00" routeLength="1730.58" waitSteps="1" timeLoss="27.09" rerouteNo="0" devices="vehroute_115 tripinfo_115" vType="Car" vaporized=""/>
    <tripinfo id="76" depart="76.00" departLane="5697769#0_0" departPos="4.60" departSpeed="6.85" departDelay="0.00" arrival="235.00" arrivalLane="5697974#4_0" arrivalPos="220.85" arrivalSpeed="13.89" duration="159.00" routeLength="2134.87" waitSteps="0" timeLoss="27.71" rerouteNo="1" devices="vehroute_76 tripinfo_76" vType="Car" vaporized=""/>
    <tripinfo id="98" depart="98.00" departLane="5698817#0_0" departPos="4.60" departSpeed="6.09" departDelay="0.00" arrival="237.00" arrivalLane="275037810#13_0" arrivalPos="87.93" arrivalSpeed="16.60" duration="139.00" routeLength="1939.54" waitSteps="3" timeLoss="30.96" rerouteNo="0" devices="vehroute_98 tripinfo_98" vType="Car" vaporized=""/>
    <tripinfo id="77" depart="77.00" departLane="5697769#0_0" departPos="4.60" departSpeed="3.98" departDelay="0.00" arrival="238.00" arrivalLane="5697974#4_0" arrivalPos="220.85" arrivalSpeed="13.89" duration="161.00" routeLength="2134.87" waitSteps="0" timeLoss="29.39" rerouteNo="1" devices="vehroute_77 tripinfo_77" vType="Car" vaporized=""/>
    <tripinfo id="68" depart="68.00" departLane="5698789#0_0" departPos="4.60" departSpeed="5.61" departDelay="0.00" arrival="238.00" arrivalLane="5695597#3_0" arrivalPos="22.63" arrivalSpeed="10.57" duration="170.00" routeLength="2385.35" waitSteps="1" timeLoss="31.72" rerouteNo="0" devices="vehroute_68 tripinfo_68" vType="Car" vaporized=""/>
    <tripinfo id="100" depart="100.00" departLane="5698817#0_0" departPos="4.60" departSpeed="2.39" departDelay="0.00" arrival="239.00" arrivalLane="275037810#13_0" arrivalPos="87.93" arrivalSpeed="16.06" duration="139.00" routeLength="1939.54" waitSteps="1" timeLoss="31.16" rerouteNo="0" devices="vehroute_100 tripinfo_100" vType="Car" vaporized=""/>
    <tripinfo id="90" depart="90.00" departLane="-223860152#7_0" departPos="4.60" departSpeed="21.97" departDelay="0.00" arrival="239.00" arrivalLane="5695597#3_0" arrivalPos="22.63" arrivalSpeed="10.04" duration="149.00" routeLength="2525.95" waitSteps="5" timeLoss="22.14" rerouteNo="0" devices="vehroute_90 tripinfo_90" vType="Car" vaporized=""/>
    <tripinfo id="91" depart="91.00" departLane="5697769#0_0" departPos="4.60" departSpeed="5.36" departDelay="0.00" arrival="242.00" arrivalLane="5697974#4_0" arrivalPos="220.85" arrivalSpeed="13.89" duration="151.00" routeLength="2134.87" waitSteps="0" timeLoss="19.89" rerouteNo="1" devices="vehroute_91 tripinfo_91" vType="Car" vaporized=""/>
    <tripinfo id="69" depart="69.00" departLane="120245127_0" departPos="4.60" departSpeed="4.74" departDelay="0.00" arrival="243.00" arrivalLane="274840501_0" arrivalPos="253.67" arrivalSpeed="13.89" duration="174.00" routeLength="1407.61" waitSteps="39" timeLoss="72.02" rerouteNo="0" devices="vehroute_69 tripinfo_69" vType="Car" vaporized=""/>
    <tripinfo id="78" depart="78.00" departLane="5698789#0_0" departPos="4.60" departSpeed="0.90" departDelay="0.00" arrival="243.00" arrivalLane="5695597#3_0" arrivalPos="22.63" arrivalSpeed="10.20" duration="165.00" routeLength="2385.35" waitSteps="0" timeLoss="26.73" rerouteNo="0" devices="vehroute_78 tripinfo_78" vType="Car" vaporized=""/>
    <tripinfo id="74" depart="74.00" departLane="120245127_0" departPos="4.60" departSpeed="5.04" departDelay="0.00" arrival="244.00" arrivalLane="274840501_0" arrivalPos="253.67" arrivalSpeed="13.89" duration="170.00" routeLength="1407.61" waitSteps="40" timeLoss="68.53" rerouteNo="0" devices="vehroute_74 tripinfo_74" vType="Car" vaporized=""/>
    <tripinfo id="81" depart="81.00" departLane="5698789#0_0" departPos="4.60" departSpeed="2.19" departDelay="0.00" arrival="244.00" arrivalLane="5695597#3_0" arrivalPos="22.63" arrivalSpeed="10.43" duration="163.00" routeLength="2385.35" waitSteps="0" timeLoss="25.47" rerouteNo="0" devices="vehroute_81 tripinfo_81" vType="Car" vaporized=""/>
    <tripinfo id="80" depart="80.00" departLane="120245127_0" departPos="4.60" departSpeed="10.69" departDelay="0.00" arrival="246.00" arrivalLane="274840501_0" arrivalPos="253.67" arrivalSpeed="13.89" duration="166.00" routeLength="1407.61" waitSteps="37" timeLoss="64.37" rerouteNo="0" devices="vehroute_80 tripinfo_80" vType="Car" vaporized=""/>
    <tripinfo id="88" depart="88.00" departLane="120245127_0" departPos="4.60" departSpeed="5.09" departDelay="0.00" arrival="248.00" arrivalLane="274840501_0" arrivalPos="253.67" arrivalSpeed="13.89" duration="160.00" routeLength="1407.61" waitSteps="29" timeLoss="58.36" rerouteNo="0" devices="vehroute_88 tripinfo_88" vType="Car" vaporized=""/>
    <tripinfo id="117" depart="117.00" departLane="5697974#0_0" departPos="4.60" departSpeed="13.58" departDelay="0.00" arrival="249.00" arrivalLane="5697974#4_0" arrivalPos="220.85" arrivalSpeed="13.89" duration="132.00" routeLength="1296.06" waitSteps="23" timeLoss="38.28" rerouteNo="0" devices="vehroute_117 tripinfo_117" vType="Car" vaporized=""/>
    <tripinfo id="93" depart="93.00" departLane="120245127_0" departPos="4.60" departSpeed="4.25" departDelay="0.00" arrival="250.00" arrivalLane="274840501_0" arrivalPos="253.67" arrivalSpeed="13.89" duration="157.00" routeLength="1407.61" waitSteps="29" timeLoss="55.05" rerouteNo="0" devices="vehroute_93 tripinfo_93" vType="Car" vaporized=""/>
    <tripinfo id="122" depart="122.00" departLane="5697974#0_0" departPos="4.60" departSpeed="12.66" departDelay="0.00" arrival="251.00" arrivalLane="5697974#4_0" arrivalPos="220.85" arrivalSpeed="13.89" duration="129.00" routeLength="1296.06" waitSteps="23" timeLoss="35.62" rerouteNo="0" devices="vehroute_122 tripinfo_122" vType="Car" vaporized=""/>
    <tripinfo id="127" depart="127.00" departLane="-120245128#5_0" departPos="4.60" departSpeed="2.38" departDelay="0.00" arrival="251.00" arrivalLane="-5699230#0_0" arrivalPos="157.24" arrivalSpeed="13.89" duration="124.00" routeLength="1625.87" waitSteps="0" timeLoss="8.93" rerouteNo="0" devices="vehroute_127 tripinfo_127" vType="Car" vaporized=""/>
    <tripinfo id="124" depart="124.00" departLane="5698817#0_0" departPos="4.60" departSpeed="10.19" departDelay="0.00" arrival="251.00" arrivalLane="275037810#13_0" arrivalPos="87.93" arrivalSpeed="15.70" duration="127.00" routeLength="1939.54" waitSteps="0" timeLoss="19.00" rerouteNo="0" devices="vehroute_124 tripinfo_124" vType="Car" vaporized=""/>
    <tripinfo id="101" depart="101.00" departLane="120245127_0" departPos="4.60" departSpeed="10.26" departDelay="0.00" arrival="252.00" arrivalLane="274840501_0" arrivalPos="253.67" arrivalSpeed="13.89" duration="151.00" routeLength="1407.61" waitSteps="27" timeLoss="49.20" rerouteNo="0" devices="vehroute_101 tripinfo_101" vType="Car" vaporized=""/>
    <tripinfo id="106" depart="106.00" departLane="120245127_0" departPos="4.60" departSpeed="7.66" departDelay="0.00" arrival="254.00" arrivalLane="274840501_0" arrivalPos="253.67" arrivalSpeed="13.89" duration="148.00" routeLength="1407.61" waitSteps="21" timeLoss="46.27" rerouteNo="0" devices="vehroute_106 tripinfo_106" vType="Car" vaporized=""/>
    <tripinfo id="126" depart="126.00" departLane="5697974#0_0" departPos="4.60" departSpeed="2.46" departDelay="0.00" arrival="254.00" arrivalLane="5697974#4_0" arrivalPos="220.85" arrivalSpeed="13.89" duration="128.00" routeLength="1296.06" waitSteps="18" timeLoss="33.84" rerouteNo="0" devices="vehroute_126 tripinfo_126" vType="Car" vaporized=""/>
    <tripinfo id="95" depart="101.00" departLane="5699670#0_0" departPos="4.60" departSpeed="7.70" departDelay="6.00" arrival="255.00" arrivalLane="5697974#4_0" arrivalPos="220.85" arrivalSpeed="13.89" duration="154.00" routeLength="1627.48" waitSteps="13" timeLoss="45.44" rerouteNo="0" devices="vehroute_95 tripinfo_95" vType="Car" vaporized=""/>
    <tripinfo id="111" depart="111.00" departLane="5697769#0_0" departPos="4.60" departSpeed="5.45" departDelay="0.00" arrival="257.00" arrivalLane="5697974#4_0" arrivalPos="220.85" arrivalSpeed="13.89" duration="146.00" routeLength="1797.47" waitSteps="0" timeLoss="29.70" rerouteNo="0" devices="vehroute_111 tripinfo_111" vType="Car" vaporized=""/>
    <tripinfo id="116" depart="116.00" departLane="-223860152#7_0" departPos="4.60" departSpeed="10.03" departDelay="0.00" arrival="257.00" arrivalLane="5695597#3_0" arrivalPos="22.63" arrivalSpeed="10.94" duration="141.00" routeLength="2525.95" waitSteps="0" timeLoss="13.78" rerouteNo="0" devices="vehroute_116 tripinfo_116" vType="Car" vaporized=""/>
    <tripinfo id="114" depart="114.00" departLane="120245127_0" departPos="4.60" departSpeed="10.80" departDelay="0.00" arrival="261.00" arrivalLane="274840501_0" arrivalPos="253.67" arrivalSpeed="13.89" duration="147.00" routeLength="1407.61" waitSteps="17" timeLoss="45.39" rerouteNo="0" devices="vehroute_114 tripinfo_114" vType="Car" vaporized=""/>
    <tripinfo id="128" depart="128.00" departLane="120245127_0" departPos="4.60" departSpeed="7.79" departDelay="0.00" arrival="263.00" arrivalLane="274840501_0" arrivalPos="253.67" arrivalSpeed="13.89" duration="135.00" routeLength="1407.61" waitSteps="7" timeLoss="33.40" rerouteNo="0" devices="vehroute_128 tripinfo_128" vType="Car" vaporized=""/>
    <tripinfo id="132" depart="138.00" departLane="120245128#0_0" departPos="4.60" departSpeed="12.98" departDelay="6.00" arrival="265.00" arrivalLane="274840501_0" arrivalPos="253.67" arrivalSpeed="13.89" duration="127.00" routeLength="1730.58" waitSteps="0" timeLoss="34.26" rerouteNo="0" devices="vehroute_132 tripinfo_132" vType="Car" vaporized=""/>
    <tripinfo id="125" depart="125.00" departLane="5698817#0_0" departPos="4.60" departSpeed="5.29" departDelay="0.00" arrival="266.00" arrivalLane="275037810#13_0" arrivalPos="87.93" arrivalSpeed="15.62" duration="141.00" routeLength="1939.54" waitSteps="6" timeLoss="33.32" rerouteNo="0" devices="vehroute_125 tripinfo_125" vType="Car" vaporized=""/>
    <tripinfo id="130" depart="130.00" departLane="5698817#0_0" departPos="4.60" departSpeed="6.38" departDelay="0.00" arrival="268.00" arrivalLane="275037810#13_0" arrivalPos="87.93" arrivalSpeed="15.60" duration="138.00" routeLength="1939.54" waitSteps="6" timeLoss="30.32" rerouteNo="0" devices="vehroute_130 tripinfo_130" vType="Car" vaporized=""/>
    <tripinfo id="82" depart="84.00" departLane="5698789#0_0" departPos="4.60" departSpeed="3.06" departDelay="2.00" arrival="268.00" arrivalLane="5695597#3_0" arrivalPos="22.63" arrivalSpeed="10.57" duration="184.00" routeLength="2385.35" waitSteps="5" timeLoss="46.04" rerouteNo="0" devices="vehroute_82 tripinfo_82" vType="Car" vaporized=""/>
    <tripinfo id="133" depart="133.00" departLane="120245127_0" departPos="4.60" departSpeed="1.51" departDelay="0.00" arrival="272.00" arrivalLane="274840501_0" arrivalPos="253.67" arrivalSpeed="13.89" duration="139.00" routeLength="1407.61" waitSteps="8" timeLoss="37.20" rerouteNo="0" devices="vehroute_133 tripinfo_133" vType="Car" vaporized=""/>
    <tripinfo id="85" depart="86.00" departLane="5698789#0_0" departPos="4.60" departSpeed="0.61" departDelay="1.00" arrival="274.00" arrivalLane="5695597#3_0" arrivalPos="22.63" arrivalSpeed="9.53" duration="188.00" routeLength="2385.35" waitSteps="5" timeLoss="50.02" rerouteNo="0" devices="vehroute_85 tripinfo_85" vType="Car" vaporized=""/>
    <tripinfo id="145" depart="145.00" departLane="120245128#0_0" departPos="4.60" departSpeed="21.72" departDelay="0.00" arrival="275.00" arrivalLane="274840501_0" arrivalPos="253.67" arrivalSpeed="13.89" duration="130.00" routeLength="1730.58" waitSteps="1" timeLoss="36.83" rerouteNo="0" devices="vehroute_145 tripinfo_145" vType="Car" vaporized=""/>
    <tripinfo id="89" depart="90.00" departLane="5698789#0_0" departPos="4.60" departSpeed="1.94" departDelay="1.00" arrival="276.00" arrivalLane="5695597#3_0" arrivalPos="22.63" arrivalSpeed="10.71" duration="186.00" routeLength="2385.35" waitSteps="5" timeLoss="47.98" rerouteNo="0" devices="vehroute_89 tripinfo_89" vType="Car" vaporized=""/>
    <tripinfo id="158" depart="158.00" departLane="-120245128#5_0" departPos="4.60" departSpeed="12.86" departDelay="0.00" arrival="277.00" arrivalLane="-5699230#0_0" arrivalPos="157.24" arrivalSpeed="13.89" duration="119.00" routeLength="1625.87" waitSteps="0" timeLoss="4.27" rerouteNo="0" devices="vehroute_158 tripinfo_158" vType="Car" vaporized=""/>
    <tripinfo id="94" depart="94.00" departLane="5698789#0_0" departPos="4.60" departSpeed="6.14" departDelay="0.00" arrival="277.00" arrivalLane="5695597#3_0" arrivalPos="22.63" arrivalSpeed="10.91" duration="183.00" routeLength="2385.35" waitSteps="3" timeLoss="45.15" rerouteNo="0" devices="vehroute_94 tripinfo_94" vType="Car" vaporized=""/>
    <tripinfo id="103" depart="103.00" departLane="5699670#0_0" departPos="4.60" departSpeed="5.89" departDelay="0.00" arrival="278.00" arrivalLane="5697974#4_0" arrivalPos="220.85" arrivalSpeed="13.89" duration="175.00" routeLength="1627.48" waitSteps="22" timeLoss="65.63" rerouteNo="0" devices="vehroute_103 tripinfo_103" vType="Car" vaporized=""/>
    <tripinfo id="92" depart="93.00" departLane="5697769#0_0" departPos="4.60" departSpeed="4.11" departDelay="1.00" arrival="279.00" arrivalLane="5697974#4_0" arrivalPos="220.85" arrivalSpeed="13.89" duration="186.00" routeLength="2134.87" waitSteps="9" timeLoss="54.41" rerouteNo="1" devices="vehroute_92 tripinfo_92" vType="Car" vaporized=""/>
    <tripinfo id="105" depart="105.00" departLane="5697769#0_0" departPos="4.60" departSpeed="8.04" departDelay="0.00" arrival="280.00" arrivalLane="5697974#4_0" arrivalPos="220.85" arrivalSpeed="13.89" duration="175.00" routeLength="2134.87" waitSteps="6" timeLoss="43.66" rerouteNo="1" devices="vehroute_105 tripinfo_105" vType="Car" vaporized=""/>
    <tripinfo id="136" depart="136.00" departLane="120245127_0" departPos="4.60" departSpeed="4.03" departDelay="0.00" arrival="282.00" arrivalLane="274840501_0" arrivalPos="253.67" arrivalSpeed="13.89" duration="146.00" routeLength="1407.61" waitSteps="14" timeLoss="44.38" rerouteNo="0" devices="vehroute_136 tripinfo_136" vType="Car" vaporized=""/>
    <tripinfo id="113" depart="113.00" departLane="5697769#0_0" departPos="4.60" departSpeed="7.43" departDelay="0.00" arrival="283.00" arrivalLane="5697974#4_0" arrivalPos="220.85" arrivalSpeed="13.89" duration="170.00" routeLength="2134.87" waitSteps="1" timeLoss="38.34" rerouteNo="1" devices="vehroute_113 tripinfo_113" vType="Car" vaporized=""/>
    <tripinfo id="137" depart="137.00" departLane="-223860152#7_0" departPos="4.60" departSpeed="16.45" departDelay="0.00" arrival="283.00" arrivalLane="5695597#3_0" arrivalPos="22.63" arrivalSpeed="12.35" duration="146.00" routeLength="2525.95" waitSteps="4" timeLoss="18.56" rerouteNo="0" devices="vehroute_137 tripinfo_137" vType="Car" vaporized=""/>
    <tripinfo id="138" depart="138.00" departLane="120245127_0" departPos="4.60" departSpeed="2.58" departDelay="0.00" arrival="284.00" arrivalLane="274840501_0" arrivalPos="253.67" arrivalSpeed="13.89" duration="146.00" routeLength="1407.61" waitSteps="13" timeLoss="44.38" rerouteNo="0" devices="vehroute_138 tripinfo_138" vType="Car" vaporized=""/>
    <tripinfo id="178" depart="178.00" departLane="120245128#0_0" departPos="4.60" departSpeed="7.81" departDelay="0.00" arrival="286.00" arrivalLane="274840501_0" arrivalPos="253.67" arrivalSpeed="13.89" duration="108.00" routeLength="1730.58" waitSteps="0" timeLoss="15.13" rerouteNo="0" devices="vehroute_178 tripinfo_178" vType="Car" vaporized=""/>
    <tripinfo id="169" depart="169.00" departLane="-120245128#5_0" departPos="4.60" departSpeed="7.89" departDelay="0.00" arrival="290.00" arrivalLane="-5699230#0_0" arrivalPos="157.24" arrivalSpeed="13.89" duration="121.00" routeLength="1625.87" waitSteps="0" timeLoss="6.69" rerouteNo="0" devices="vehroute_169 tripinfo_169" vType="Car" vaporized=""/>
    <tripinfo id="120" depart="120.00" departLane="5697769#0_0" departPos="4.60" departSpeed="13.80" departDelay="0.00" arrival="291.00" arrivalLane="5697974#4_0" arrivalPos="220.85" arrivalSpeed="13.89" duration="171.00" routeLength="2134.87" waitSteps="1" timeLoss="38.79" rerouteNo="1" devices="vehroute_120 tripinfo_120" vType="Car" vaporized=""/>
    <tripinfo id="139" depart="139.00" departLane="5697974#0_0" departPos="4.60" departSpeed="3.47" departDelay="0.00" arrival="292.00" arrivalLane="5697974#4_0" arrivalPos="220.85" arrivalSpeed="13.89" duration="153.00" routeLength="1296.06" waitSteps="35" timeLoss="59.19" rerouteNo="0" devices="vehroute_139 tripinfo_139" vType="Car" vaporized=""/>
    <tripinfo id="143" depart="143.00" departLane="120245127_0" departPos="4.60" departSpeed="11.00" departDelay="0.00" arrival="293.00" arrivalLane="274840501_0" arrivalPos="253.67" arrivalSpeed="13.89" duration="150.00" routeLength="1407.61" waitSteps="16" timeLoss="48.37" rerouteNo="0" devices="vehroute_143 tripinfo_143" vType="Car" vaporized=""/>
    <tripinfo id="107" depart="107.00" departLane="5699670#0_0" departPos="4.60" departSpeed="4.06" departDelay="0.00" arrival="293.00" arrivalLane="5697974#4_0" arrivalPos="220.85" arrivalSpeed="13.89" duration="186.00" routeLength="1627.48" waitSteps="34" timeLoss="77.66" rerouteNo="0" devices="vehroute_107 tripinfo_107" vType="Car" vaporized=""/>
    <tripinfo id="131" depart="131.00" departLane="-223860152#7_0" departPos="4.60" departSpeed="2.90" departDelay="0.00" arrival="294.00" arrivalLane="5695597#3_0" arrivalPos="22.63" arrivalSpeed="10.57" duration="163.00" routeLength="2525.95" waitSteps="5" timeLoss="35.65" rerouteNo="0" devices="vehroute_131 tripinfo_131" vType="Car" vaporized=""/>
    <tripinfo id="149" depart="149.00" departLane="120245127_0" departPos="4.60" departSpeed="6.05" departDelay="0.00" arrival="295.00" arrivalLane="274840501_0" arrivalPos="253.67" arrivalSpeed="13.89" duration="146.00" routeLength="1407.61" waitSteps="10" timeLoss="44.39" rerouteNo="0" devices="vehroute_149 tripinfo_149" vType="Car" vaporized=""/>
    <tripinfo id="147" depart="147.00" departLane="5698817#0_0" departPos="4.60" departSpeed="7.97" departDelay="0.00" arrival="295.00" arrivalLane="275037810#13_0" arrivalPos="87.93" arrivalSpeed="15.22" duration="148.00" routeLength="1939.54" waitSteps="15" timeLoss="40.15" rerouteNo="0" devices="vehroute_147 tripinfo_147" vType="Car" vaporized=""/>
    <tripinfo id="141" depart="141.00" departLane="-223860152#7_0" departPos="4.60" departSpeed="10.64" departDelay="0.00" arrival="295.00" arrivalLane="5695597#3_0" arrivalPos="22.63" arrivalSpeed="10.03" duration="154.00" routeLength="2525.95" waitSteps="3" timeLoss="27.32" rerouteNo="0" devices="vehroute_141 tripinfo_141" vType="Car" vaporized=""/>
    <tripinfo id="148" depart="148.00" departLane="5698817#0_0" departPos="4.60" departSpeed="3.87" departDelay="0.00" arrival="297.00" arrivalLane="275037810#13_0" arrivalPos="87.93" arrivalSpeed="15.89" duration="149.00" routeLength="1939.54" waitSteps="14" timeLoss="40.87" rerouteNo="0" devices="vehroute_148 tripinfo_148" vType="Car" vaporized=""/>
    <tripinfo id="146" depart="146.00" departLane="-223860152#7_0" departPos="4.60" departSpeed="8.17" departDelay="0.00" arrival="297.00" arrivalLane="5695597#3_0" arrivalPos="22.63" arrivalSpeed="10.27" duration="151.00" routeLength="2525.95" waitSteps="1" timeLoss="23.68" rerouteNo="0" devices="vehroute_146 tripinfo_146" vType="Car" vaporized=""/>
    <tripinfo id="151" depart="151.00" departLane="120245128#0_0" departPos="4.60" departSpeed="6.54" departDelay="0.00" arrival="298.00" arrivalLane="274840501_0" arrivalPos="253.67" arrivalSpeed="13.89" duration="147.00" routeLength="1738.29" waitSteps="2" timeLoss="26.99" rerouteNo="1" devices="vehroute_151 tripinfo_151" vType="Car" vaporized=""/>
    <tripinfo id="162" depart="162.00" departLane="5698817#0_0" departPos="4.60" departSpeed="2.32" departDelay="0.00" arrival="298.00" arrivalLane="275037810#13_0" arrivalPos="87.93" arrivalSpeed="15.26" duration="136.00" routeLength="1939.54" waitSteps="1" timeLoss="28.45" rerouteNo="0" devices="vehroute_162 tripinfo_162" vType="Car" vaporized=""/>
    <tripinfo id="112" depart="112.00" departLane="5698789#0_0" departPos="4.60" departSpeed="5.05" departDelay="0.00" arrival="299.00" arrivalLane="5695597#3_0" arrivalPos="22.63" arrivalSpeed="11.07" duration="187.00" routeLength="2385.35" waitSteps="5" timeLoss="49.23" rerouteNo="0" devices="vehroute_112 tripinfo_112" vType="Car" vaporized=""/>
    <tripinfo id="165" depart="165.00" departLane="5698817#0_0" departPos="4.60" departSpeed="5.90" departDelay="0.00" arrival="300.00" arrivalLane="275037810#13_0" arrivalPos="87.93" arrivalSpeed="15.40" duration="135.00" routeLength="1939.54" waitSteps="1" timeLoss="27.42" rerouteNo="0" devices="vehroute_165 tripinfo_165" vType="Car" vaporized=""/>
    <tripinfo id="142" depart="142.00" departLane="5699670#0_0" departPos="4.60" departSpeed="13.34" departDelay="0.00" arrival="302.00" arrivalLane="5697974#4_0" arrivalPos="220.85" arrivalSpeed="13.89" duration="160.00" routeLength="1965.08" waitSteps="2" timeLoss="35.49" rerouteNo="1" devices="vehroute_142 tripinfo_142" vType="Car" vaporized=""/>
    <tripinfo id="180" depart="180.00" departLane="-120245128#5_0" departPos="4.60" departSpeed="7.93" departDelay="0.00" arrival="302.00" arrivalLane="-5699230#0_0" arrivalPos="157.24" arrivalSpeed="13.89" duration="122.00" routeLength="1625.87" waitSteps="0" timeLoss="6.74" rerouteNo="0" devices="vehroute_180 tripinfo_180" vType="Car" vaporized=""/>
    <tripinfo id="144" depart="144.00" departLane="5699670#0_0" departPos="4.60" departSpeed="7.97" departDelay="0.00" arrival="303.00" arrivalLane="5697974#4_0" arrivalPos="220.85" arrivalSpeed="13.89" duration="159.00" routeLength="1965.08" waitSteps="1" timeLoss="34.79" rerouteNo="1" devices="vehroute_144 tripinfo_144" vType="Car" vaporized=""/>
    <tripinfo id="121" depart="121.00" departLane="5697769#0_0" departPos="4.60" departSpeed="6.97" departDelay="0.00" arrival="304.00" arrivalLane="5697974#4_0" arrivalPos="220.85" arrivalSpeed="13.89" duration="183.00" routeLength="2134.87" waitSteps="6" timeLoss="51.62" rerouteNo="1" devices="vehroute_121 tripinfo_121" vType="Car" vaporized=""/>
    <tripinfo id="123" depart="123.00" departLane="5697769#0_0" departPos="4.60" departSpeed="2.48" departDelay="0.00" arrival="307.00" arrivalLane="5697974#4_0" arrivalPos="220.85" arrivalSpeed="13.89" duration="184.00" routeLength="2134.87" waitSteps="3" timeLoss="52.31" rerouteNo="1" devices="vehroute_123 tripinfo_123" vType="Car" vaporized=""/>
    <tripinfo id="118" depart="118.00" departLane="5698789#0_0" departPos="4.60" departSpeed="5.34" departDelay="0.00" arrival="307.00" arrivalLane="5695597#3_0" arrivalPos="22.63" arrivalSpeed="10.57" duration="189.00" routeLength="2385.35" waitSteps="1" timeLoss="51.06" rerouteNo="0" devices="vehroute_118 tripinfo_118" vType="Car" vaporized=""/>
    <tripinfo id="108" depart="109.00" departLane="5699670#0_0" departPos="4.60" departSpeed="5.35" departDelay="1.00" arrival="308.00" arrivalLane="5697974#4_0" arrivalPos="220.85" arrivalSpeed="13.89" duration="199.00" routeLength="1627.48" waitSteps="45" timeLoss="90.36" rerouteNo="0" devices="vehroute_108 tripinfo_108" vType="Car" vaporized=""/>
    <tripinfo id="119" depart="120.00" departLane="5698789#0_0" departPos="4.60" departSpeed="1.64" departDelay="1.00" arrival="308.00" arrivalLane="5695597#3_0" arrivalPos="22.63" arrivalSpeed="10.03" duration="188.00" routeLength="2385.35" waitSteps="1" timeLoss="50.44" rerouteNo="0" devices="vehroute_119 tripinfo_119" vType="Car" vaporized=""/>
    <tripinfo id="174" depart="174.00" departLane="5698817#0_0" departPos="4.60" departSpeed="7.42" departDelay="0.00" arrival="309.00" arrivalLane="275037810#13_0" arrivalPos="87.93" arrivalSpeed="16.91" duration="135.00" routeLength="1939.54" waitSteps="7" timeLoss="27.33" rerouteNo="0" devices="vehroute_174 tripinfo_174" vType="Car" vaporized=""/>
    <tripinfo id="159" depart="159.00" departLane="5699670#0_0" departPos="4.60" departSpeed="1.96" departDelay="0.00" arrival="310.00" arrivalLane="5697974#4_0" arrivalPos="220.85" arrivalSpeed="13.89" duration="151.00" routeLength="1627.48" waitSteps="7" timeLoss="42.03" rerouteNo="0" devices="vehroute_159 tripinfo_159" vType="Car" vaporized=""/>
    <tripinfo id="155" depart="155.00" departLane="-223860152#7_0" departPos="4.60" departSpeed="12.94" departDelay="0.00" arrival="310.00" arrivalLane="5695597#3_0" arrivalPos="22.63" arrivalSpeed="10.27" duration="155.00" routeLength="2525.95" waitSteps="6" timeLoss="27.87" rerouteNo="0" devices="vehroute_155 tripinfo_155" vType="Car" vaporized=""/>
    <tripinfo id="129" depart="129.00" departLane="5697769#0_0" departPos="4.60" departSpeed="0.84" departDelay="0.00" arrival="312.00" arrivalLane="5697974#4_0" arrivalPos="220.85" arrivalSpeed="13.89" duration="183.00" routeLength="2134.87" waitSteps="4" timeLoss="50.98" rerouteNo="1" devices="vehroute_129 tripinfo_129" vType="Car" vaporized=""/>
    <tripinfo id="134" depart="134.00" departLane="5697769#0_0" departPos="4.60" departSpeed="2.84" departDelay="0.00" arrival="314.00" arrivalLane="5697974#4_0" arrivalPos="220.85" arrivalSpeed="13.89" duration="180.00" routeLength="2134.87" waitSteps="3" timeLoss="48.18" rerouteNo="1" devices="vehroute_134 tripinfo_134" vType="Car" vaporized=""/>
    <tripinfo id="135" depart="136.00" departLane="5697769#0_0" departPos="4.60" departSpeed="2.18" departDelay="1.00" arrival="316.00" arrivalLane="5697974#4_0" arrivalPos="220.85" arrivalSpeed="13.89" duration="180.00" routeLength="2134.87" waitSteps="5" timeLoss="48.27" rerouteNo="1" devices="vehroute_135 tripinfo_135" vType="Car" vaporized=""/>
    <tripinfo id="170" depart="170.00" departLane="-223860152#7_0" departPos="4.60" departSpeed="8.13" departDelay="0.00" arrival="316.00" arrivalLane="5695597#3_0" arrivalPos="22.63" arrivalSpeed="12.28" duration="146.00" routeLength="2525.95" waitSteps="0" timeLoss="18.52" rerouteNo="0" devices="vehroute_170 tripinfo_170" vType="Car" vaporized=""/>
    <tripinfo id="152" depart="152.00" departLane="120245127_0" departPos="4.60" departSpeed="7.16" departDelay="0.00" arrival="317.00" arrivalLane="274840501_0" arrivalPos="253.67" arrivalSpeed="13.89" duration="165.00" routeLength="1407.61" waitSteps="25" timeLoss="63.38" rerouteNo="0" devices="vehroute_152 tripinfo_152" vType="Car" vaporized=""/>
    <tripinfo id="150" depart="150.00" departLane="5698789#0_0" departPos="4.60" departSpeed="13.32" departDelay="0.00" arrival="318.00" arrivalLane="5695597#3_0" arrivalPos="22.63" arrivalSpeed="11.39" duration="168.00" routeLength="2385.35" waitSteps="0" timeLoss="30.15" rerouteNo="0" devices="vehroute_150 tripinfo_150" vType="Car" vaporized=""/>
    <tripinfo id="140" depart="141.00" departLane="5697974#0_0" departPos="4.60" departSpeed="0.14" departDelay="1.00" arrival="319.00" arrivalLane="5697974#4_0" arrivalPos="220.85" arrivalSpeed="13.89" duration="178.00" routeLength="1296.06" waitSteps="56" timeLoss="84.24" rerouteNo="0" devices="vehroute_140 tripinfo_140" vType="Car" vaporized=""/>
    <tripinfo id="166" depart="166.00" departLane="120245127_0" departPos="4.60" departSpeed="12.23" departDelay="0.00" arrival="319.00" arrivalLane="274840501_0" arrivalPos="253.67" arrivalSpeed="13.89" duration="153.00" routeLength="1407.61" waitSteps="21" timeLoss="51.37" rerouteNo="0" devices="vehroute_166 tripinfo_166" vType="Car" vaporized=""/>
    <tripinfo id="168" depart="168.00" departLane="120245127_0" departPos="4.60" departSpeed="4.15" departDelay="0.00" arrival="321.00" arrivalLane="274840501_0" arrivalPos="253.67" arrivalSpeed="13.89" duration="153.00" routeLength="1407.61" waitSteps="18" timeLoss="51.39" rerouteNo="0" devices="vehroute_168 tripinfo_168" vType="Car" vaporized=""/>
    <tripinfo id="163" depart="163.00" departLane="5699670#0_0" departPos="4.60" departSpeed="6.18" departDelay="0.00" arrival="323.00" arrivalLane="5697974#4_0" arrivalPos="220.85" arrivalSpeed="13.89" duration="160.00" routeLength="1627.48" waitSteps="15" timeLoss="51.41" rerouteNo="0" devices="vehroute_163 tripinfo_163" vType="Car" vaporized=""/>
    <tripinfo id="175" depart="175.00" departLane="120245128#0_0" departPos="4.60" departSpeed="20.34" departDelay="0.00" arrival="323.00" arrivalLane="274840501_0" arrivalPos="253.67" arrivalSpeed="13.89" duration="148.00" routeLength="1738.29" waitSteps="2" timeLoss="27.30" rerouteNo="1" devices="vehroute_175 tripinfo_175" vType="Car" vaporized=""/>
    <tripinfo id="171" depart="171.00" departLane="5699670#0_0" departPos="4.60" departSpeed="3.28" departDelay="0.00" arrival="325.00" arrivalLane="5697974#4_0" arrivalPos="220.85" arrivalSpeed="13.89" duration="154.00" routeLength="1627.48" waitSteps="8" timeLoss="45.20" rerouteNo="0" devices="vehroute_171 tripinfo_171" vType="Car" vaporized=""/>
    <tripinfo id="176" depart="176.00" departLane="120245128#0_0" departPos="4.60" departSpeed="17.99" departDelay="0.00" arrival="325.00" arrivalLane="274840501_0" arrivalPos="253.67" arrivalSpeed="13.89" duration="149.00" routeLength="1738.29" waitSteps="2" timeLoss="28.03" rerouteNo="1" devices="vehroute_176 tripinfo_176" vType="Car" vaporized=""/>
    <tripinfo id="177" depart="177.00" departLane="5698817#0_0" departPos="4.60" departSpeed="10.19" departDelay="0.00" arrival="325.00" arrivalLane="275037810#13_0" arrivalPos="87.93" arrivalSpeed="16.91" duration="148.00" routeLength="1939.54" waitSteps="16" timeLoss="40.32" rerouteNo="0" devices="vehroute_177 tripinfo_177" vType="Car" vaporized=""/>
    <tripinfo id="191" depart="191.00" departLane="-223860152#7_0" departPos="4.60" departSpeed="18.95" departDelay="0.00" arrival="325.00" arrivalLane="5695597#3_0" arrivalPos="22.63" arrivalSpeed="12.89" duration="134.00" routeLength="2525.95" waitSteps="0" timeLoss="6.29" rerouteNo="0" devices="vehroute_191 tripinfo_191" vType="Car" vaporized=""/>
    <tripinfo id="173" depart="173.00" departLane="5699670#0_0" departPos="4.60" departSpeed="3.33" departDelay="0.00" arrival="327.00" arrivalLane="5697974#4_0" arrivalPos="220.85" arrivalSpeed="13.89" duration="154.00" routeLength="1627.48" waitSteps="8" timeLoss="44.71" rerouteNo="0" devices="vehroute_173 tripinfo_173" vType="Car" vaporized=""/>
    <tripinfo id="187" depart="187.00" departLane="120245128#0_0" departPos="4.60" departSpeed="2.96" departDelay="0.00" arrival="328.00" arrivalLane="274840501_0" arrivalPos="253.67" arrivalSpeed="13.89" duration="141.00" routeLength="1738.29" waitSteps="0" timeLoss="20.68" rerouteNo="1" devices="vehroute_187 tripinfo_187" vType="Car" vaporized=""/>
    <tripinfo id="153" depart="153.00" departLane="5699670#0_0" departPos="4.60" departSpeed="3.79" departDelay="0.00" arrival="329.00" arrivalLane="5697974#4_0" arrivalPos="220.85" arrivalSpeed="13.89" duration="176.00" routeLength="1965.08" waitSteps="9" timeLoss="51.61" rerouteNo="1" devices="vehroute_153 tripinfo_153" vType="Car" vaporized=""/>
    <tripinfo id="179" depart="179.00" departLane="5698817#0_0" departPos="4.60" departSpeed="3.85" departDelay="0.00" arrival="329.00" arrivalLane="275037810#13_0" arrivalPos="87.93" arrivalSpeed="15.26" duration="150.00" routeLength="1939.54" waitSteps="14" timeLoss="42.46" rerouteNo="0" devices="vehroute_179 tripinfo_179" vType="Car" vaporized=""/>
    <tripinfo id="164" depart="164.00" departLane="5698789#0_0" departPos="4.60" departSpeed="9.67" departDelay="0.00" arrival="329.00" arrivalLane="5695597#3_0" arrivalPos="22.63" arrivalSpeed="9.86" duration="165.00" routeLength="2385.35" waitSteps="0" timeLoss="26.97" rerouteNo="0" devices="vehroute_164 tripinfo_164" vType="Car" vaporized=""/>
    <tripinfo id="192" depart="192.00" departLane="120245128#0_0" departPos="4.60" departSpeed="9.65" departDelay="0.00" arrival="330.00" arrivalLane="274840501_0" arrivalPos="253.67" arrivalSpeed="13.89" duration="138.00" routeLength="1738.29" waitSteps="0" timeLoss="17.27" rerouteNo="1" devices="vehroute_192 tripinfo_192" vType="Car" vaporized=""/>
    <tripinfo id="156" depart="156.00" departLane="5699670#0_0" departPos="4.60" departSpeed="0.82" departDelay="0.00" arrival="331.00" arrivalLane="5697974#4_0" arrivalPos="220.85" arrivalSpeed="13.89" duration="175.00" routeLength="1965.08" waitSteps="7" timeLoss="50.56" rerouteNo="1" devices="vehroute_156 tripinfo_156" vType="Car" vaporized=""/>
    <tripinfo id="184" depart="184.00" departLane="5698817#0_0" departPos="4.60" departSpeed="4.40" departDelay="0.00" arrival="331.00" arrivalLane="275037810#13_0" arrivalPos="87.93" arrivalSpeed="16.33" duration="147.00" routeLength="1939.54" waitSteps="12" timeLoss="39.01" rerouteNo="0" devices="vehroute_184 tripinfo_184" vType="Car" vaporized=""/>
    <tripinfo id="194" depart="194.00" departLane="-223860152#7_0" departPos="4.60" departSpeed="12.49" departDelay="0.00" arrival="332.00" arrivalLane="5695597#3_0" arrivalPos="22.63" arrivalSpeed="12.15" duration="138.00" routeLength="2525.95" waitSteps="0" timeLoss="10.73" rerouteNo="0" devices="vehroute_194 tripinfo_194" vType="Car" vaporized=""/>
    <tripinfo id="157" depart="157.00" departLane="5697769#0_0" departPos="4.60" departSpeed="6.84" departDelay="0.00" arrival="333.00" arrivalLane="5697974#4_0" arrivalPos="220.85" arrivalSpeed="13.89" duration="176.00" routeLength="2134.87" waitSteps="7" timeLoss="44.03" rerouteNo="1" devices="vehroute_157 tripinfo_157" vType="Car" vaporized=""/>
    <tripinfo id="161" depart="161.00" departLane="5697769#0_0" departPos="4.60" departSpeed="10.59" departDelay="0.00" arrival="335.00" arrivalLane="5697974#4_0" arrivalPos="220.85" arrivalSpeed="13.89" duration="174.00" routeLength="2134.87" waitSteps="6" timeLoss="42.14" rerouteNo="1" devices="vehroute_161 tripinfo_161" vType="Car" vaporized=""/>
    <tripinfo id="199" depart="199.00" departLane="-223860152#7_0" departPos="4.60" departSpeed="18.33" departDelay="0.00" arrival="336.00" arrivalLane="5695597#3_0" arrivalPos="22.63" arrivalSpeed="10.58" duration="137.00" routeLength="2525.95" waitSteps="0" timeLoss="9.43" rerouteNo="0" devices="vehroute_199 tripinfo_199" vType="Car" vaporized=""/>
    <tripinfo id="188" depart="188.00" departLane="5699670#0_0" departPos="4.60" departSpeed="1.88" departDelay="0.00" arrival="338.00" arrivalLane="5697974#4_0" arrivalPos="220.85" arrivalSpeed="13.89" duration="150.00" routeLength="1627.48" waitSteps="10" timeLoss="41.21" rerouteNo="0" devices="vehroute_188 tripinfo_188" vType="Car" vaporized=""/>
    <tripinfo id="182" depart="198.00" departLane="120245127_0" departPos="4.60" departSpeed="5.58" departDelay="16.00" arrival="339.00" arrivalLane="274840501_0" arrivalPos="253.67" arrivalSpeed="13.89" duration="141.00" routeLength="1407.61" waitSteps="3" timeLoss="39.42" rerouteNo="0" devices="vehroute_182 tripinfo_182" vType="Car" vaporized=""/>
    <tripinfo id="189" depart="190.00" departLane="5699670#0_0" departPos="4.60" departSpeed="0.27" departDelay="1.00" arrival="340.00" arrivalLane="5697974#4_0" arrivalPos="220.85" arrivalSpeed="13.89" duration="150.00" routeLength="1627.48" waitSteps="10" timeLoss="40.69" rerouteNo="0" devices="vehroute_189 tripinfo_189" vType="Car" vaporized=""/>
    <tripinfo id="183" depart="183.00" departLane="5697769#0_0" departPos="4.60" departSpeed="1.14" departDelay="0.00" arrival="341.00" arrivalLane="5697974#4_0" arrivalPos="220.85" arrivalSpeed="13.89" duration="158.00" routeLength="2134.87" waitSteps="0" timeLoss="26.68" rerouteNo="1" devices="vehroute_183 tripinfo_183" vType="Car" vaporized=""/>
    <tripinfo id="198" depart="199.00" departLane="120245127_0" departPos="4.60" departSpeed="1.67" departDelay="1.00" arrival="341.00" arrivalLane="274840501_0" arrivalPos="253.67" arrivalSpeed="13.89" duration="142.00" routeLength="1407.61" waitSteps="1" timeLoss="39.90" rerouteNo="0" devices="vehroute_198 tripinfo_198" vType="Car" vaporized=""/>
    <tripinfo id="196" depart="196.00" departLane="5698817#0_0" departPos="4.60" departSpeed="8.72" departDelay="0.00" arrival="343.00" arrivalLane="275037810#13_0" arrivalPos="87.93" arrivalSpeed="16.91" duration="147.00" routeLength="1939.54" waitSteps="14" timeLoss="39.32" rerouteNo="0" devices="vehroute_196 tripinfo_196" vType="Car" vaporized=""/>
    <tripinfo id="197" depart="197.00" departLane="5697769#0_0" departPos="4.60" departSpeed="3.99" departDelay="0.00" arrival="354.00" arrivalLane="5697974#4_0" arrivalPos="220.85" arrivalSpeed="13.89" duration="157.00" routeLength="2134.87" waitSteps="0" timeLoss="25.68" rerouteNo="1" devices="vehroute_197 tripinfo_197" vType="Car" vaporized=""/>
    <tripinfo id="181" depart="181.00" departLane="5698789#0_0" departPos="4.60" departSpeed="12.10" departDelay="0.00" arrival="356.00" arrivalLane="5695597#3_0" arrivalPos="22.63" arrivalSpeed="12.01" duration="175.00" routeLength="2385.35" waitSteps="3" timeLoss="37.21" rerouteNo="0" devices="vehroute_181 tripinfo_181" vType="Car" vaporized=""/>
    <tripinfo id="154" depart="154.00" departLane="5697974#0_0" departPos="4.60" departSpeed="3.82" departDelay="0.00" arrival="360.00" arrivalLane="5697974#4_0" arrivalPos="220.85" arrivalSpeed="13.89" duration="206.00" routeLength="1296.06" waitSteps="91" timeLoss="112.23" rerouteNo="0" devices="vehroute_154 tripinfo_154" vType="Car" vaporized=""/>
    <tripinfo id="185" depart="185.00" departLane="5698789#0_0" departPos="4.60" departSpeed="2.21" departDelay="0.00" arrival="360.00" arrivalLane="5695597#3_0" arrivalPos="22.63" arrivalSpeed="10.51" duration="175.00" routeLength="2385.35" waitSteps="0" timeLoss="36.88" rerouteNo="0" devices="vehroute_185 tripinfo_185" vType="Car" vaporized=""/>
    <tripinfo id="186" depart="187.00" departLane="5698789#0_0" departPos="4.60" departSpeed="0.92" departDelay="1.00" arrival="361.00" arrivalLane="5695597#3_0" arrivalPos="22.63" arrivalSpeed="10.76" duration="174.00" routeLength="2385.35" waitSteps="0" timeLoss="36.49" rerouteNo="0" devices="vehroute_186 tripinfo_186" vType="Car" vaporized=""/>
    <tripinfo id="160" depart="160.00" departLane="5697974#0_0" departPos="4.60" departSpeed="6.55" departDelay="0.00" arrival="362.00" arrivalLane="5697974#4_0" arrivalPos="220.85" arrivalSpeed="13.89" duration="202.00" routeLength="1296.06" waitSteps="87" timeLoss="108.58" rerouteNo="0" devices="vehroute_160 tripinfo_160" vType="Car" vaporized=""/>
    <tripinfo id="190" depart="191.00" departLane="5698789#0_0" departPos="4.60" departSpeed="0.57" departDelay="1.00" arrival="363.00" arrivalLane="5695597#3_0" arrivalPos="22.63" arrivalSpeed="12.38" duration="172.00" routeLength="2385.35" waitSteps="0" timeLoss="33.98" rerouteNo="0" devices="vehroute_190 tripinfo_190" vType="Car" vaporized=""/>
    <tripinfo id="167" depart="167.00" departLane="5697974#0_0" departPos="4.60" departSpeed="1.38" departDelay="0.00" arrival="365.00" arrivalLane="5697974#4_0" arrivalPos="220.85" arrivalSpeed="13.89" duration="198.00" routeLength="1296.06" waitSteps="77" timeLoss="103.78" rerouteNo="0" devices="vehroute_167 tripinfo_167" vType="Car" vaporized=""/>
    <tripinfo id="193" depart="194.00" departLane="5698789#0_0" departPos="4.60" departSpeed="1.21" departDelay="1.00" arrival="365.00" arrivalLane="5695597#3_0" arrivalPos="22.63" arrivalSpeed="12.58" duration="171.00" routeLength="2385.35" waitSteps="0" timeLoss="33.14" rerouteNo="0" devices="vehroute_193 tripinfo_193" vType="Car" vaporized=""/>
    <tripinfo id="172" depart="172.00" departLane="5697974#0_0" departPos="4.60" departSpeed="3.24" departDelay="0.00" arrival="366.00" arrivalLane="5697974#4_0" arrivalPos="220.85" arrivalSpeed="13.89" duration="194.00" routeLength="1296.06" waitSteps="76" timeLoss="100.45" rerouteNo="0" devices="vehroute_172 tripinfo_172" vType="Car" vaporized=""/>
    <tripinfo id="195" depart="197.00" departLane="5698789#0_0" departPos="4.60" departSpeed="0.14" departDelay="2.00" arrival="367.00" arrivalLane="5695597#3_0" arrivalPos="22.63" arrivalSpeed="12.69" duration="170.00" routeLength="2385.35" waitSteps="0" timeLoss="31.95" rerouteNo="0" devices="vehroute_195 tripinfo_195" vType="Car" vaporized=""/>
</tripinfos>
