<?xml version="1.0" encoding="UTF-8"?>

<!-- generated on Sun Aug 23 16:16:54 2015 by SUMO netconvert Version 0.21.0
<?xml version="1.0" encoding="UTF-8"?>

<configuration xmlns:xsi="http://www.w3.org/2001/XMLSchema-instance" xsi:noNamespaceSchemaLocation="http://sumo-sim.org/xsd/netconvertConfiguration.xsd">

    <input>
        <node-files value="./hello.nod.xml"/>
        <edge-files value="./hello.edg.xml"/>
    </input>

    <output>   
        <output-file value="net.net.xml"/>
    </output>

</configuration>
-->

<net version="0.13" xmlns:xsi="http://www.w3.org/2001/XMLSchema-instance" xsi:noNamespaceSchemaLocation="http://sumo-sim.org/xsd/net_file.xsd">

    <location netOffset="250.00,150.00" convBoundary="0.00,0.00,750.00,150.00" origBoundary="-250.00,-150.00,500.00,0.00" projParameter="!"/>

    <edge id=":2_0" function="internal">
        <lane id=":2_0_0" index="0" speed="13.90" length="7.19" shape="347.15,148.35 348.34,148.11 349.72,147.40 351.31,146.22 353.11,144.56"/>
    </edge>
    <edge id=":2_1" function="internal">
        <lane id=":2_1_0" index="0" speed="13.90" length="7.53" shape="347.15,148.35 354.68,148.35"/>
    </edge>

    <edge id="1to2" from="1" to="2" priority="-1">
        <lane id="1to2_0" index="0" speed="13.90" length="347.15" shape="0.00,148.35 347.15,148.35"/>
    </edge>
    <edge id="2to3" from="2" to="3" priority="-1">
        <lane id="2to3_0" index="0" speed="13.90" length="395.32" shape="354.68,148.35 750.00,148.35"/>
    </edge>
    <edge id="2to4" from="2" to="4" priority="-1">
        <lane id="2to4_0" index="0" speed="13.90" length="206.09" shape="353.11,144.56 498.83,-1.17"/>
    </edge>

    <junction id="1" type="unregulated" x="0.00" y="150.00" incLanes="" intLanes="" shape="-0.00,149.95 -0.00,146.75"/>
    <junction id="2" type="priority" x="350.00" y="150.00" incLanes="1to2_0" intLanes=":2_0_0 :2_1_0" shape="354.68,149.95 354.68,146.75 354.24,145.69 351.98,143.43 347.15,146.75 347.15,149.95">
        <request index="0" response="00" foes="00" cont="0"/>
        <request index="1" response="00" foes="00" cont="0"/>
    </junction>
    <junction id="3" type="unregulated" x="750.00" y="150.00" incLanes="2to3_0" intLanes="" shape="750.00,146.75 750.00,149.95"/>
    <junction id="4" type="unregulated" x="500.00" y="0.00" incLanes="2to4_0" intLanes="" shape="497.70,-2.30 499.96,-0.04"/>

    <connection from="1to2" to="2to4" fromLane="0" toLane="0" via=":2_0_0" dir="r" state="M"/>
    <connection from="1to2" to="2to3" fromLane="0" toLane="0" via=":2_1_0" dir="s" state="M"/>

    <connection from=":2_0" to="2to4" fromLane="0" toLane="0" dir="s" state="M"/>
    <connection from=":2_1" to="2to3" fromLane="0" toLane="0" dir="s" state="M"/>

</net>
