<routes>
  	<vType accel="1.0" decel="5.0" id="Car" length="4.5" minGap="2.0" maxSpeed="50.0" sigma="0" />

    <route id="route0" edges="1to2 2to3" />
  	<route id="route1" edges="1to2 2to4" />

    <vehicle id="0" type="Car" route="route1" depart="15" />
    <vehicle id="1" type="Car" route="route0" depart="17" />
    <vehicle id="2" type="Car" route="route0" depart="18" />
    <vehicle id="3" type="Car" route="route1" depart="19" />
    <vehicle id="4" type="Car" route="route0" depart="20" />
    <vehicle id="5" type="Car" route="route0" depart="21" />
    <vehicle id="6" type="Car" route="route0" depart="22"/>
    <vehicle id="7" type="Car" route="route0" depart="23" />
    <vehicle id="8" type="Car" route="route0" depart="24"/>
    <vehicle id="9" type="Car" route="route1" depart="25" />
    <vehicle id="10" type="Car" route="route1" depart="26"/>
    <vehicle id="11" type="Car" route="route1" depart="27"/>
    <vehicle id="12" type="Car" route="route0" depart="28" />
    <vehicle id="13" type="Car" route="route0" depart="29" />
    <vehicle id="14" type="Car" route="route0" depart="32" />
    <vehicle id="15" type="Car" route="route1" depart="35" />
    <vehicle id="16" type="Car" route="route0" depart="37" />
    <vehicle id="17" type="Car" route="route1" depart="40" />
    <vehicle id="18" type="Car" route="route0" depart="51" />
    <vehicle id="19" type="Car" route="route0" depart="53" />
    <vehicle id="20" type="Car" route="route0" depart="55" departSpeed="random"/>
    <vehicle id="21" type="Car" route="route0" depart="61" departSpeed="random"/>
    <vehicle id="22" type="Car" route="route0" depart="66" departSpeed="random"/>
    <vehicle id="23" type="Car" route="route1" depart="72" departSpeed="random"/>
    <vehicle id="24" type="Car" route="route0" depart="75" departSpeed="random"/>
    <vehicle id="25" type="Car" route="route1" depart="75" departSpeed="random"/>
    <vehicle id="26" type="Car" route="route0" depart="76" departSpeed="random"/>
    <vehicle id="27" type="Car" route="route1" depart="83" departSpeed="random"/>
    <vehicle id="28" type="Car" route="route0" depart="85" departSpeed="random"/>
    <vehicle id="29" type="Car" route="route0" depart="91" departSpeed="random"/>
    <vehicle id="30" type="Car" route="route0" depart="94" departSpeed="random"/>
    <vehicle id="31" type="Car" route="route0" depart="100" departSpeed="random"/>
    <vehicle id="32" type="Car" route="route0" depart="102" departSpeed="random"/>
    <vehicle id="33" type="Car" route="route1" depart="102" departSpeed="random"/>
    <vehicle id="34" type="Car" route="route0" depart="104" departSpeed="random"/>
    <vehicle id="35" type="Car" route="route0" depart="106" departSpeed="random"/>
    <vehicle id="36" type="Car" route="route1" depart="111" departSpeed="random"/>
    <vehicle id="37" type="Car" route="route0" depart="122" departSpeed="random"/>
    <vehicle id="38" type="Car" route="route0" depart="127" departSpeed="random"/>
    <vehicle id="39" type="Car" route="route1" depart="127" departSpeed="random"/>
    <vehicle id="40" type="Car" route="route0" depart="128" departSpeed="random"/>
    <vehicle id="41" type="Car" route="route0" depart="141" departSpeed="random"/>
    <vehicle id="42" type="Car" route="route1" depart="142" departSpeed="random"/>
    <vehicle id="44" type="Car" route="route1" depart="143" departSpeed="random"/>
    <vehicle id="45" type="Car" route="route0" depart="145" departSpeed="random"/>
    <vehicle id="46" type="Car" route="route0" depart="146" departSpeed="random"/>
    <vehicle id="47" type="Car" route="route1" depart="148" departSpeed="random"/>
    <vehicle id="48" type="Car" route="route0" depart="151" departSpeed="random"/>
    <vehicle id="49" type="Car" route="route1" depart="151" departSpeed="random"/>
    <vehicle id="50" type="Car" route="route0" depart="161" departSpeed="random"/>
    <vehicle id="51" type="Car" route="route0" depart="167" departSpeed="random"/>
    <vehicle id="52" type="Car" route="route0" depart="171" departSpeed="random"/>
    <vehicle id="53" type="Car" route="route1" depart="171" departSpeed="random"/>
    <vehicle id="54" type="Car" route="route0" depart="172" departSpeed="random"/>
    <vehicle id="55" type="Car" route="route1" depart="173" departSpeed="random"/>
    <vehicle id="56" type="Car" route="route0" depart="177" departSpeed="random"/>
    <vehicle id="57" type="Car" route="route1" depart="180" departSpeed="random"/>
    <vehicle id="58" type="Car" route="route1" depart="185" departSpeed="random"/>
    <vehicle id="59" type="Car" route="route0" depart="186" departSpeed="random"/>
    <vehicle id="60" type="Car" route="route0" depart="188" departSpeed="random"/>
    <vehicle id="61" type="Car" route="route0" depart="190" departSpeed="random"/>
    <vehicle id="62" type="Car" route="route1" depart="194" departSpeed="random"/>
    <vehicle id="63" type="Car" route="route0" depart="200" departSpeed="random"/>
    <vehicle id="64" type="Car" route="route0" depart="201" departSpeed="random"/>
    <vehicle id="65" type="Car" route="route0" depart="202" departSpeed="random"/>
    <vehicle id="66" type="Car" route="route0" depart="205" departSpeed="random"/>
    <vehicle id="67" type="Car" route="route0" depart="206" departSpeed="random"/>
    <vehicle id="68" type="Car" route="route1" depart="207" departSpeed="random"/>
    <vehicle id="69" type="Car" route="route0" depart="210" departSpeed="random"/>
    <vehicle id="70" type="Car" route="route0" depart="212" departSpeed="random"/>
    <vehicle id="71" type="Car" route="route0" depart="218" departSpeed="random"/>
    <vehicle id="72" type="Car" route="route0" depart="223" departSpeed="random"/>
    <vehicle id="73" type="Car" route="route1" depart="225" departSpeed="random"/>
    <vehicle id="74" type="Car" route="route0" depart="226" departSpeed="random"/>
    <vehicle id="75" type="Car" route="route0" depart="237" departSpeed="random"/>
    <vehicle id="76" type="Car" route="route1" depart="237" departSpeed="random"/>
    <vehicle id="77" type="Car" route="route0" depart="239" departSpeed="random"/>
    <vehicle id="78" type="Car" route="route0" depart="242" departSpeed="random"/>
    <vehicle id="79" type="Car" route="route0" depart="244" departSpeed="random"/>
    <vehicle id="80" type="Car" route="route0" depart="247" departSpeed="random"/>
    <vehicle id="81" type="Car" route="route0" depart="249" departSpeed="random"/>
    <vehicle id="82" type="Car" route="route0" depart="251" departSpeed="random"/>
    <vehicle id="83" type="Car" route="route0" depart="252" departSpeed="random"/>
    <vehicle id="84" type="Car" route="route0" depart="255" departSpeed="random"/>
    <vehicle id="85" type="Car" route="route1" depart="260" departSpeed="random"/>
    <vehicle id="86" type="Car" route="route0" depart="261" departSpeed="random"/>
    <vehicle id="87" type="Car" route="route0" depart="274" departSpeed="random"/>
    <vehicle id="88" type="Car" route="route0" depart="277" departSpeed="random"/>
    <vehicle id="89" type="Car" route="route0" depart="285" departSpeed="random"/>
    <vehicle id="90" type="Car" route="route0" depart="295" departSpeed="random"/>
    <vehicle id="91" type="Car" route="route0" depart="300" departSpeed="random"/>
    <vehicle id="92" type="Car" route="route0" depart="301" departSpeed="random"/>
    <vehicle id="93" type="Car" route="route0" depart="303" departSpeed="random"/>
    <vehicle id="94" type="Car" route="route0" depart="304" departSpeed="random"/>
    <vehicle id="95" type="Car" route="route0" depart="311" departSpeed="random"/>
    <vehicle id="96" type="Car" route="route0" depart="312" departSpeed="random"/>
    <vehicle id="97" type="Car" route="route1" depart="317" departSpeed="random"/>
    <vehicle id="98" type="Car" route="route0" depart="319" departSpeed="random"/>
    <vehicle id="99" type="Car" route="route1" depart="322" departSpeed="random"/>
    <vehicle id="100" type="Car" route="route0" depart="324" departSpeed="random"/>
</routes>
