<?xml version="1.0" encoding="UTF-8"?>

<!-- generated on 10/27/16 18:24:01 by SUMO netconvert Version 0.27.0
<?xml version="1.0" encoding="UTF-8"?>

<configuration xmlns:xsi="http://www.w3.org/2001/XMLSchema-instance" xsi:noNamespaceSchemaLocation="http://sumo.dlr.de/xsd/netconvertConfiguration.xsd">

    <input>
        <osm-files value="C:\Users\jychen\Desktop\map.osm"/>
    </input>

    <output>
        <output-file value="C:\Users\jychen\Desktop\map.net.xml"/>
    </output>

    <projection>
        <proj.utm value="true"/>
    </projection>

</configuration>
-->

<net version="0.27" xmlns:xsi="http://www.w3.org/2001/XMLSchema-instance" xsi:noNamespaceSchemaLocation="http://sumo.dlr.de/xsd/net_file.xsd">

    <location netOffset="-207251.05,-2467202.33" convBoundary="0.00,0.00,297.35,133.73" origBoundary="114.158945,22.285729,114.161847,22.286889" projParameter="+proj=utm +zone=50 +ellps=WGS84 +datum=WGS84 +units=m +no_defs"/>

    <type id="highway.bridleway" priority="1" numLanes="1" speed="2.78" allow="pedestrian" oneway="1" width="2.00"/>
    <type id="highway.bus_guideway" priority="1" numLanes="1" speed="8.33" allow="bus" oneway="1"/>
    <type id="highway.cycleway" priority="1" numLanes="1" speed="5.56" allow="bicycle" oneway="0" width="1.00"/>
    <type id="highway.footway" priority="1" numLanes="1" speed="2.78" allow="pedestrian" oneway="1" width="2.00"/>
    <type id="highway.ford" priority="1" numLanes="1" speed="2.78" allow="army" oneway="0"/>
    <type id="highway.living_street" priority="3" numLanes="1" speed="2.78" disallow="tram rail_urban rail rail_electric ship" oneway="0"/>
    <type id="highway.motorway" priority="13" numLanes="2" speed="44.44" allow="private emergency authority army vip passenger hov taxi bus coach delivery truck trailer motorcycle evehicle custom1 custom2" oneway="1"/>
    <type id="highway.motorway_link" priority="12" numLanes="1" speed="22.22" allow="private emergency authority army vip passenger hov taxi bus coach delivery truck trailer motorcycle evehicle custom1 custom2" oneway="1"/>
    <type id="highway.path" priority="1" numLanes="1" speed="2.78" allow="bicycle pedestrian" oneway="1" width="2.00"/>
    <type id="highway.pedestrian" priority="1" numLanes="1" speed="2.78" allow="pedestrian" oneway="1" width="2.00"/>
    <type id="highway.primary" priority="9" numLanes="2" speed="27.78" disallow="tram rail_urban rail rail_electric ship" oneway="0"/>
    <type id="highway.primary_link" priority="8" numLanes="1" speed="22.22" disallow="tram rail_urban rail rail_electric ship" oneway="0"/>
    <type id="highway.raceway" priority="14" numLanes="2" speed="83.33" allow="vip" oneway="0"/>
    <type id="highway.residential" priority="4" numLanes="1" speed="13.89" disallow="tram rail_urban rail rail_electric ship" oneway="0"/>
    <type id="highway.secondary" priority="7" numLanes="2" speed="27.78" disallow="tram rail_urban rail rail_electric ship" oneway="0"/>
    <type id="highway.secondary_link" priority="6" numLanes="1" speed="22.22" disallow="tram rail_urban rail rail_electric ship" oneway="0"/>
    <type id="highway.service" priority="2" numLanes="1" speed="5.56" allow="delivery bicycle pedestrian" oneway="0"/>
    <type id="highway.services" priority="1" numLanes="1" speed="8.33" disallow="tram rail_urban rail rail_electric ship" oneway="0"/>
    <type id="highway.stairs" priority="1" numLanes="1" speed="1.39" allow="pedestrian" oneway="1" width="2.00"/>
    <type id="highway.step" priority="1" numLanes="1" speed="1.39" allow="pedestrian" oneway="1" width="2.00"/>
    <type id="highway.steps" priority="1" numLanes="1" speed="1.39" allow="pedestrian" oneway="1" width="2.00"/>
    <type id="highway.tertiary" priority="6" numLanes="1" speed="22.22" disallow="tram rail_urban rail rail_electric ship" oneway="0"/>
    <type id="highway.tertiary_link" priority="5" numLanes="1" speed="22.22" disallow="tram rail_urban rail rail_electric ship" oneway="0"/>
    <type id="highway.track" priority="1" numLanes="1" speed="5.56" disallow="tram rail_urban rail rail_electric ship" oneway="0"/>
    <type id="highway.trunk" priority="11" numLanes="2" speed="27.78" disallow="tram rail_urban rail rail_electric bicycle pedestrian ship" oneway="0"/>
    <type id="highway.trunk_link" priority="10" numLanes="1" speed="22.22" disallow="tram rail_urban rail rail_electric bicycle pedestrian ship" oneway="0"/>
    <type id="highway.unclassified" priority="5" numLanes="1" speed="13.89" disallow="tram rail_urban rail rail_electric ship" oneway="0"/>
    <type id="highway.unsurfaced" priority="1" numLanes="1" speed="8.33" disallow="tram rail_urban rail rail_electric ship" oneway="0"/>
    <type id="railway.light_rail" priority="15" numLanes="1" speed="27.78" allow="rail_urban" oneway="1"/>
    <type id="railway.preserved" priority="15" numLanes="1" speed="27.78" allow="rail" oneway="1"/>
    <type id="railway.rail" priority="15" numLanes="1" speed="83.33" allow="rail rail_electric" oneway="1"/>
    <type id="railway.subway" priority="15" numLanes="1" speed="27.78" allow="rail_urban" oneway="1"/>
    <type id="railway.tram" priority="15" numLanes="1" speed="13.89" allow="tram" oneway="1"/>

    <edge id=":-10_0" function="internal">
        <lane id=":-10_0_0" index="0" disallow="tram rail_urban rail rail_electric ship" speed="22.22" length="2.48" shape="125.35,90.74 126.21,90.39 126.49,90.19 126.18,90.13 125.29,90.22"/>
    </edge>
    <edge id=":-10_1" function="internal">
        <lane id=":-10_1_0" index="0" disallow="tram rail_urban rail rail_electric ship" speed="22.22" length="3.38" shape="125.35,90.74 128.53,89.57"/>
    </edge>
    <edge id=":-12_0" function="internal">
        <lane id=":-12_0_0" index="0" disallow="tram rail_urban rail rail_electric ship" speed="22.22" length="5.40" shape="58.03,99.52 52.70,98.67"/>
    </edge>
    <edge id=":-12_1" function="internal">
        <lane id=":-12_1_0" index="0" disallow="tram rail_urban rail rail_electric ship" speed="22.22" length="5.06" shape="57.04,96.07 52.70,98.67"/>
    </edge>
    <edge id=":-26602_0" function="internal">
        <lane id=":-26602_0_0" index="0" disallow="tram rail_urban rail rail_electric ship" speed="22.22" length="5.74" shape="231.49,27.12 226.01,25.43"/>
    </edge>
    <edge id=":-26602_1" function="internal">
        <lane id=":-26602_1_0" index="0" disallow="tram rail_urban rail rail_electric ship" speed="22.22" length="5.00" shape="230.67,23.63 226.01,25.43"/>
    </edge>
    <edge id=":2414714348_0" function="internal">
        <lane id=":2414714348_0_0" index="0" disallow="tram rail_urban rail rail_electric ship" speed="22.22" length="0.66" shape="174.15,45.41 173.54,45.17"/>
    </edge>
    <edge id=":274240804_0" function="internal">
        <lane id=":274240804_0_0" index="0" disallow="tram rail_urban rail rail_electric ship" speed="22.22" length="0.74" shape="156.06,46.12 155.42,46.50"/>
    </edge>
    <edge id=":274240805_0" function="internal">
        <lane id=":274240805_0_0" index="0" disallow="tram rail_urban rail rail_electric ship" speed="22.22" length="6.32" shape="151.15,77.33 156.31,80.98"/>
    </edge>
    <edge id=":274240805_1" function="internal">
        <lane id=":274240805_1_0" index="0" disallow="tram rail_urban rail rail_electric ship" speed="22.22" length="3.50" shape="150.38,81.54 153.86,81.21"/>
    </edge>
    <edge id=":274240805_2" function="internal">
        <lane id=":274240805_2_0" index="0" speed="22.22" length="2.45" shape="153.86,81.21 156.31,80.98"/>
    </edge>
    <edge id=":274240806_0" function="internal">
        <lane id=":274240806_0_0" index="0" disallow="tram rail_urban rail rail_electric ship" speed="22.22" length="5.06" shape="178.27,79.56 181.68,75.82"/>
    </edge>
    <edge id=":274240806_1" function="internal">
        <lane id=":274240806_1_0" index="0" disallow="tram rail_urban rail rail_electric ship" speed="22.22" length="5.10" shape="178.27,79.56 183.37,79.43"/>
    </edge>
    <edge id=":274240807_0" function="internal">
        <lane id=":274240807_0_0" index="0" disallow="tram rail_urban rail rail_electric ship" speed="22.22" length="5.81" shape="184.65,69.76 185.67,64.04"/>
    </edge>
    <edge id=":274240807_1" function="internal">
        <lane id=":274240807_1_0" index="0" disallow="tram rail_urban rail rail_electric ship" speed="22.22" length="5.60" shape="184.65,69.76 185.28,68.81 186.24,67.98 187.53,67.27 189.14,66.66"/>
    </edge>
    <edge id=":274240809_0" function="internal">
        <lane id=":274240809_0_0" index="0" disallow="tram rail_urban rail rail_electric ship" speed="22.22" length="5.54" shape="181.40,51.71 177.59,47.69"/>
    </edge>
    <edge id=":274240809_1" function="internal">
        <lane id=":274240809_1_0" index="0" disallow="tram rail_urban rail rail_electric ship" speed="22.22" length="2.22" shape="182.35,47.43 181.06,48.07 180.30,48.23"/>
    </edge>
    <edge id=":274240809_2" function="internal">
        <lane id=":274240809_2_0" index="0" speed="22.22" length="2.84" shape="180.30,48.23 179.84,48.32 178.68,48.20 177.59,47.69"/>
    </edge>
    <edge id=":293398084_0" function="internal">
        <lane id=":293398084_0_0" index="0" disallow="tram rail_urban rail rail_electric ship" speed="22.22" length="2.72" shape="292.23,22.15 293.14,21.68 293.44,21.37 293.12,21.24 292.19,21.27"/>
    </edge>
    <edge id=":293398084_1" function="internal">
        <lane id=":293398084_1_0" index="0" disallow="tram rail_urban rail rail_electric ship" speed="22.22" length="4.47" shape="292.23,22.15 295.66,19.27"/>
    </edge>
    <edge id=":293398085_0" function="internal">
        <lane id=":293398085_0_0" index="0" disallow="tram rail_urban rail rail_electric ship" speed="22.22" length="0.67" shape="293.44,4.61 292.92,4.18"/>
    </edge>
    <edge id=":566137681_0" function="internal">
        <lane id=":566137681_0_0" index="0" disallow="tram rail_urban rail rail_electric ship" speed="22.22" length="1.06" shape="69.52,112.77 68.51,112.44"/>
    </edge>
    <edge id=":566137681_2" function="internal">
        <lane id=":566137681_2_0" index="0" speed="22.22" length="3.81" shape="68.51,112.44 68.09,112.30 67.47,111.61 67.65,110.69 68.64,109.56"/>
    </edge>
    <edge id=":566137681_1" function="internal">
        <lane id=":566137681_1_0" index="0" disallow="tram rail_urban rail rail_electric ship" speed="22.22" length="2.82" shape="66.97,111.84 68.64,109.56"/>
    </edge>
    <edge id=":566138268_0" function="internal">
        <lane id=":566138268_0_0" index="0" disallow="tram rail_urban rail rail_electric ship" speed="22.22" length="0.10" shape="79.60,85.91 79.61,85.90"/>
    </edge>
    <edge id=":566138368_0" function="internal">
        <lane id=":566138368_0_0" index="0" disallow="tram rail_urban rail rail_electric ship" speed="22.22" length="0.10" shape="89.94,103.75 89.94,103.75"/>
    </edge>
    <edge id=":566138402_0" function="internal">
        <lane id=":566138402_0_0" index="0" disallow="tram rail_urban rail rail_electric ship" speed="22.22" length="7.33" shape="149.98,51.73 146.56,58.21"/>
    </edge>
    <edge id=":566138402_1" function="internal">
        <lane id=":566138402_1_0" index="0" disallow="tram rail_urban rail rail_electric ship" speed="22.22" length="7.38" shape="149.98,51.73 143.59,55.42"/>
    </edge>

    <edge id="-26591" from="-10" to="-12" priority="6" type="highway.tertiary" spreadType="center">
        <lane id="-26591_0" index="0" disallow="tram rail_urban rail rail_electric ship" speed="22.22" length="67.90" shape="125.29,90.22 58.03,99.52"/>
    </edge>
    <edge id="-26603" from="293398084" to="-26602" priority="6" type="highway.tertiary" spreadType="center">
        <lane id="-26603_0" index="0" disallow="tram rail_urban rail rail_electric ship" speed="22.22" length="60.98" shape="292.19,21.27 231.49,27.12"/>
    </edge>
    <edge id="-26806" from="274240806" to="566137681" priority="6" type="highway.tertiary" spreadType="center" shape="177.12,80.14 188.93,78.80 194.33,80.43 198.44,83.09 200.57,88.39 200.10,94.17 198.30,98.82 194.89,102.35 190.71,104.16 185.94,105.26 182.02,105.05 177.93,103.54 174.22,99.28 172.66,93.53 169.56,90.71 164.33,90.66 68.51,113.01">
        <lane id="-26806_0" index="0" disallow="tram rail_urban rail rail_electric ship" speed="22.22" length="173.66" shape="183.37,79.43 188.93,78.80 194.33,80.43 198.44,83.09 200.57,88.39 200.10,94.17 198.30,98.82 194.89,102.35 190.71,104.16 185.94,105.26 182.02,105.05 177.93,103.54 174.22,99.28 172.66,93.53 169.56,90.71 164.33,90.66 69.52,112.77"/>
    </edge>
    <edge id="107039672#0" from="566138268" to="-12" priority="6" type="highway.tertiary" spreadType="center">
        <lane id="107039672#0_0" index="0" disallow="tram rail_urban rail rail_electric ship" speed="22.22" length="24.75" shape="79.61,85.90 57.04,96.07"/>
    </edge>
    <edge id="107039672#1" from="-12" to="566137634" priority="6" type="highway.tertiary" spreadType="center">
        <lane id="107039672#1_0" index="0" disallow="tram rail_urban rail rail_electric ship" speed="22.22" length="56.01" shape="52.70,98.67 0.00,117.63"/>
    </edge>
    <edge id="245422161" from="2414714348" to="274240804" priority="6" type="highway.tertiary" spreadType="center" shape="173.87,45.23 164.31,43.59 155.70,46.24">
        <lane id="245422161_0" index="0" disallow="tram rail_urban rail rail_electric ship" speed="22.22" length="17.99" shape="173.54,45.17 164.31,43.59 156.06,46.12"/>
    </edge>
    <edge id="245422163" from="274240807" to="274240809" priority="6" type="highway.tertiary" spreadType="center" shape="185.59,67.76 185.74,60.79 184.80,56.97 179.70,49.09">
        <lane id="245422163_0" index="0" disallow="tram rail_urban rail rail_electric ship" speed="22.22" length="13.45" shape="185.67,64.04 185.74,60.79 184.80,56.97 181.40,51.71"/>
    </edge>
    <edge id="246516465" from="566137617" to="566137681" priority="6" type="highway.tertiary" spreadType="center">
        <lane id="246516465_0" index="0" disallow="tram rail_urban rail rail_electric ship" speed="22.22" length="63.11" shape="7.78,133.73 66.97,111.84"/>
    </edge>
    <edge id="248047556" from="566137681" to="566138368" priority="6" type="highway.tertiary" spreadType="center" shape="67.61,109.84 89.94,103.75">
        <lane id="248047556_0" index="0" disallow="tram rail_urban rail rail_electric ship" speed="22.22" length="22.08" shape="68.64,109.56 89.94,103.75"/>
    </edge>
    <edge id="248047672" from="274240805" to="274240806" priority="6" type="highway.tertiary" spreadType="center" shape="154.34,80.09 160.72,82.98 165.85,83.63 172.73,82.39 177.12,80.14">
        <lane id="248047672_0" index="0" disallow="tram rail_urban rail rail_electric ship" speed="22.22" length="23.23" shape="156.31,80.98 160.72,82.98 165.85,83.63 172.73,82.39 178.27,79.56"/>
    </edge>
    <edge id="25156721" from="566138402" to="274240805" priority="6" type="highway.tertiary" spreadType="center" shape="148.66,53.01 146.05,59.46 145.63,64.05 147.16,71.28 150.94,77.15 154.34,80.09">
        <lane id="25156721_0" index="0" disallow="tram rail_urban rail rail_electric ship" speed="22.22" length="20.61" shape="146.56,58.21 146.05,59.46 145.63,64.05 147.16,71.28 150.94,77.15 151.15,77.33"/>
    </edge>
    <edge id="253372588#0" from="566138368" to="-10" priority="6" type="highway.tertiary" spreadType="center">
        <lane id="253372588#0_0" index="0" disallow="tram rail_urban rail rail_electric ship" speed="22.22" length="37.72" shape="89.94,103.75 125.35,90.74"/>
    </edge>
    <edge id="253372588#1" from="-10" to="274240805" priority="6" type="highway.tertiary" spreadType="center">
        <lane id="253372588#1_0" index="0" disallow="tram rail_urban rail rail_electric ship" speed="22.22" length="23.29" shape="128.53,89.57 150.38,81.54"/>
    </edge>
    <edge id="26748667#0" from="274240807" to="293398084" priority="6" type="highway.tertiary" spreadType="center" shape="185.59,67.76 206.68,61.21 294.66,21.04">
        <lane id="26748667#0_0" index="0" disallow="tram rail_urban rail rail_electric ship" speed="22.22" length="112.41" shape="189.14,66.66 206.68,61.21 292.23,22.15"/>
    </edge>
    <edge id="26748667#1" from="293398084" to="293398085" priority="6" type="highway.tertiary" spreadType="center" shape="294.66,21.04 296.33,18.07 297.35,15.03 296.84,8.83 293.23,4.34">
        <lane id="26748667#1_0" index="0" disallow="tram rail_urban rail rail_electric ship" speed="22.22" length="16.23" shape="295.66,19.27 296.33,18.07 297.35,15.03 296.84,8.83 293.44,4.61"/>
    </edge>
    <edge id="284649086" from="274240806" to="274240807" priority="6" type="highway.tertiary" spreadType="center" shape="177.12,80.14 181.87,75.64 185.59,67.76">
        <lane id="284649086_0" index="0" disallow="tram rail_urban rail rail_electric ship" speed="22.22" length="6.77" shape="181.68,75.82 181.87,75.64 184.65,69.76"/>
    </edge>
    <edge id="284649090" from="274240809" to="2414714348" priority="6" type="highway.tertiary" spreadType="center">
        <lane id="284649090_0" index="0" disallow="tram rail_urban rail rail_electric ship" speed="22.22" length="4.12" shape="177.59,47.69 174.15,45.41"/>
    </edge>
    <edge id="284649642#0" from="293398085" to="-26602" priority="6" type="highway.tertiary" spreadType="center" shape="293.23,4.34 284.68,0.00 237.92,20.84 218.37,28.38">
        <lane id="284649642#0_0" index="0" disallow="tram rail_urban rail rail_electric ship" speed="22.22" length="68.20" shape="292.92,4.18 284.68,0.00 237.92,20.84 230.67,23.63"/>
    </edge>
    <edge id="284649642#1" from="-26602" to="274240809" priority="6" type="highway.tertiary" spreadType="center" shape="218.37,28.38 204.09,33.89 179.70,49.09">
        <lane id="284649642#1_0" index="0" disallow="tram rail_urban rail rail_electric ship" speed="22.22" length="49.10" shape="226.01,25.43 204.09,33.89 182.35,47.43"/>
    </edge>
    <edge id="284653717" from="274240804" to="566138402" priority="6" type="highway.tertiary" spreadType="center">
        <lane id="284653717_0" index="0" disallow="tram rail_urban rail rail_electric ship" speed="22.22" length="7.54" shape="155.42,46.50 149.98,51.73"/>
    </edge>
    <edge id="32511359" from="566138402" to="566138268" priority="6" type="highway.tertiary" spreadType="center">
        <lane id="32511359_0" index="0" disallow="tram rail_urban rail rail_electric ship" speed="22.22" length="70.89" shape="143.59,55.42 79.60,85.91"/>
    </edge>

    <junction id="-10" type="priority" x="127.65" y="89.89" incLanes="253372588#0_0" intLanes=":-10_0_0 :-10_1_0" shape="129.08,91.07 127.97,88.07 125.16,89.11 125.48,91.81">
        <request index="0" response="00" foes="00" cont="0"/>
        <request index="1" response="00" foes="00" cont="0"/>
    </junction>
    <junction id="-12" type="priority" x="45.52" y="101.25" incLanes="-26591_0 107039672#0_0" intLanes=":-12_0_0 :-12_1_0" shape="58.25,101.11 57.81,97.94 57.69,97.53 56.38,94.61 52.16,97.16 53.24,100.17">
        <request index="0" response="00" foes="10" cont="0"/>
        <request index="1" response="01" foes="01" cont="0"/>
    </junction>
    <junction id="-26602" type="priority" x="218.37" y="28.38" incLanes="-26603_0 284649642#0_0" intLanes=":-26602_0_0 :-26602_1_0" shape="231.65,28.71 231.34,25.52 231.25,25.13 230.09,22.14 225.43,23.94 226.58,26.93">
        <request index="0" response="00" foes="10" cont="0"/>
        <request index="1" response="01" foes="01" cont="0"/>
    </junction>
    <junction id="2414714348" type="priority" x="173.87" y="45.23" incLanes="284649090_0" intLanes=":2414714348_0_0" shape="173.27,46.75 175.04,44.08 173.81,43.59 173.27,46.75">
        <request index="0" response="0" foes="0" cont="0"/>
    </junction>
    <junction id="274240804" type="priority" x="155.70" y="46.24" incLanes="245422161_0" intLanes=":274240804_0_0" shape="156.53,47.65 155.59,44.59 154.31,45.35 156.53,47.65">
        <request index="0" response="0" foes="0" cont="0"/>
    </junction>
    <junction id="274240805" type="priority" x="154.34" y="80.09" incLanes="25156721_0 253372588#1_0" intLanes=":274240805_0_0 :274240805_2_0" shape="155.65,82.43 156.97,79.52 152.19,76.12 150.10,78.54 149.83,80.04 150.94,83.04">
        <request index="0" response="00" foes="10" cont="0"/>
        <request index="1" response="01" foes="01" cont="1"/>
    </junction>
    <junction id="274240806" type="priority" x="177.12" y="80.14" incLanes="248047672_0" intLanes=":274240806_0_0 :274240806_1_0" shape="183.55,81.02 183.19,77.84 182.78,76.98 180.57,74.65 177.54,78.13 178.99,80.98">
        <request index="0" response="00" foes="00" cont="0"/>
        <request index="1" response="00" foes="00" cont="0"/>
    </junction>
    <junction id="274240807" type="priority" x="185.59" y="67.76" incLanes="284649086_0" intLanes=":274240807_0_0 :274240807_1_0" shape="189.61,68.19 188.67,65.13 187.27,64.07 184.07,64.01 183.20,69.07 186.09,70.44">
        <request index="0" response="00" foes="00" cont="0"/>
        <request index="1" response="00" foes="00" cont="0"/>
    </junction>
    <junction id="274240809" type="priority" x="179.70" y="49.09" incLanes="245422163_0 284649642#1_0" intLanes=":274240809_0_0 :274240809_2_0" shape="180.05,52.58 182.74,50.84 183.20,48.79 181.51,46.07 178.47,46.36 176.71,49.03">
        <request index="0" response="00" foes="10" cont="0"/>
        <request index="1" response="01" foes="01" cont="1"/>
    </junction>
    <junction id="293398084" type="priority" x="294.66" y="21.04" incLanes="26748667#0_0" intLanes=":293398084_0_0 :293398084_1_0" shape="297.05,20.06 294.26,18.49 292.16,20.42 292.26,22.88">
        <request index="0" response="00" foes="00" cont="0"/>
        <request index="1" response="00" foes="00" cont="0"/>
    </junction>
    <junction id="293398085" type="priority" x="293.23" y="4.34" incLanes="26748667#1_0" intLanes=":293398085_0_0" shape="292.20,5.61 294.69,3.60 293.64,2.76 292.20,5.61">
        <request index="0" response="0" foes="0" cont="0"/>
    </junction>
    <junction id="566137617" type="unregulated" x="7.78" y="133.73" incLanes="" intLanes="" shape="8.34,135.23 7.23,132.23"/>
    <junction id="566137634" type="unregulated" x="0.00" y="117.63" incLanes="107039672#1_0" intLanes="" shape="0.54,119.14 -0.54,116.13"/>
    <junction id="566137681" type="priority" x="68.16" y="111.40" incLanes="-26806_0 246516465_0" intLanes=":566137681_2_0 :566137681_1_0" shape="69.94,114.32 68.22,108.02 66.42,110.34 67.53,113.34">
        <request index="0" response="10" foes="10" cont="1"/>
        <request index="1" response="00" foes="01" cont="0"/>
    </junction>
    <junction id="566138268" type="priority" x="79.61" y="85.90" incLanes="32511359_0" intLanes=":566138268_0_0" shape="80.29,87.35 78.91,84.46 80.27,87.36">
        <request index="0" response="0" foes="0" cont="0"/>
    </junction>
    <junction id="566138368" type="priority" x="89.94" y="103.75" incLanes="248047556_0" intLanes=":566138368_0_0" shape="90.56,105.23 89.46,102.22 90.30,105.31">
        <request index="0" response="0" foes="0" cont="0"/>
    </junction>
    <junction id="566138402" type="priority" x="148.66" y="53.01" incLanes="284653717_0" intLanes=":566138402_0_0 :566138402_1_0" shape="151.09,52.88 148.88,50.58 142.91,53.97 144.28,56.86 145.08,57.61 148.04,58.80">
        <request index="0" response="00" foes="00" cont="0"/>
        <request index="1" response="00" foes="00" cont="0"/>
    </junction>

    <junction id=":274240805_2_0" type="internal" x="153.86" y="81.21" incLanes=":274240805_1_0 25156721_0" intLanes=":274240805_0_0"/>
    <junction id=":274240809_2_0" type="internal" x="180.30" y="48.23" incLanes=":274240809_1_0 245422163_0" intLanes=":274240809_0_0"/>
    <junction id=":566137681_2_0" type="internal" x="68.51" y="112.44" incLanes=":566137681_0_0 246516465_0" intLanes=":566137681_1_0"/>

    <connection from="-26591" to="107039672#1" fromLane="0" toLane="0" via=":-12_0_0" dir="s" state="M"/>
    <connection from="-26603" to="284649642#1" fromLane="0" toLane="0" via=":-26602_0_0" dir="s" state="M"/>
    <connection from="-26806" to="248047556" fromLane="0" toLane="0" via=":566137681_0_0" dir="t" state="m"/>
    <connection from="107039672#0" to="107039672#1" fromLane="0" toLane="0" via=":-12_1_0" dir="s" state="m"/>
    <connection from="245422161" to="284653717" fromLane="0" toLane="0" via=":274240804_0_0" dir="s" state="M"/>
    <connection from="245422163" to="284649090" fromLane="0" toLane="0" via=":274240809_0_0" dir="s" state="M"/>
    <connection from="246516465" to="248047556" fromLane="0" toLane="0" via=":566137681_1_0" dir="s" state="M"/>
    <connection from="248047556" to="253372588#0" fromLane="0" toLane="0" via=":566138368_0_0" dir="s" state="M"/>
    <connection from="248047672" to="284649086" fromLane="0" toLane="0" via=":274240806_0_0" dir="s" state="M"/>
    <connection from="248047672" to="-26806" fromLane="0" toLane="0" via=":274240806_1_0" dir="s" state="M"/>
    <connection from="25156721" to="248047672" fromLane="0" toLane="0" via=":274240805_0_0" dir="s" state="M"/>
    <connection from="253372588#0" to="-26591" fromLane="0" toLane="0" via=":-10_0_0" dir="r" state="M"/>
    <connection from="253372588#0" to="253372588#1" fromLane="0" toLane="0" via=":-10_1_0" dir="s" state="M"/>
    <connection from="253372588#1" to="248047672" fromLane="0" toLane="0" via=":274240805_1_0" dir="l" state="m"/>
    <connection from="26748667#0" to="-26603" fromLane="0" toLane="0" via=":293398084_0_0" dir="r" state="M"/>
    <connection from="26748667#0" to="26748667#1" fromLane="0" toLane="0" via=":293398084_1_0" dir="s" state="M"/>
    <connection from="26748667#1" to="284649642#0" fromLane="0" toLane="0" via=":293398085_0_0" dir="s" state="M"/>
    <connection from="284649086" to="245422163" fromLane="0" toLane="0" via=":274240807_0_0" dir="s" state="M"/>
    <connection from="284649086" to="26748667#0" fromLane="0" toLane="0" via=":274240807_1_0" dir="l" state="M"/>
    <connection from="284649090" to="245422161" fromLane="0" toLane="0" via=":2414714348_0_0" dir="s" state="M"/>
    <connection from="284649642#0" to="284649642#1" fromLane="0" toLane="0" via=":-26602_1_0" dir="s" state="m"/>
    <connection from="284649642#1" to="284649090" fromLane="0" toLane="0" via=":274240809_1_0" dir="l" state="m"/>
    <connection from="284653717" to="25156721" fromLane="0" toLane="0" via=":566138402_0_0" dir="s" state="M"/>
    <connection from="284653717" to="32511359" fromLane="0" toLane="0" via=":566138402_1_0" dir="s" state="M"/>
    <connection from="32511359" to="107039672#0" fromLane="0" toLane="0" via=":566138268_0_0" dir="s" state="M"/>

    <connection from=":-10_0" to="-26591" fromLane="0" toLane="0" dir="s" state="M"/>
    <connection from=":-10_1" to="253372588#1" fromLane="0" toLane="0" dir="s" state="M"/>
    <connection from=":-12_0" to="107039672#1" fromLane="0" toLane="0" dir="s" state="M"/>
    <connection from=":-12_1" to="107039672#1" fromLane="0" toLane="0" dir="s" state="M"/>
    <connection from=":-26602_0" to="284649642#1" fromLane="0" toLane="0" dir="s" state="M"/>
    <connection from=":-26602_1" to="284649642#1" fromLane="0" toLane="0" dir="s" state="M"/>
    <connection from=":2414714348_0" to="245422161" fromLane="0" toLane="0" dir="s" state="M"/>
    <connection from=":274240804_0" to="284653717" fromLane="0" toLane="0" dir="s" state="M"/>
    <connection from=":274240805_0" to="248047672" fromLane="0" toLane="0" dir="s" state="M"/>
    <connection from=":274240805_1" to="248047672" fromLane="0" toLane="0" via=":274240805_2_0" dir="s" state="m"/>
    <connection from=":274240805_2" to="248047672" fromLane="0" toLane="0" dir="s" state="M"/>
    <connection from=":274240806_0" to="284649086" fromLane="0" toLane="0" dir="s" state="M"/>
    <connection from=":274240806_1" to="-26806" fromLane="0" toLane="0" dir="s" state="M"/>
    <connection from=":274240807_0" to="245422163" fromLane="0" toLane="0" dir="s" state="M"/>
    <connection from=":274240807_1" to="26748667#0" fromLane="0" toLane="0" dir="s" state="M"/>
    <connection from=":274240809_0" to="284649090" fromLane="0" toLane="0" dir="s" state="M"/>
    <connection from=":274240809_1" to="284649090" fromLane="0" toLane="0" via=":274240809_2_0" dir="s" state="m"/>
    <connection from=":274240809_2" to="284649090" fromLane="0" toLane="0" dir="s" state="M"/>
    <connection from=":293398084_0" to="-26603" fromLane="0" toLane="0" dir="s" state="M"/>
    <connection from=":293398084_1" to="26748667#1" fromLane="0" toLane="0" dir="s" state="M"/>
    <connection from=":293398085_0" to="284649642#0" fromLane="0" toLane="0" dir="s" state="M"/>
    <connection from=":566137681_0" to="248047556" fromLane="0" toLane="0" via=":566137681_2_0" dir="s" state="m"/>
    <connection from=":566137681_2" to="248047556" fromLane="0" toLane="0" dir="s" state="M"/>
    <connection from=":566137681_1" to="248047556" fromLane="0" toLane="0" dir="s" state="M"/>
    <connection from=":566138268_0" to="107039672#0" fromLane="0" toLane="0" dir="s" state="M"/>
    <connection from=":566138368_0" to="253372588#0" fromLane="0" toLane="0" dir="s" state="M"/>
    <connection from=":566138402_0" to="25156721" fromLane="0" toLane="0" dir="s" state="M"/>
    <connection from=":566138402_1" to="32511359" fromLane="0" toLane="0" dir="s" state="M"/>

</net>
