<?xml version="1.0" encoding="UTF-8"?>

<!-- generated on 03/04/17 20:03:07 by SUMO Version 0.27.0
<?xml version="1.0" encoding="UTF-8"?>

<configuration xmlns:xsi="http://www.w3.org/2001/XMLSchema-instance" xsi:noNamespaceSchemaLocation="http://sumo.dlr.de/xsd/sumoConfiguration.xsd">

    <input>
        <net-file value="hello.net.xml"/>
        <route-files value="hello.rou.xml"/>
    </input>

    <output>
        <tripinfo-output value="tripinfo.xml"/>
        <vehroute-output value="vehroutes.xml"/>
    </output>

    <report>
        <xml-validation value="never"/>
        <duration-log.disable value="true"/>
        <no-step-log value="true"/>
    </report>

    <traci_server>
        <remote-port value="8813"/>
    </traci_server>

</configuration>
-->

<tripinfos xmlns:xsi="http://www.w3.org/2001/XMLSchema-instance" xsi:noNamespaceSchemaLocation="http://sumo.dlr.de/xsd/tripinfo_file.xsd">
    <tripinfo id="11" depart="11.00" departLane="5697974#0_0" departPos="4.60" departSpeed="1.11" departDelay="0.00" arrival="114.00" arrivalLane="5697974#4_0" arrivalPos="220.85" arrivalSpeed="13.89" duration="103.00" routeLength="1296.06" waitSteps="0" timeLoss="9.45" rerouteNo="0" devices="vehroute_11 tripinfo_11" vType="Car" vaporized=""/>
    <tripinfo id="1" depart="1.00" departLane="120245127_0" departPos="4.60" departSpeed="0.63" departDelay="0.00" arrival="119.00" arrivalLane="274840501_0" arrivalPos="253.67" arrivalSpeed="13.89" duration="118.00" routeLength="1407.61" waitSteps="0" timeLoss="15.80" rerouteNo="0" devices="vehroute_1 tripinfo_1" vType="Car" vaporized=""/>
    <tripinfo id="3" depart="4.00" departLane="120245127_0" departPos="4.60" departSpeed="1.39" departDelay="1.00" arrival="120.00" arrivalLane="274840501_0" arrivalPos="253.67" arrivalSpeed="13.89" duration="116.00" routeLength="1407.61" waitSteps="0" timeLoss="14.44" rerouteNo="0" devices="vehroute_3 tripinfo_3" vType="Car" vaporized=""/>
    <tripinfo id="23" depart="23.00" departLane="5697974#0_0" departPos="4.60" departSpeed="13.54" departDelay="0.00" arrival="131.00" arrivalLane="5697974#4_0" arrivalPos="220.85" arrivalSpeed="13.89" duration="108.00" routeLength="1296.06" waitSteps="1" timeLoss="13.73" rerouteNo="0" devices="vehroute_23 tripinfo_23" vType="Car" vaporized=""/>
    <tripinfo id="8" depart="8.00" departLane="-120245128#5_0" departPos="4.60" departSpeed="3.73" departDelay="0.00" arrival="131.00" arrivalLane="-5699230#0_0" arrivalPos="157.24" arrivalSpeed="13.89" duration="123.00" routeLength="1625.87" waitSteps="0" timeLoss="7.79" rerouteNo="0" devices="vehroute_8 tripinfo_8" vType="Car" vaporized=""/>
    <tripinfo id="24" depart="24.00" departLane="5697974#0_0" departPos="4.60" departSpeed="10.58" departDelay="0.00" arrival="132.00" arrivalLane="5697974#4_0" arrivalPos="220.85" arrivalSpeed="13.89" duration="108.00" routeLength="1296.06" waitSteps="1" timeLoss="14.19" rerouteNo="0" devices="vehroute_24 tripinfo_24" vType="Car" vaporized=""/>
    <tripinfo id="5" depart="5.00" departLane="5699670#0_0" departPos="4.60" departSpeed="0.64" departDelay="0.00" arrival="133.00" arrivalLane="5697974#4_0" arrivalPos="220.85" arrivalSpeed="13.89" duration="128.00" routeLength="1627.48" waitSteps="0" timeLoss="19.69" rerouteNo="0" devices="vehroute_5 tripinfo_5" vType="Car" vaporized=""/>
    <tripinfo id="12" depart="12.00" departLane="5699670#0_0" departPos="4.60" departSpeed="5.07" departDelay="0.00" arrival="135.00" arrivalLane="5697974#4_0" arrivalPos="220.85" arrivalSpeed="13.89" duration="123.00" routeLength="1627.48" waitSteps="0" timeLoss="14.17" rerouteNo="0" devices="vehroute_12 tripinfo_12" vType="Car" vaporized=""/>
    <tripinfo id="15" depart="15.00" departLane="5699670#0_0" departPos="4.60" departSpeed="8.23" departDelay="0.00" arrival="143.00" arrivalLane="5697974#4_0" arrivalPos="220.85" arrivalSpeed="13.89" duration="128.00" routeLength="1627.48" waitSteps="0" timeLoss="19.12" rerouteNo="0" devices="vehroute_15 tripinfo_15" vType="Car" vaporized=""/>
    <tripinfo id="4" depart="4.00" departLane="5697769#0_0" departPos="4.60" departSpeed="7.87" departDelay="0.00" arrival="144.00" arrivalLane="5697974#4_0" arrivalPos="220.85" arrivalSpeed="13.89" duration="140.00" routeLength="1797.47" waitSteps="0" timeLoss="23.84" rerouteNo="0" devices="vehroute_4 tripinfo_4" vType="Car" vaporized=""/>
    <tripinfo id="22" depart="22.00" departLane="-120245128#5_0" departPos="4.60" departSpeed="7.93" departDelay="0.00" arrival="144.00" arrivalLane="-5699230#0_0" arrivalPos="157.24" arrivalSpeed="13.89" duration="122.00" routeLength="1625.87" waitSteps="0" timeLoss="6.74" rerouteNo="0" devices="vehroute_22 tripinfo_22" vType="Car" vaporized=""/>
    <tripinfo id="10" depart="10.00" departLane="5698817#0_0" departPos="4.60" departSpeed="7.59" departDelay="0.00" arrival="144.00" arrivalLane="275037810#13_0" arrivalPos="87.93" arrivalSpeed="14.00" duration="134.00" routeLength="1939.54" waitSteps="4" timeLoss="26.24" rerouteNo="0" devices="vehroute_10 tripinfo_10" vType="Car" vaporized=""/>
    <tripinfo id="42" depart="42.00" departLane="5697974#0_0" departPos="4.60" departSpeed="11.62" departDelay="0.00" arrival="146.00" arrivalLane="5697974#4_0" arrivalPos="220.85" arrivalSpeed="13.89" duration="104.00" routeLength="1296.06" waitSteps="0" timeLoss="10.08" rerouteNo="0" devices="vehroute_42 tripinfo_42" vType="Car" vaporized=""/>
    <tripinfo id="43" depart="43.00" departLane="5697974#0_0" departPos="4.60" departSpeed="9.04" departDelay="0.00" arrival="147.00" arrivalLane="5697974#4_0" arrivalPos="220.85" arrivalSpeed="13.89" duration="104.00" routeLength="1296.06" waitSteps="0" timeLoss="10.61" rerouteNo="0" devices="vehroute_43 tripinfo_43" vType="Car" vaporized=""/>
    <tripinfo id="2" depart="2.00" departLane="-223860152#7_0" departPos="4.60" departSpeed="1.21" departDelay="0.00" arrival="147.00" arrivalLane="5695597#3_0" arrivalPos="22.63" arrivalSpeed="12.43" duration="145.00" routeLength="2525.95" waitSteps="0" timeLoss="17.71" rerouteNo="0" devices="vehroute_2 tripinfo_2" vType="Car" vaporized=""/>
    <tripinfo id="7" depart="7.00" departLane="120245127_0" departPos="4.60" departSpeed="0.41" departDelay="0.00" arrival="151.00" arrivalLane="274840501_0" arrivalPos="253.67" arrivalSpeed="13.89" duration="144.00" routeLength="1407.61" waitSteps="14" timeLoss="42.38" rerouteNo="0" devices="vehroute_7 tripinfo_7" vType="Car" vaporized=""/>
    <tripinfo id="14" depart="14.00" departLane="5698817#0_0" departPos="4.60" departSpeed="5.16" departDelay="0.00" arrival="152.00" arrivalLane="275037810#13_0" arrivalPos="87.93" arrivalSpeed="14.00" duration="138.00" routeLength="1939.54" waitSteps="4" timeLoss="30.23" rerouteNo="0" devices="vehroute_14 tripinfo_14" vType="Car" vaporized=""/>
    <tripinfo id="13" depart="13.00" departLane="120245127_0" departPos="4.60" departSpeed="9.13" departDelay="0.00" arrival="153.00" arrivalLane="274840501_0" arrivalPos="253.67" arrivalSpeed="13.89" duration="140.00" routeLength="1407.61" waitSteps="11" timeLoss="38.40" rerouteNo="0" devices="vehroute_13 tripinfo_13" vType="Car" vaporized=""/>
    <tripinfo id="16" depart="16.00" departLane="120245127_0" departPos="4.60" departSpeed="4.71" departDelay="0.00" arrival="155.00" arrivalLane="274840501_0" arrivalPos="253.67" arrivalSpeed="13.89" duration="139.00" routeLength="1407.61" waitSteps="10" timeLoss="37.39" rerouteNo="0" devices="vehroute_16 tripinfo_16" vType="Car" vaporized=""/>
    <tripinfo id="30" depart="30.00" departLane="-120245128#5_0" departPos="4.60" departSpeed="0.52" departDelay="0.00" arrival="156.00" arrivalLane="-5699230#0_0" arrivalPos="157.24" arrivalSpeed="13.89" duration="126.00" routeLength="1625.87" waitSteps="0" timeLoss="11.47" rerouteNo="0" devices="vehroute_30 tripinfo_30" vType="Car" vaporized=""/>
    <tripinfo id="27" depart="27.00" departLane="120245127_0" departPos="4.60" departSpeed="1.52" departDelay="0.00" arrival="157.00" arrivalLane="274840501_0" arrivalPos="253.67" arrivalSpeed="13.89" duration="130.00" routeLength="1407.61" waitSteps="2" timeLoss="28.39" rerouteNo="0" devices="vehroute_27 tripinfo_27" vType="Car" vaporized=""/>
    <tripinfo id="17" depart="17.00" departLane="-223860152#7_0" departPos="4.60" departSpeed="9.25" departDelay="0.00" arrival="157.00" arrivalLane="5695597#3_0" arrivalPos="22.63" arrivalSpeed="13.56" duration="140.00" routeLength="2525.95" waitSteps="0" timeLoss="12.38" rerouteNo="0" devices="vehroute_17 tripinfo_17" vType="Car" vaporized=""/>
    <tripinfo id="34" depart="34.00" departLane="-120245128#5_0" departPos="4.60" departSpeed="5.29" departDelay="0.00" arrival="158.00" arrivalLane="-5699230#0_0" arrivalPos="157.24" arrivalSpeed="13.89" duration="124.00" routeLength="1625.87" waitSteps="0" timeLoss="9.48" rerouteNo="0" devices="vehroute_34 tripinfo_34" vType="Car" vaporized=""/>
    <tripinfo id="28" depart="30.00" departLane="120245127_0" departPos="4.60" departSpeed="0.45" departDelay="2.00" arrival="160.00" arrivalLane="274840501_0" arrivalPos="253.67" arrivalSpeed="13.89" duration="130.00" routeLength="1407.61" waitSteps="3" timeLoss="27.77" rerouteNo="0" devices="vehroute_28 tripinfo_28" vType="Car" vaporized=""/>
    <tripinfo id="18" depart="18.00" departLane="-223860152#7_0" departPos="4.60" departSpeed="7.12" departDelay="0.00" arrival="160.00" arrivalLane="5695597#3_0" arrivalPos="22.63" arrivalSpeed="10.06" duration="142.00" routeLength="2525.95" waitSteps="0" timeLoss="14.67" rerouteNo="0" devices="vehroute_18 tripinfo_18" vType="Car" vaporized=""/>
    <tripinfo id="41" depart="41.00" departLane="-120245128#5_0" departPos="4.60" departSpeed="9.54" departDelay="0.00" arrival="161.00" arrivalLane="-5699230#0_0" arrivalPos="157.24" arrivalSpeed="13.89" duration="120.00" routeLength="1625.87" waitSteps="0" timeLoss="4.96" rerouteNo="0" devices="vehroute_41 tripinfo_41" vType="Car" vaporized=""/>
    <tripinfo id="37" depart="37.00" departLane="5698817#0_0" departPos="4.60" departSpeed="3.83" departDelay="0.00" arrival="162.00" arrivalLane="275037810#13_0" arrivalPos="87.93" arrivalSpeed="15.65" duration="125.00" routeLength="1939.54" waitSteps="0" timeLoss="17.27" rerouteNo="0" devices="vehroute_37 tripinfo_37" vType="Car" vaporized=""/>
    <tripinfo id="0" depart="0.00" departLane="120245128#0_0" departPos="4.60" departSpeed="19.80" departDelay="0.00" arrival="165.00" arrivalLane="274840501_0" arrivalPos="253.67" arrivalSpeed="13.89" duration="165.00" routeLength="1730.58" waitSteps="0" timeLoss="21.11" rerouteNo="0" devices="vehroute_0 tripinfo_0" vType="Car" vaporized=""/>
    <tripinfo id="47" depart="47.00" departLane="5697974#0_0" departPos="4.60" departSpeed="6.10" departDelay="0.00" arrival="165.00" arrivalLane="5697974#4_0" arrivalPos="220.85" arrivalSpeed="13.89" duration="118.00" routeLength="1296.06" waitSteps="10" timeLoss="24.47" rerouteNo="0" devices="vehroute_47 tripinfo_47" vType="Car" vaporized=""/>
    <tripinfo id="6" depart="6.00" departLane="120245128#0_0" departPos="4.60" departSpeed="8.81" departDelay="0.00" arrival="166.00" arrivalLane="274840501_0" arrivalPos="253.67" arrivalSpeed="13.89" duration="160.00" routeLength="1730.58" waitSteps="42" timeLoss="67.76" rerouteNo="0" devices="vehroute_6 tripinfo_6" vType="Car" vaporized=""/>
    <tripinfo id="9" depart="9.00" departLane="120245128#0_0" departPos="4.60" departSpeed="16.14" departDelay="0.00" arrival="169.00" arrivalLane="274840501_0" arrivalPos="253.67" arrivalSpeed="13.89" duration="160.00" routeLength="1730.58" waitSteps="42" timeLoss="66.99" rerouteNo="0" devices="vehroute_9 tripinfo_9" vType="Car" vaporized=""/>
    <tripinfo id="35" depart="35.00" departLane="5697769#0_0" departPos="4.60" departSpeed="11.89" departDelay="0.00" arrival="169.00" arrivalLane="5697974#4_0" arrivalPos="220.85" arrivalSpeed="13.89" duration="134.00" routeLength="1797.47" waitSteps="0" timeLoss="17.93" rerouteNo="0" devices="vehroute_35 tripinfo_35" vType="Car" vaporized=""/>
    <tripinfo id="31" depart="31.00" departLane="120245128#0_0" departPos="4.60" departSpeed="4.71" departDelay="0.00" arrival="171.00" arrivalLane="274840501_0" arrivalPos="253.67" arrivalSpeed="13.89" duration="140.00" routeLength="1730.58" waitSteps="17" timeLoss="47.20" rerouteNo="0" devices="vehroute_31 tripinfo_31" vType="Car" vaporized=""/>
    <tripinfo id="48" depart="48.00" departLane="5697974#0_0" departPos="4.60" departSpeed="2.71" departDelay="0.00" arrival="172.00" arrivalLane="5697974#4_0" arrivalPos="220.85" arrivalSpeed="13.89" duration="124.00" routeLength="1296.06" waitSteps="10" timeLoss="30.47" rerouteNo="0" devices="vehroute_48 tripinfo_48" vType="Car" vaporized=""/>
    <tripinfo id="53" depart="53.00" departLane="120245128#0_0" departPos="4.60" departSpeed="10.18" departDelay="0.00" arrival="173.00" arrivalLane="274840501_0" arrivalPos="253.67" arrivalSpeed="13.89" duration="120.00" routeLength="1730.58" waitSteps="0" timeLoss="27.22" rerouteNo="0" devices="vehroute_53 tripinfo_53" vType="Car" vaporized=""/>
    <tripinfo id="50" depart="50.00" departLane="5698817#0_0" departPos="4.60" departSpeed="9.00" departDelay="0.00" arrival="173.00" arrivalLane="275037810#13_0" arrivalPos="87.93" arrivalSpeed="15.16" duration="123.00" routeLength="1939.54" waitSteps="0" timeLoss="15.25" rerouteNo="0" devices="vehroute_50 tripinfo_50" vType="Car" vaporized=""/>
    <tripinfo id="57" depart="58.00" departLane="120245128#0_0" departPos="4.60" departSpeed="3.71" departDelay="1.00" arrival="175.00" arrivalLane="274840501_0" arrivalPos="253.67" arrivalSpeed="13.89" duration="117.00" routeLength="1730.58" waitSteps="0" timeLoss="24.18" rerouteNo="0" devices="vehroute_57 tripinfo_57" vType="Car" vaporized=""/>
    <tripinfo id="25" depart="25.00" departLane="-223860152#7_0" departPos="4.60" departSpeed="10.64" departDelay="0.00" arrival="178.00" arrivalLane="5695597#3_0" arrivalPos="22.63" arrivalSpeed="10.57" duration="153.00" routeLength="2525.95" waitSteps="6" timeLoss="25.18" rerouteNo="0" devices="vehroute_25 tripinfo_25" vType="Car" vaporized=""/>
    <tripinfo id="19" depart="19.00" departLane="-223860152#7_0" departPos="4.60" departSpeed="0.20" departDelay="0.00" arrival="179.00" arrivalLane="5695597#3_0" arrivalPos="22.63" arrivalSpeed="10.03" duration="160.00" routeLength="2525.95" waitSteps="5" timeLoss="33.09" rerouteNo="0" devices="vehroute_19 tripinfo_19" vType="Car" vaporized=""/>
    <tripinfo id="38" depart="38.00" departLane="-223860152#7_0" departPos="4.60" departSpeed="16.78" departDelay="0.00" arrival="181.00" arrivalLane="5695597#3_0" arrivalPos="22.63" arrivalSpeed="10.27" duration="143.00" routeLength="2525.95" waitSteps="0" timeLoss="15.69" rerouteNo="0" devices="vehroute_38 tripinfo_38" vType="Car" vaporized=""/>
    <tripinfo id="33" depart="33.00" departLane="120245127_0" departPos="4.60" departSpeed="0.85" departDelay="0.00" arrival="182.00" arrivalLane="274840501_0" arrivalPos="253.67" arrivalSpeed="13.89" duration="149.00" routeLength="1407.61" waitSteps="14" timeLoss="47.38" rerouteNo="0" devices="vehroute_33 tripinfo_33" vType="Car" vaporized=""/>
    <tripinfo id="36" depart="37.00" departLane="120245127_0" departPos="4.60" departSpeed="2.91" departDelay="1.00" arrival="184.00" arrivalLane="274840501_0" arrivalPos="253.67" arrivalSpeed="13.89" duration="147.00" routeLength="1407.61" waitSteps="12" timeLoss="45.39" rerouteNo="0" devices="vehroute_36 tripinfo_36" vType="Car" vaporized=""/>
    <tripinfo id="49" depart="51.00" departLane="5697974#0_0" departPos="4.60" departSpeed="4.61" departDelay="2.00" arrival="184.00" arrivalLane="5697974#4_0" arrivalPos="220.85" arrivalSpeed="13.89" duration="133.00" routeLength="1296.06" waitSteps="15" timeLoss="39.28" rerouteNo="0" devices="vehroute_49 tripinfo_49" vType="Car" vaporized=""/>
    <tripinfo id="26" depart="26.00" departLane="5698789#0_0" departPos="4.60" departSpeed="13.20" departDelay="0.00" arrival="185.00" arrivalLane="5695597#3_0" arrivalPos="22.63" arrivalSpeed="10.96" duration="159.00" routeLength="2385.35" waitSteps="3" timeLoss="21.29" rerouteNo="0" devices="vehroute_26 tripinfo_26" vType="Car" vaporized=""/>
    <tripinfo id="61" depart="61.00" departLane="5697974#0_0" departPos="4.60" departSpeed="10.76" departDelay="0.00" arrival="186.00" arrivalLane="5697974#4_0" arrivalPos="220.85" arrivalSpeed="13.89" duration="125.00" routeLength="1296.06" waitSteps="9" timeLoss="31.64" rerouteNo="0" devices="vehroute_61 tripinfo_61" vType="Car" vaporized=""/>
    <tripinfo id="66" depart="66.00" departLane="120245128#0_0" departPos="4.60" departSpeed="21.35" departDelay="0.00" arrival="187.00" arrivalLane="274840501_0" arrivalPos="253.67" arrivalSpeed="13.89" duration="121.00" routeLength="1730.58" waitSteps="2" timeLoss="28.03" rerouteNo="0" devices="vehroute_66 tripinfo_66" vType="Car" vaporized=""/>
    <tripinfo id="39" depart="39.00" departLane="5698789#0_0" departPos="4.60" departSpeed="10.81" departDelay="0.00" arrival="187.00" arrivalLane="5695597#3_0" arrivalPos="22.63" arrivalSpeed="12.79" duration="148.00" routeLength="2385.35" waitSteps="0" timeLoss="10.09" rerouteNo="0" devices="vehroute_39 tripinfo_39" vType="Car" vaporized=""/>
    <tripinfo id="67" depart="67.00" departLane="5698817#0_0" departPos="4.60" departSpeed="10.19" departDelay="0.00" arrival="188.00" arrivalLane="275037810#13_0" arrivalPos="87.93" arrivalSpeed="16.90" duration="121.00" routeLength="1939.54" waitSteps="0" timeLoss="12.94" rerouteNo="0" devices="vehroute_67 tripinfo_67" vType="Car" vaporized=""/>
    <tripinfo id="62" depart="62.00" departLane="5697974#0_0" departPos="4.60" departSpeed="8.09" departDelay="0.00" arrival="189.00" arrivalLane="5697974#4_0" arrivalPos="220.85" arrivalSpeed="13.89" duration="127.00" routeLength="1296.06" waitSteps="7" timeLoss="32.85" rerouteNo="0" devices="vehroute_62 tripinfo_62" vType="Car" vaporized=""/>
    <tripinfo id="65" depart="65.00" departLane="-120245128#5_0" departPos="4.60" departSpeed="4.25" departDelay="0.00" arrival="189.00" arrivalLane="-5699230#0_0" arrivalPos="157.24" arrivalSpeed="13.89" duration="124.00" routeLength="1625.87" waitSteps="0" timeLoss="8.72" rerouteNo="0" devices="vehroute_65 tripinfo_65" vType="Car" vaporized=""/>
    <tripinfo id="46" depart="46.00" departLane="5697769#0_0" departPos="4.60" departSpeed="11.66" departDelay="0.00" arrival="192.00" arrivalLane="5697974#4_0" arrivalPos="220.85" arrivalSpeed="13.89" duration="146.00" routeLength="1797.47" waitSteps="2" timeLoss="29.07" rerouteNo="0" devices="vehroute_46 tripinfo_46" vType="Car" vaporized=""/>
    <tripinfo id="44" depart="44.00" departLane="-223860152#7_0" departPos="4.60" departSpeed="5.69" departDelay="0.00" arrival="195.00" arrivalLane="5695597#3_0" arrivalPos="22.63" arrivalSpeed="12.35" duration="151.00" routeLength="2525.95" waitSteps="5" timeLoss="23.70" rerouteNo="0" devices="vehroute_44 tripinfo_44" vType="Car" vaporized=""/>
    <tripinfo id="70" depart="70.00" departLane="120245128#0_0" departPos="4.60" departSpeed="7.02" departDelay="0.00" arrival="199.00" arrivalLane="274840501_0" arrivalPos="253.67" arrivalSpeed="13.89" duration="129.00" routeLength="1730.58" waitSteps="6" timeLoss="36.44" rerouteNo="0" devices="vehroute_70 tripinfo_70" vType="Car" vaporized=""/>
    <tripinfo id="73" depart="73.00" departLane="120245128#0_0" departPos="4.60" departSpeed="13.54" departDelay="0.00" arrival="201.00" arrivalLane="274840501_0" arrivalPos="253.67" arrivalSpeed="13.89" duration="128.00" routeLength="1730.58" waitSteps="6" timeLoss="34.97" rerouteNo="0" devices="vehroute_73 tripinfo_73" vType="Car" vaporized=""/>
    <tripinfo id="52" depart="52.00" departLane="5697769#0_0" departPos="4.60" departSpeed="13.23" departDelay="0.00" arrival="201.00" arrivalLane="5697974#4_0" arrivalPos="220.85" arrivalSpeed="13.89" duration="149.00" routeLength="1797.47" waitSteps="2" timeLoss="32.02" rerouteNo="0" devices="vehroute_52 tripinfo_52" vType="Car" vaporized=""/>
    <tripinfo id="83" depart="83.00" departLane="-120245128#5_0" departPos="4.60" departSpeed="15.69" departDelay="0.00" arrival="201.00" arrivalLane="-5699230#0_0" arrivalPos="157.24" arrivalSpeed="13.89" duration="118.00" routeLength="1625.87" waitSteps="0" timeLoss="2.69" rerouteNo="0" devices="vehroute_83 tripinfo_83" vType="Car" vaporized=""/>
    <tripinfo id="58" depart="58.00" departLane="-223860152#7_0" departPos="4.60" departSpeed="18.93" departDelay="0.00" arrival="201.00" arrivalLane="5695597#3_0" arrivalPos="22.63" arrivalSpeed="12.99" duration="143.00" routeLength="2525.95" waitSteps="0" timeLoss="15.11" rerouteNo="0" devices="vehroute_58 tripinfo_58" vType="Car" vaporized=""/>
    <tripinfo id="55" depart="55.00" departLane="5697769#0_0" departPos="4.60" departSpeed="1.73" departDelay="0.00" arrival="202.00" arrivalLane="5697974#4_0" arrivalPos="220.85" arrivalSpeed="13.89" duration="147.00" routeLength="1797.47" waitSteps="1" timeLoss="30.49" rerouteNo="0" devices="vehroute_55 tripinfo_55" vType="Car" vaporized=""/>
    <tripinfo id="84" depart="84.00" departLane="120245128#0_0" departPos="4.60" departSpeed="19.35" departDelay="0.00" arrival="203.00" arrivalLane="274840501_0" arrivalPos="253.67" arrivalSpeed="13.89" duration="119.00" routeLength="1730.58" waitSteps="3" timeLoss="25.82" rerouteNo="0" devices="vehroute_84 tripinfo_84" vType="Car" vaporized=""/>
    <tripinfo id="51" depart="51.00" departLane="-223860152#7_0" departPos="4.60" departSpeed="3.52" departDelay="0.00" arrival="203.00" arrivalLane="5695597#3_0" arrivalPos="22.63" arrivalSpeed="11.75" duration="152.00" routeLength="2525.95" waitSteps="0" timeLoss="24.73" rerouteNo="0" devices="vehroute_51 tripinfo_51" vType="Car" vaporized=""/>
    <tripinfo id="63" depart="63.00" departLane="5697974#0_0" departPos="4.60" departSpeed="5.84" departDelay="0.00" arrival="204.00" arrivalLane="5697974#4_0" arrivalPos="220.85" arrivalSpeed="13.89" duration="141.00" routeLength="1296.06" waitSteps="15" timeLoss="46.71" rerouteNo="0" devices="vehroute_63 tripinfo_63" vType="Car" vaporized=""/>
    <tripinfo id="87" depart="87.00" departLane="120245128#0_0" departPos="4.60" departSpeed="2.09" departDelay="0.00" arrival="205.00" arrivalLane="274840501_0" arrivalPos="253.67" arrivalSpeed="13.89" duration="118.00" routeLength="1730.58" waitSteps="0" timeLoss="24.84" rerouteNo="0" devices="vehroute_87 tripinfo_87" vType="Car" vaporized=""/>
    <tripinfo id="20" depart="20.00" departLane="5699670#0_0" departPos="4.60" departSpeed="2.61" departDelay="0.00" arrival="205.00" arrivalLane="5697974#4_0" arrivalPos="220.85" arrivalSpeed="13.89" duration="185.00" routeLength="1627.48" waitSteps="0" timeLoss="25.59" rerouteNo="0" devices="vehroute_20 tripinfo_20" vType="Car" vaporized=""/>
    <tripinfo id="97" depart="97.00" departLane="120245128#0_0" departPos="4.60" departSpeed="10.56" departDelay="0.00" arrival="207.00" arrivalLane="274840501_0" arrivalPos="253.67" arrivalSpeed="13.89" duration="110.00" routeLength="1730.58" waitSteps="0" timeLoss="17.05" rerouteNo="0" devices="vehroute_97 tripinfo_97" vType="Car" vaporized=""/>
    <tripinfo id="21" depart="22.00" departLane="5699670#0_0" departPos="4.60" departSpeed="0.15" departDelay="1.00" arrival="208.00" arrivalLane="5697974#4_0" arrivalPos="220.85" arrivalSpeed="13.89" duration="186.00" routeLength="1627.48" waitSteps="51" timeLoss="76.76" rerouteNo="0" devices="vehroute_21 tripinfo_21" vType="Car" vaporized=""/>
    <tripinfo id="99" depart="99.00" departLane="120245128#0_0" departPos="4.60" departSpeed="7.44" departDelay="0.00" arrival="209.00" arrivalLane="274840501_0" arrivalPos="253.67" arrivalSpeed="13.89" duration="110.00" routeLength="1730.58" waitSteps="0" timeLoss="16.96" rerouteNo="0" devices="vehroute_99 tripinfo_99" vType="Car" vaporized=""/>
    <tripinfo id="29" depart="29.00" departLane="5699670#0_0" departPos="4.60" departSpeed="12.17" departDelay="0.00" arrival="210.00" arrivalLane="5697974#4_0" arrivalPos="220.85" arrivalSpeed="13.89" duration="181.00" routeLength="1627.48" waitSteps="48" timeLoss="71.86" rerouteNo="0" devices="vehroute_29 tripinfo_29" vType="Car" vaporized=""/>
    <tripinfo id="32" depart="32.00" departLane="5699670#0_0" departPos="4.60" departSpeed="4.99" departDelay="0.00" arrival="212.00" arrivalLane="5697974#4_0" arrivalPos="220.85" arrivalSpeed="13.89" duration="180.00" routeLength="1627.48" waitSteps="47" timeLoss="70.84" rerouteNo="0" devices="vehroute_32 tripinfo_32" vType="Car" vaporized=""/>
    <tripinfo id="45" depart="45.00" departLane="5699670#0_0" departPos="4.60" departSpeed="13.01" departDelay="0.00" arrival="214.00" arrivalLane="5697974#4_0" arrivalPos="220.85" arrivalSpeed="13.89" duration="169.00" routeLength="1627.48" waitSteps="30" timeLoss="59.87" rerouteNo="0" devices="vehroute_45 tripinfo_45" vType="Car" vaporized=""/>
    <tripinfo id="72" depart="72.00" departLane="5699670#0_0" departPos="4.60" departSpeed="3.93" departDelay="0.00" arrival="216.00" arrivalLane="5697974#4_0" arrivalPos="220.85" arrivalSpeed="13.89" duration="144.00" routeLength="1627.48" waitSteps="7" timeLoss="34.85" rerouteNo="0" devices="vehroute_72 tripinfo_72" vType="Car" vaporized=""/>
    <tripinfo id="56" depart="56.00" departLane="120245128#0_0" departPos="4.60" departSpeed="3.41" departDelay="0.00" arrival="218.00" arrivalLane="274840501_0" arrivalPos="253.67" arrivalSpeed="13.89" duration="162.00" routeLength="1738.29" waitSteps="12" timeLoss="41.82" rerouteNo="1" devices="vehroute_56 tripinfo_56" vType="Car" vaporized=""/>
    <tripinfo id="75" depart="75.00" departLane="5699670#0_0" departPos="4.60" departSpeed="0.49" departDelay="0.00" arrival="218.00" arrivalLane="5697974#4_0" arrivalPos="220.85" arrivalSpeed="13.89" duration="143.00" routeLength="1627.48" waitSteps="3" timeLoss="33.86" rerouteNo="0" devices="vehroute_75 tripinfo_75" vType="Car" vaporized=""/>
    <tripinfo id="54" depart="54.00" departLane="5698789#0_0" departPos="4.60" departSpeed="8.90" departDelay="0.00" arrival="218.00" arrivalLane="5695597#3_0" arrivalPos="22.63" arrivalSpeed="10.57" duration="164.00" routeLength="2385.35" waitSteps="1" timeLoss="26.00" rerouteNo="0" devices="vehroute_54 tripinfo_54" vType="Car" vaporized=""/>
    <tripinfo id="86" depart="86.00" departLane="-223860152#7_0" departPos="4.60" departSpeed="27.32" departDelay="0.00" arrival="220.00" arrivalLane="5695597#3_0" arrivalPos="22.63" arrivalSpeed="11.68" duration="134.00" routeLength="2525.95" waitSteps="0" timeLoss="6.90" rerouteNo="0" devices="vehroute_86 tripinfo_86" vType="Car" vaporized=""/>
    <tripinfo id="95" depart="95.00" departLane="5699670#0_0" departPos="4.60" departSpeed="6.08" departDelay="0.00" arrival="221.00" arrivalLane="5697974#4_0" arrivalPos="220.85" arrivalSpeed="13.89" duration="126.00" routeLength="1627.48" waitSteps="0" timeLoss="17.29" rerouteNo="0" devices="vehroute_95 tripinfo_95" vType="Car" vaporized=""/>
    <tripinfo id="96" depart="96.00" departLane="5698817#0_0" departPos="4.60" departSpeed="5.64" departDelay="0.00" arrival="228.00" arrivalLane="275037810#13_0" arrivalPos="87.93" arrivalSpeed="16.91" duration="132.00" routeLength="1939.54" waitSteps="4" timeLoss="24.33" rerouteNo="0" devices="vehroute_96 tripinfo_96" vType="Car" vaporized=""/>
    <tripinfo id="90" depart="90.00" departLane="-223860152#7_0" departPos="4.60" departSpeed="7.29" departDelay="0.00" arrival="231.00" arrivalLane="5695597#3_0" arrivalPos="22.63" arrivalSpeed="10.44" duration="141.00" routeLength="2525.95" waitSteps="0" timeLoss="13.08" rerouteNo="0" devices="vehroute_90 tripinfo_90" vType="Car" vaporized=""/>
    <tripinfo id="98" depart="98.00" departLane="5698817#0_0" departPos="4.60" departSpeed="6.98" departDelay="0.00" arrival="232.00" arrivalLane="275037810#13_0" arrivalPos="87.93" arrivalSpeed="15.26" duration="134.00" routeLength="1939.54" waitSteps="4" timeLoss="26.46" rerouteNo="0" devices="vehroute_98 tripinfo_98" vType="Car" vaporized=""/>
    <tripinfo id="79" depart="79.00" departLane="5697974#0_0" departPos="4.60" departSpeed="7.21" departDelay="0.00" arrival="234.00" arrivalLane="5697974#4_0" arrivalPos="220.85" arrivalSpeed="13.89" duration="155.00" routeLength="1296.06" waitSteps="36" timeLoss="61.29" rerouteNo="0" devices="vehroute_79 tripinfo_79" vType="Car" vaporized=""/>
    <tripinfo id="59" depart="59.00" departLane="5698789#0_0" departPos="4.60" departSpeed="7.45" departDelay="0.00" arrival="238.00" arrivalLane="5695597#3_0" arrivalPos="22.63" arrivalSpeed="13.11" duration="179.00" routeLength="2385.35" waitSteps="11" timeLoss="40.86" rerouteNo="0" devices="vehroute_59 tripinfo_59" vType="Car" vaporized=""/>
    <tripinfo id="40" depart="40.00" departLane="120245127_0" departPos="4.60" departSpeed="5.11" departDelay="0.00" arrival="240.00" arrivalLane="274840501_0" arrivalPos="253.67" arrivalSpeed="13.89" duration="200.00" routeLength="1407.61" waitSteps="11" timeLoss="47.26" rerouteNo="0" devices="vehroute_40 tripinfo_40" vType="Car" vaporized=""/>
    <tripinfo id="68" depart="68.00" departLane="5698789#0_0" departPos="4.60" departSpeed="4.63" departDelay="0.00" arrival="240.00" arrivalLane="5695597#3_0" arrivalPos="22.63" arrivalSpeed="13.20" duration="172.00" routeLength="2385.35" waitSteps="1" timeLoss="33.74" rerouteNo="0" devices="vehroute_68 tripinfo_68" vType="Car" vaporized=""/>
    <tripinfo id="64" depart="64.00" departLane="120245127_0" departPos="4.60" departSpeed="12.81" departDelay="0.00" arrival="242.00" arrivalLane="274840501_0" arrivalPos="253.67" arrivalSpeed="13.89" duration="178.00" routeLength="1407.61" waitSteps="55" timeLoss="76.08" rerouteNo="0" devices="vehroute_64 tripinfo_64" vType="Car" vaporized=""/>
    <tripinfo id="78" depart="78.00" departLane="5698789#0_0" departPos="4.60" departSpeed="3.70" departDelay="0.00" arrival="242.00" arrivalLane="5695597#3_0" arrivalPos="22.63" arrivalSpeed="12.93" duration="164.00" routeLength="2385.35" waitSteps="2" timeLoss="25.91" rerouteNo="0" devices="vehroute_78 tripinfo_78" vType="Car" vaporized=""/>
    <tripinfo id="69" depart="69.00" departLane="120245127_0" departPos="4.60" departSpeed="9.41" departDelay="0.00" arrival="244.00" arrivalLane="274840501_0" arrivalPos="253.67" arrivalSpeed="13.89" duration="175.00" routeLength="1407.61" waitSteps="51" timeLoss="73.04" rerouteNo="0" devices="vehroute_69 tripinfo_69" vType="Car" vaporized=""/>
    <tripinfo id="74" depart="74.00" departLane="120245127_0" departPos="4.60" departSpeed="12.66" departDelay="0.00" arrival="246.00" arrivalLane="274840501_0" arrivalPos="253.67" arrivalSpeed="13.89" duration="172.00" routeLength="1407.61" waitSteps="50" timeLoss="70.05" rerouteNo="0" devices="vehroute_74 tripinfo_74" vType="Car" vaporized=""/>
    <tripinfo id="88" depart="88.00" departLane="120245127_0" departPos="4.60" departSpeed="8.84" departDelay="0.00" arrival="248.00" arrivalLane="274840501_0" arrivalPos="253.67" arrivalSpeed="13.89" duration="160.00" routeLength="1407.61" waitSteps="35" timeLoss="58.08" rerouteNo="0" devices="vehroute_88 tripinfo_88" vType="Car" vaporized=""/>
    <tripinfo id="93" depart="93.00" departLane="120245127_0" departPos="4.60" departSpeed="5.44" departDelay="0.00" arrival="250.00" arrivalLane="274840501_0" arrivalPos="253.67" arrivalSpeed="13.89" duration="157.00" routeLength="1407.61" waitSteps="28" timeLoss="55.06" rerouteNo="0" devices="vehroute_93 tripinfo_93" vType="Car" vaporized=""/>
    <tripinfo id="60" depart="60.00" departLane="5697769#0_0" departPos="4.60" departSpeed="9.88" departDelay="0.00" arrival="255.00" arrivalLane="5697974#4_0" arrivalPos="220.85" arrivalSpeed="13.89" duration="195.00" routeLength="1797.47" waitSteps="0" timeLoss="27.31" rerouteNo="0" devices="vehroute_60 tripinfo_60" vType="Car" vaporized=""/>
    <tripinfo id="71" depart="71.00" departLane="5697769#0_0" departPos="4.60" departSpeed="4.77" departDelay="0.00" arrival="257.00" arrivalLane="5697974#4_0" arrivalPos="220.85" arrivalSpeed="13.89" duration="186.00" routeLength="1797.47" waitSteps="44" timeLoss="69.29" rerouteNo="0" devices="vehroute_71 tripinfo_71" vType="Car" vaporized=""/>
    <tripinfo id="76" depart="76.00" departLane="5697769#0_0" departPos="4.60" departSpeed="1.27" departDelay="0.00" arrival="259.00" arrivalLane="5697974#4_0" arrivalPos="220.85" arrivalSpeed="13.89" duration="183.00" routeLength="1797.47" waitSteps="40" timeLoss="66.19" rerouteNo="0" devices="vehroute_76 tripinfo_76" vType="Car" vaporized=""/>
    <tripinfo id="77" depart="79.00" departLane="5697769#0_0" departPos="4.60" departSpeed="0.30" departDelay="2.00" arrival="261.00" arrivalLane="5697974#4_0" arrivalPos="220.85" arrivalSpeed="13.89" duration="182.00" routeLength="1797.47" waitSteps="37" timeLoss="65.14" rerouteNo="0" devices="vehroute_77 tripinfo_77" vType="Car" vaporized=""/>
    <tripinfo id="80" depart="80.00" departLane="5697974#0_0" departPos="4.60" departSpeed="4.93" departDelay="0.00" arrival="274.00" arrivalLane="5697974#4_0" arrivalPos="220.85" arrivalSpeed="13.89" duration="194.00" routeLength="1296.06" waitSteps="19" timeLoss="49.28" rerouteNo="0" devices="vehroute_80 tripinfo_80" vType="Car" vaporized=""/>
    <tripinfo id="81" depart="81.00" departLane="5698789#0_0" departPos="4.60" departSpeed="8.50" departDelay="0.00" arrival="274.00" arrivalLane="5695597#3_0" arrivalPos="22.63" arrivalSpeed="13.37" duration="193.00" routeLength="2385.35" waitSteps="19" timeLoss="54.51" rerouteNo="0" devices="vehroute_81 tripinfo_81" vType="Car" vaporized=""/>
    <tripinfo id="91" depart="91.00" departLane="5697769#0_0" departPos="4.60" departSpeed="13.61" departDelay="0.00" arrival="276.00" arrivalLane="5697974#4_0" arrivalPos="220.85" arrivalSpeed="13.89" duration="185.00" routeLength="1797.47" waitSteps="40" timeLoss="68.83" rerouteNo="0" devices="vehroute_91 tripinfo_91" vType="Car" vaporized=""/>
    <tripinfo id="82" depart="82.00" departLane="5698789#0_0" departPos="4.60" departSpeed="5.41" departDelay="0.00" arrival="277.00" arrivalLane="5695597#3_0" arrivalPos="22.63" arrivalSpeed="10.03" duration="195.00" routeLength="2385.35" waitSteps="18" timeLoss="57.59" rerouteNo="0" devices="vehroute_82 tripinfo_82" vType="Car" vaporized=""/>
    <tripinfo id="92" depart="92.00" departLane="5697769#0_0" departPos="4.60" departSpeed="0.88" departDelay="0.00" arrival="279.00" arrivalLane="5697974#4_0" arrivalPos="220.85" arrivalSpeed="13.89" duration="187.00" routeLength="1797.47" waitSteps="35" timeLoss="69.99" rerouteNo="0" devices="vehroute_92 tripinfo_92" vType="Car" vaporized=""/>
    <tripinfo id="85" depart="85.00" departLane="5698789#0_0" departPos="4.60" departSpeed="4.54" departDelay="0.00" arrival="279.00" arrivalLane="5695597#3_0" arrivalPos="22.63" arrivalSpeed="11.74" duration="194.00" routeLength="2385.35" waitSteps="17" timeLoss="55.91" rerouteNo="0" devices="vehroute_85 tripinfo_85" vType="Car" vaporized=""/>
    <tripinfo id="89" depart="89.00" departLane="5698789#0_0" departPos="4.60" departSpeed="12.71" departDelay="0.00" arrival="281.00" arrivalLane="5695597#3_0" arrivalPos="22.63" arrivalSpeed="12.53" duration="192.00" routeLength="2385.35" waitSteps="17" timeLoss="54.12" rerouteNo="0" devices="vehroute_89 tripinfo_89" vType="Car" vaporized=""/>
    <tripinfo id="94" depart="94.00" departLane="5698789#0_0" departPos="4.60" departSpeed="10.53" departDelay="0.00" arrival="283.00" arrivalLane="5695597#3_0" arrivalPos="22.63" arrivalSpeed="12.66" duration="189.00" routeLength="2385.35" waitSteps="17" timeLoss="50.80" rerouteNo="0" devices="vehroute_94 tripinfo_94" vType="Car" vaporized=""/>
</tripinfos>
