<?xml version="1.0" encoding="UTF-8"?>

<!-- generated on 03/31/17 22:42:07 by SUMO Version 0.28.0
<?xml version="1.0" encoding="UTF-8"?>

<configuration xmlns:xsi="http://www.w3.org/2001/XMLSchema-instance" xsi:noNamespaceSchemaLocation="http://sumo.dlr.de/xsd/sumoConfiguration.xsd">

    <input>
        <net-file value="hello.net.xml"/>
        <route-files value="hello.rou.xml"/>
    </input>

    <output>
        <tripinfo-output value="tripinfo.xml"/>
        <vehroute-output value="vehroutes.xml"/>
    </output>

    <report>
        <xml-validation value="never"/>
        <duration-log.disable value="true"/>
        <no-step-log value="true"/>
    </report>

    <traci_server>
        <remote-port value="8814"/>
    </traci_server>

</configuration>
-->

<tripinfos xmlns:xsi="http://www.w3.org/2001/XMLSchema-instance" xsi:noNamespaceSchemaLocation="http://sumo.dlr.de/xsd/tripinfo_file.xsd">
    <tripinfo id="2" depart="2.00" departLane="124794665#0_0" departPos="4.60" departSpeed="6.28" departDelay="0.00" arrival="111.00" arrivalLane="124794665#10_0" arrivalPos="313.92" arrivalSpeed="13.89" duration="109.00" routeLength="1301.61" waitSteps="0" timeLoss="14.71" rerouteNo="0" devices="vehroute_2 tripinfo_2" vType="Car" vaporized=""/>
    <tripinfo id="10" depart="10.00" departLane="-198595456#4_0" departPos="4.60" departSpeed="26.99" departDelay="0.00" arrival="114.00" arrivalLane="-198595455#0_0" arrivalPos="13.19" arrivalSpeed="25.00" duration="104.00" routeLength="1422.84" waitSteps="28" timeLoss="52.59" rerouteNo="0" devices="vehroute_10 tripinfo_10" vType="Car" vaporized=""/>
    <tripinfo id="14" depart="14.00" departLane="-198595456#4_0" departPos="4.60" departSpeed="3.60" departDelay="0.00" arrival="114.00" arrivalLane="-198595455#0_1" arrivalPos="13.19" arrivalSpeed="25.00" duration="100.00" routeLength="1422.84" waitSteps="22" timeLoss="48.58" rerouteNo="0" devices="vehroute_14 tripinfo_14" vType="Car" vaporized=""/>
    <tripinfo id="11" depart="11.00" departLane="-5708224#2_0" departPos="4.60" departSpeed="0.59" departDelay="0.00" arrival="116.00" arrivalLane="198595565#3_0" arrivalPos="256.22" arrivalSpeed="13.89" duration="105.00" routeLength="1268.79" waitSteps="0" timeLoss="12.76" rerouteNo="0" devices="vehroute_11 tripinfo_11" vType="Car" vaporized=""/>
    <tripinfo id="23" depart="23.00" departLane="-5708224#2_0" departPos="4.60" departSpeed="12.07" departDelay="0.00" arrival="121.00" arrivalLane="198595565#3_0" arrivalPos="256.22" arrivalSpeed="13.89" duration="98.00" routeLength="1268.79" waitSteps="0" timeLoss="5.75" rerouteNo="0" devices="vehroute_23 tripinfo_23" vType="Car" vaporized=""/>
    <tripinfo id="17" depart="17.00" departLane="124794665#0_0" departPos="4.60" departSpeed="8.11" departDelay="0.00" arrival="124.00" arrivalLane="124794665#10_0" arrivalPos="313.92" arrivalSpeed="13.89" duration="107.00" routeLength="1301.61" waitSteps="0" timeLoss="12.42" rerouteNo="0" devices="vehroute_17 tripinfo_17" vType="Car" vaporized=""/>
    <tripinfo id="24" depart="24.00" departLane="-5708224#2_0" departPos="4.60" departSpeed="7.61" departDelay="0.00" arrival="126.00" arrivalLane="198595565#3_0" arrivalPos="256.22" arrivalSpeed="13.89" duration="102.00" routeLength="1268.79" waitSteps="0" timeLoss="10.26" rerouteNo="0" devices="vehroute_24 tripinfo_24" vType="Car" vaporized=""/>
    <tripinfo id="18" depart="18.00" departLane="124794665#0_0" departPos="4.60" departSpeed="0.37" departDelay="0.00" arrival="132.00" arrivalLane="124794665#10_0" arrivalPos="313.92" arrivalSpeed="13.89" duration="114.00" routeLength="1301.61" waitSteps="0" timeLoss="19.30" rerouteNo="0" devices="vehroute_18 tripinfo_18" vType="Car" vaporized=""/>
    <tripinfo id="19" depart="21.00" departLane="124794665#0_0" departPos="4.60" departSpeed="0.61" departDelay="2.00" arrival="135.00" arrivalLane="124794665#10_0" arrivalPos="313.92" arrivalSpeed="13.89" duration="114.00" routeLength="1301.61" waitSteps="0" timeLoss="19.80" rerouteNo="0" devices="vehroute_19 tripinfo_19" vType="Car" vaporized=""/>
    <tripinfo id="25" depart="25.00" departLane="124794665#0_0" departPos="4.60" departSpeed="1.93" departDelay="0.00" arrival="140.00" arrivalLane="124794665#10_0" arrivalPos="313.92" arrivalSpeed="13.89" duration="115.00" routeLength="1301.61" waitSteps="0" timeLoss="20.29" rerouteNo="0" devices="vehroute_25 tripinfo_25" vType="Car" vaporized=""/>
    <tripinfo id="35" depart="35.00" departLane="5703313#0_0" departPos="4.60" departSpeed="7.06" departDelay="0.00" arrival="144.00" arrivalLane="216933519_0" arrivalPos="182.24" arrivalSpeed="13.89" duration="109.00" routeLength="1368.32" waitSteps="0" timeLoss="9.76" rerouteNo="0" devices="vehroute_35 tripinfo_35" vType="Car" vaporized=""/>
    <tripinfo id="38" depart="38.00" departLane="124794665#0_0" departPos="4.60" departSpeed="2.55" departDelay="0.00" arrival="150.00" arrivalLane="124794665#10_0" arrivalPos="313.92" arrivalSpeed="13.89" duration="112.00" routeLength="1301.61" waitSteps="0" timeLoss="17.77" rerouteNo="0" devices="vehroute_38 tripinfo_38" vType="Car" vaporized=""/>
    <tripinfo id="42" depart="42.00" departLane="-5708224#2_0" departPos="4.60" departSpeed="10.09" departDelay="0.00" arrival="150.00" arrivalLane="198595565#3_0" arrivalPos="256.22" arrivalSpeed="13.89" duration="108.00" routeLength="1268.79" waitSteps="3" timeLoss="16.36" rerouteNo="0" devices="vehroute_42 tripinfo_42" vType="Car" vaporized=""/>
    <tripinfo id="43" depart="43.00" departLane="-5708224#2_0" departPos="4.60" departSpeed="8.38" departDelay="0.00" arrival="152.00" arrivalLane="198595565#3_0" arrivalPos="256.22" arrivalSpeed="13.89" duration="109.00" routeLength="1268.79" waitSteps="3" timeLoss="17.48" rerouteNo="0" devices="vehroute_43 tripinfo_43" vType="Car" vaporized=""/>
    <tripinfo id="47" depart="47.00" departLane="-5708224#2_0" departPos="4.60" departSpeed="5.42" departDelay="0.00" arrival="154.00" arrivalLane="198595565#3_0" arrivalPos="256.22" arrivalSpeed="13.89" duration="107.00" routeLength="1268.79" waitSteps="1" timeLoss="15.54" rerouteNo="0" devices="vehroute_47 tripinfo_47" vType="Car" vaporized=""/>
    <tripinfo id="44" depart="44.00" departLane="124794665#0_0" departPos="4.60" departSpeed="0.48" departDelay="0.00" arrival="156.00" arrivalLane="124794665#10_0" arrivalPos="313.92" arrivalSpeed="13.89" duration="112.00" routeLength="1301.61" waitSteps="0" timeLoss="17.38" rerouteNo="0" devices="vehroute_44 tripinfo_44" vType="Car" vaporized=""/>
    <tripinfo id="48" depart="49.00" departLane="-5708224#2_0" departPos="4.60" departSpeed="7.39" departDelay="1.00" arrival="156.00" arrivalLane="198595565#3_0" arrivalPos="256.22" arrivalSpeed="13.89" duration="107.00" routeLength="1268.79" waitSteps="0" timeLoss="15.22" rerouteNo="0" devices="vehroute_48 tripinfo_48" vType="Car" vaporized=""/>
    <tripinfo id="49" depart="50.00" departLane="-5708224#2_0" departPos="4.60" departSpeed="3.27" departDelay="1.00" arrival="158.00" arrivalLane="198595565#3_0" arrivalPos="256.22" arrivalSpeed="13.89" duration="108.00" routeLength="1268.79" waitSteps="0" timeLoss="16.39" rerouteNo="0" devices="vehroute_49 tripinfo_49" vType="Car" vaporized=""/>
    <tripinfo id="51" depart="51.00" departLane="124794665#0_0" departPos="4.60" departSpeed="3.99" departDelay="0.00" arrival="160.00" arrivalLane="124794665#10_0" arrivalPos="313.92" arrivalSpeed="13.89" duration="109.00" routeLength="1301.61" waitSteps="0" timeLoss="14.68" rerouteNo="0" devices="vehroute_51 tripinfo_51" vType="Car" vaporized=""/>
    <tripinfo id="61" depart="61.00" departLane="-5708224#2_0" departPos="4.60" departSpeed="6.65" departDelay="0.00" arrival="162.00" arrivalLane="198595565#3_0" arrivalPos="256.22" arrivalSpeed="13.89" duration="101.00" routeLength="1268.79" waitSteps="0" timeLoss="8.89" rerouteNo="0" devices="vehroute_61 tripinfo_61" vType="Car" vaporized=""/>
    <tripinfo id="62" depart="62.00" departLane="-5708224#2_0" departPos="4.60" departSpeed="3.79" departDelay="0.00" arrival="164.00" arrivalLane="198595565#3_0" arrivalPos="256.22" arrivalSpeed="13.89" duration="102.00" routeLength="1268.79" waitSteps="0" timeLoss="10.19" rerouteNo="0" devices="vehroute_62 tripinfo_62" vType="Car" vaporized=""/>
    <tripinfo id="58" depart="58.00" departLane="124794665#0_0" departPos="4.60" departSpeed="5.60" departDelay="0.00" arrival="166.00" arrivalLane="124794665#10_0" arrivalPos="313.92" arrivalSpeed="13.89" duration="108.00" routeLength="1301.61" waitSteps="0" timeLoss="13.84" rerouteNo="0" devices="vehroute_58 tripinfo_58" vType="Car" vaporized=""/>
    <tripinfo id="63" depart="64.00" departLane="-5708224#2_0" departPos="4.60" departSpeed="2.09" departDelay="1.00" arrival="169.00" arrivalLane="198595565#3_0" arrivalPos="256.22" arrivalSpeed="13.89" duration="105.00" routeLength="1268.79" waitSteps="0" timeLoss="13.12" rerouteNo="0" devices="vehroute_63 tripinfo_63" vType="Car" vaporized=""/>
    <tripinfo id="8" depart="8.00" departLane="-110299714#6_0" departPos="4.60" departSpeed="2.51" departDelay="0.00" arrival="179.00" arrivalLane="-5704055#0_0" arrivalPos="168.93" arrivalSpeed="13.89" duration="171.00" routeLength="1458.58" waitSteps="43" timeLoss="68.13" rerouteNo="0" devices="vehroute_8 tripinfo_8" vType="Car" vaporized=""/>
    <tripinfo id="22" depart="22.00" departLane="-110299714#6_0" departPos="4.60" departSpeed="1.52" departDelay="0.00" arrival="181.00" arrivalLane="-5704055#0_0" arrivalPos="168.93" arrivalSpeed="13.89" duration="159.00" routeLength="1458.58" waitSteps="34" timeLoss="56.02" rerouteNo="0" devices="vehroute_22 tripinfo_22" vType="Car" vaporized=""/>
    <tripinfo id="4" depart="4.00" departLane="198595558#0_0" departPos="4.60" departSpeed="3.29" departDelay="0.00" arrival="182.00" arrivalLane="5702757#2_0" arrivalPos="360.42" arrivalSpeed="13.89" duration="178.00" routeLength="1641.68" waitSteps="14" timeLoss="27.05" rerouteNo="0" devices="vehroute_4 tripinfo_4" vType="Car" vaporized=""/>
    <tripinfo id="30" depart="30.00" departLane="-110299714#6_0" departPos="4.60" departSpeed="13.00" departDelay="0.00" arrival="183.00" arrivalLane="-5704055#0_0" arrivalPos="168.93" arrivalSpeed="13.89" duration="153.00" routeLength="1458.58" waitSteps="31" timeLoss="50.31" rerouteNo="0" devices="vehroute_30 tripinfo_30" vType="Car" vaporized=""/>
    <tripinfo id="5" depart="6.00" departLane="198595558#0_0" departPos="4.60" departSpeed="3.36" departDelay="1.00" arrival="184.00" arrivalLane="5702757#2_0" arrivalPos="360.42" arrivalSpeed="13.89" duration="178.00" routeLength="1641.68" waitSteps="13" timeLoss="27.07" rerouteNo="0" devices="vehroute_5 tripinfo_5" vType="Car" vaporized=""/>
    <tripinfo id="34" depart="34.00" departLane="-110299714#6_0" departPos="4.60" departSpeed="13.65" departDelay="0.00" arrival="185.00" arrivalLane="-5704055#0_0" arrivalPos="168.93" arrivalSpeed="13.89" duration="151.00" routeLength="1458.58" waitSteps="28" timeLoss="48.26" rerouteNo="0" devices="vehroute_34 tripinfo_34" vType="Car" vaporized=""/>
    <tripinfo id="12" depart="12.00" departLane="198595558#0_0" departPos="4.60" departSpeed="11.41" departDelay="0.00" arrival="186.00" arrivalLane="5702757#2_0" arrivalPos="360.42" arrivalSpeed="13.89" duration="174.00" routeLength="1641.68" waitSteps="12" timeLoss="22.60" rerouteNo="0" devices="vehroute_12 tripinfo_12" vType="Car" vaporized=""/>
    <tripinfo id="41" depart="41.00" departLane="-110299714#6_0" departPos="4.60" departSpeed="8.15" departDelay="0.00" arrival="187.00" arrivalLane="-5704055#0_0" arrivalPos="168.93" arrivalSpeed="13.89" duration="146.00" routeLength="1458.58" waitSteps="21" timeLoss="42.96" rerouteNo="0" devices="vehroute_41 tripinfo_41" vType="Car" vaporized=""/>
    <tripinfo id="15" depart="15.00" departLane="198595558#0_0" departPos="4.60" departSpeed="10.41" departDelay="0.00" arrival="188.00" arrivalLane="5702757#2_0" arrivalPos="360.42" arrivalSpeed="13.89" duration="173.00" routeLength="1641.68" waitSteps="11" timeLoss="21.90" rerouteNo="0" devices="vehroute_15 tripinfo_15" vType="Car" vaporized=""/>
    <tripinfo id="65" depart="65.00" departLane="-110299714#6_0" departPos="4.60" departSpeed="13.47" departDelay="0.00" arrival="189.00" arrivalLane="-5704055#0_0" arrivalPos="168.93" arrivalSpeed="13.89" duration="124.00" routeLength="1458.58" waitSteps="0" timeLoss="21.03" rerouteNo="0" devices="vehroute_65 tripinfo_65" vType="Car" vaporized=""/>
    <tripinfo id="20" depart="20.00" departLane="198595558#0_0" departPos="4.60" departSpeed="5.87" departDelay="0.00" arrival="190.00" arrivalLane="5702757#2_0" arrivalPos="360.42" arrivalSpeed="13.89" duration="170.00" routeLength="1641.68" waitSteps="6" timeLoss="18.92" rerouteNo="0" devices="vehroute_20 tripinfo_20" vType="Car" vaporized=""/>
    <tripinfo id="21" depart="21.00" departLane="198595558#0_0" departPos="4.60" departSpeed="2.25" departDelay="0.00" arrival="192.00" arrivalLane="5702757#2_0" arrivalPos="360.42" arrivalSpeed="13.89" duration="171.00" routeLength="1641.68" waitSteps="3" timeLoss="20.05" rerouteNo="0" devices="vehroute_21 tripinfo_21" vType="Car" vaporized=""/>
    <tripinfo id="79" depart="79.00" departLane="-5708224#2_0" departPos="4.60" departSpeed="7.32" departDelay="0.00" arrival="192.00" arrivalLane="198595565#3_0" arrivalPos="256.22" arrivalSpeed="13.89" duration="113.00" routeLength="1268.79" waitSteps="9" timeLoss="21.36" rerouteNo="0" devices="vehroute_79 tripinfo_79" vType="Car" vaporized=""/>
    <tripinfo id="6" depart="26.00" departLane="5701670#0_0" departPos="4.60" departSpeed="4.53" departDelay="20.00" arrival="193.00" arrivalLane="216933520#1_0" arrivalPos="233.03" arrivalSpeed="13.89" duration="167.00" routeLength="1915.19" waitSteps="0" timeLoss="7.00" rerouteNo="1" devices="vehroute_6 tripinfo_6" vType="Car" vaporized=""/>
    <tripinfo id="29" depart="29.00" departLane="198595558#0_0" departPos="4.60" departSpeed="4.99" departDelay="0.00" arrival="194.00" arrivalLane="5702757#2_0" arrivalPos="360.42" arrivalSpeed="13.89" duration="165.00" routeLength="1641.68" waitSteps="0" timeLoss="13.78" rerouteNo="0" devices="vehroute_29 tripinfo_29" vType="Car" vaporized=""/>
    <tripinfo id="32" depart="32.00" departLane="198595558#0_0" departPos="4.60" departSpeed="1.15" departDelay="0.00" arrival="196.00" arrivalLane="5702757#2_0" arrivalPos="360.42" arrivalSpeed="13.89" duration="164.00" routeLength="1641.68" waitSteps="0" timeLoss="12.80" rerouteNo="0" devices="vehroute_32 tripinfo_32" vType="Car" vaporized=""/>
    <tripinfo id="40" depart="40.00" departLane="198595558#0_0" departPos="4.60" departSpeed="8.44" departDelay="0.00" arrival="198.00" arrivalLane="5702757#2_0" arrivalPos="360.42" arrivalSpeed="13.89" duration="158.00" routeLength="1641.68" waitSteps="0" timeLoss="7.15" rerouteNo="0" devices="vehroute_40 tripinfo_40" vType="Car" vaporized=""/>
    <tripinfo id="9" depart="28.00" departLane="5701670#0_0" departPos="4.60" departSpeed="4.72" departDelay="19.00" arrival="199.00" arrivalLane="216933520#1_0" arrivalPos="233.03" arrivalSpeed="13.89" duration="171.00" routeLength="1915.19" waitSteps="0" timeLoss="10.63" rerouteNo="1" devices="vehroute_9 tripinfo_9" vType="Car" vaporized=""/>
    <tripinfo id="83" depart="83.00" departLane="-110299714#6_0" departPos="4.60" departSpeed="8.44" departDelay="0.00" arrival="201.00" arrivalLane="-5704055#0_0" arrivalPos="168.93" arrivalSpeed="13.89" duration="118.00" routeLength="1458.58" waitSteps="0" timeLoss="15.00" rerouteNo="0" devices="vehroute_83 tripinfo_83" vType="Car" vaporized=""/>
    <tripinfo id="50" depart="50.00" departLane="-198595456#4_0" departPos="4.60" departSpeed="6.59" departDelay="0.00" arrival="204.00" arrivalLane="-198595455#0_1" arrivalPos="13.19" arrivalSpeed="25.00" duration="154.00" routeLength="1422.84" waitSteps="64" timeLoss="102.57" rerouteNo="0" devices="vehroute_50 tripinfo_50" vType="Car" vaporized=""/>
    <tripinfo id="37" depart="37.00" departLane="-198595456#4_0" departPos="4.60" departSpeed="9.88" departDelay="0.00" arrival="204.00" arrivalLane="-198595455#0_0" arrivalPos="13.19" arrivalSpeed="25.00" duration="167.00" routeLength="1422.84" waitSteps="80" timeLoss="115.59" rerouteNo="0" devices="vehroute_37 tripinfo_37" vType="Car" vaporized=""/>
    <tripinfo id="96" depart="96.00" departLane="-198595456#4_0" departPos="4.60" departSpeed="10.21" departDelay="0.00" arrival="206.00" arrivalLane="-198595455#0_0" arrivalPos="13.19" arrivalSpeed="26.00" duration="110.00" routeLength="1422.84" waitSteps="23" timeLoss="57.89" rerouteNo="0" devices="vehroute_96 tripinfo_96" vType="Car" vaporized=""/>
    <tripinfo id="67" depart="67.00" departLane="-198595456#4_0" departPos="4.60" departSpeed="25.13" departDelay="0.00" arrival="206.00" arrivalLane="-198595455#0_1" arrivalPos="13.19" arrivalSpeed="26.00" duration="139.00" routeLength="1422.84" waitSteps="55" timeLoss="86.88" rerouteNo="0" devices="vehroute_67 tripinfo_67" vType="Car" vaporized=""/>
    <tripinfo id="31" depart="31.00" departLane="5701670#0_0" departPos="4.60" departSpeed="0.84" departDelay="0.00" arrival="206.00" arrivalLane="216933520#1_0" arrivalPos="233.03" arrivalSpeed="13.89" duration="175.00" routeLength="1915.19" waitSteps="0" timeLoss="13.81" rerouteNo="1" devices="vehroute_31 tripinfo_31" vType="Car" vaporized=""/>
    <tripinfo id="100" depart="100.00" departLane="-198595456#4_0" departPos="4.60" departSpeed="5.80" departDelay="0.00" arrival="207.00" arrivalLane="-198595455#0_1" arrivalPos="13.19" arrivalSpeed="26.00" duration="107.00" routeLength="1422.84" waitSteps="23" timeLoss="55.12" rerouteNo="0" devices="vehroute_100 tripinfo_100" vType="Car" vaporized=""/>
    <tripinfo id="98" depart="98.00" departLane="-198595456#4_0" departPos="4.60" departSpeed="4.37" departDelay="0.00" arrival="207.00" arrivalLane="-198595455#0_0" arrivalPos="13.19" arrivalSpeed="26.00" duration="109.00" routeLength="1422.84" waitSteps="23" timeLoss="57.10" rerouteNo="0" devices="vehroute_98 tripinfo_98" vType="Car" vaporized=""/>
    <tripinfo id="86" depart="86.00" departLane="124794665#0_0" departPos="4.60" departSpeed="5.33" departDelay="0.00" arrival="214.00" arrivalLane="124794665#10_0" arrivalPos="313.92" arrivalSpeed="13.89" duration="128.00" routeLength="1301.61" waitSteps="14" timeLoss="33.30" rerouteNo="0" devices="vehroute_86 tripinfo_86" vType="Car" vaporized=""/>
    <tripinfo id="90" depart="90.00" departLane="124794665#0_0" departPos="4.60" departSpeed="8.09" departDelay="0.00" arrival="215.00" arrivalLane="124794665#10_0" arrivalPos="313.92" arrivalSpeed="13.89" duration="125.00" routeLength="1301.61" waitSteps="13" timeLoss="30.76" rerouteNo="0" devices="vehroute_90 tripinfo_90" vType="Car" vaporized=""/>
    <tripinfo id="57" depart="59.00" departLane="5701670#0_0" departPos="4.60" departSpeed="0.94" departDelay="2.00" arrival="219.00" arrivalLane="216933520#1_0" arrivalPos="233.03" arrivalSpeed="13.89" duration="160.00" routeLength="1960.61" waitSteps="6" timeLoss="23.53" rerouteNo="0" devices="vehroute_57 tripinfo_57" vType="Car" vaporized=""/>
    <tripinfo id="53" depart="53.00" departLane="5701670#0_0" departPos="4.60" departSpeed="2.16" departDelay="0.00" arrival="222.00" arrivalLane="216933520#1_0" arrivalPos="233.03" arrivalSpeed="13.89" duration="169.00" routeLength="1915.19" waitSteps="0" timeLoss="9.00" rerouteNo="1" devices="vehroute_53 tripinfo_53" vType="Car" vaporized=""/>
    <tripinfo id="117" depart="117.00" departLane="-5708224#2_0" departPos="4.60" departSpeed="0.57" departDelay="0.00" arrival="226.00" arrivalLane="198595565#3_0" arrivalPos="256.22" arrivalSpeed="13.89" duration="109.00" routeLength="1268.79" waitSteps="1" timeLoss="17.23" rerouteNo="0" devices="vehroute_117 tripinfo_117" vType="Car" vaporized=""/>
    <tripinfo id="116" depart="116.00" departLane="124794665#0_0" departPos="4.60" departSpeed="10.60" departDelay="0.00" arrival="230.00" arrivalLane="124794665#10_0" arrivalPos="313.92" arrivalSpeed="13.89" duration="114.00" routeLength="1301.61" waitSteps="0" timeLoss="19.94" rerouteNo="0" devices="vehroute_116 tripinfo_116" vType="Car" vaporized=""/>
    <tripinfo id="66" depart="66.00" departLane="5701670#0_0" departPos="4.60" departSpeed="3.54" departDelay="0.00" arrival="231.00" arrivalLane="216933520#1_0" arrivalPos="233.03" arrivalSpeed="13.89" duration="165.00" routeLength="1960.61" waitSteps="6" timeLoss="28.35" rerouteNo="0" devices="vehroute_66 tripinfo_66" vType="Car" vaporized=""/>
    <tripinfo id="70" depart="70.00" departLane="5701670#0_0" departPos="4.60" departSpeed="2.75" departDelay="0.00" arrival="232.00" arrivalLane="216933520#1_0" arrivalPos="233.03" arrivalSpeed="13.89" duration="162.00" routeLength="1960.61" waitSteps="2" timeLoss="26.14" rerouteNo="0" devices="vehroute_70 tripinfo_70" vType="Car" vaporized=""/>
    <tripinfo id="73" depart="73.00" departLane="5701670#0_0" departPos="4.60" departSpeed="1.51" departDelay="0.00" arrival="234.00" arrivalLane="216933520#1_0" arrivalPos="233.03" arrivalSpeed="13.89" duration="161.00" routeLength="1960.61" waitSteps="2" timeLoss="24.46" rerouteNo="0" devices="vehroute_73 tripinfo_73" vType="Car" vaporized=""/>
    <tripinfo id="84" depart="84.00" departLane="5701670#0_0" departPos="4.60" departSpeed="4.98" departDelay="0.00" arrival="236.00" arrivalLane="216933520#1_0" arrivalPos="233.03" arrivalSpeed="13.89" duration="152.00" routeLength="1960.61" waitSteps="0" timeLoss="16.10" rerouteNo="0" devices="vehroute_84 tripinfo_84" vType="Car" vaporized=""/>
    <tripinfo id="87" depart="87.00" departLane="5701670#0_0" departPos="4.60" departSpeed="1.25" departDelay="0.00" arrival="238.00" arrivalLane="216933520#1_0" arrivalPos="233.03" arrivalSpeed="13.89" duration="151.00" routeLength="1960.61" waitSteps="0" timeLoss="14.47" rerouteNo="0" devices="vehroute_87 tripinfo_87" vType="Car" vaporized=""/>
    <tripinfo id="131" depart="131.00" departLane="124794665#0_0" departPos="4.60" departSpeed="11.58" departDelay="0.00" arrival="239.00" arrivalLane="124794665#10_0" arrivalPos="313.92" arrivalSpeed="13.89" duration="108.00" routeLength="1301.61" waitSteps="0" timeLoss="13.87" rerouteNo="0" devices="vehroute_131 tripinfo_131" vType="Car" vaporized=""/>
    <tripinfo id="26" depart="26.00" departLane="198595471#0_0" departPos="4.60" departSpeed="6.56" departDelay="0.00" arrival="239.00" arrivalLane="5701721#10_0" arrivalPos="336.05" arrivalSpeed="11.18" duration="213.00" routeLength="2028.79" waitSteps="24" timeLoss="65.99" rerouteNo="0" devices="vehroute_26 tripinfo_26" vType="Car" vaporized=""/>
    <tripinfo id="39" depart="39.00" departLane="198595471#0_0" departPos="4.60" departSpeed="4.07" departDelay="0.00" arrival="240.00" arrivalLane="5701721#10_0" arrivalPos="336.05" arrivalSpeed="11.18" duration="201.00" routeLength="2028.79" waitSteps="10" timeLoss="54.51" rerouteNo="0" devices="vehroute_39 tripinfo_39" vType="Car" vaporized=""/>
    <tripinfo id="54" depart="54.00" departLane="198595471#0_0" departPos="4.60" departSpeed="6.11" departDelay="0.00" arrival="242.00" arrivalLane="5701721#10_0" arrivalPos="336.05" arrivalSpeed="11.18" duration="188.00" routeLength="2028.79" waitSteps="0" timeLoss="41.01" rerouteNo="0" devices="vehroute_54 tripinfo_54" vType="Car" vaporized=""/>
    <tripinfo id="137" depart="137.00" departLane="124794665#0_0" departPos="4.60" departSpeed="12.05" departDelay="0.00" arrival="244.00" arrivalLane="124794665#10_0" arrivalPos="313.92" arrivalSpeed="13.89" duration="107.00" routeLength="1301.61" waitSteps="0" timeLoss="12.96" rerouteNo="0" devices="vehroute_137 tripinfo_137" vType="Car" vaporized=""/>
    <tripinfo id="59" depart="59.00" departLane="198595471#0_0" departPos="4.60" departSpeed="12.22" departDelay="0.00" arrival="244.00" arrivalLane="5701721#10_0" arrivalPos="336.05" arrivalSpeed="11.18" duration="185.00" routeLength="2028.79" waitSteps="0" timeLoss="37.92" rerouteNo="0" devices="vehroute_59 tripinfo_59" vType="Car" vaporized=""/>
    <tripinfo id="56" depart="56.00" departLane="5701670#0_0" departPos="4.60" departSpeed="1.07" departDelay="0.00" arrival="245.00" arrivalLane="216933520#1_0" arrivalPos="233.03" arrivalSpeed="13.89" duration="189.00" routeLength="1915.19" waitSteps="13" timeLoss="29.01" rerouteNo="1" devices="vehroute_56 tripinfo_56" vType="Car" vaporized=""/>
    <tripinfo id="68" depart="68.00" departLane="198595471#0_0" departPos="4.60" departSpeed="3.95" departDelay="0.00" arrival="246.00" arrivalLane="5701721#10_0" arrivalPos="336.05" arrivalSpeed="11.18" duration="178.00" routeLength="2028.79" waitSteps="0" timeLoss="30.87" rerouteNo="0" devices="vehroute_68 tripinfo_68" vType="Car" vaporized=""/>
    <tripinfo id="141" depart="141.00" departLane="124794665#0_0" departPos="4.60" departSpeed="5.47" departDelay="0.00" arrival="249.00" arrivalLane="124794665#10_0" arrivalPos="313.92" arrivalSpeed="13.89" duration="108.00" routeLength="1301.61" waitSteps="0" timeLoss="14.27" rerouteNo="0" devices="vehroute_141 tripinfo_141" vType="Car" vaporized=""/>
    <tripinfo id="122" depart="122.00" departLane="-5708224#2_0" departPos="4.60" departSpeed="2.06" departDelay="0.00" arrival="250.00" arrivalLane="198595565#3_0" arrivalPos="256.22" arrivalSpeed="13.89" duration="128.00" routeLength="1268.79" waitSteps="13" timeLoss="36.23" rerouteNo="0" devices="vehroute_122 tripinfo_122" vType="Car" vaporized=""/>
    <tripinfo id="126" depart="126.00" departLane="-5708224#2_0" departPos="4.60" departSpeed="5.31" departDelay="0.00" arrival="252.00" arrivalLane="198595565#3_0" arrivalPos="256.22" arrivalSpeed="13.89" duration="126.00" routeLength="1268.79" waitSteps="13" timeLoss="33.71" rerouteNo="0" devices="vehroute_126 tripinfo_126" vType="Car" vaporized=""/>
    <tripinfo id="146" depart="146.00" departLane="124794665#0_0" departPos="4.60" departSpeed="10.72" departDelay="0.00" arrival="253.00" arrivalLane="124794665#10_0" arrivalPos="313.92" arrivalSpeed="13.89" duration="107.00" routeLength="1301.61" waitSteps="0" timeLoss="13.21" rerouteNo="0" devices="vehroute_146 tripinfo_146" vType="Car" vaporized=""/>
    <tripinfo id="139" depart="139.00" departLane="-5708224#2_0" departPos="4.60" departSpeed="0.14" departDelay="0.00" arrival="253.00" arrivalLane="198595565#3_0" arrivalPos="256.22" arrivalSpeed="13.89" duration="114.00" routeLength="1268.79" waitSteps="5" timeLoss="22.17" rerouteNo="0" devices="vehroute_139 tripinfo_139" vType="Car" vaporized=""/>
    <tripinfo id="97" depart="97.00" departLane="5701670#0_0" departPos="4.60" departSpeed="3.05" departDelay="0.00" arrival="254.00" arrivalLane="216933520#1_0" arrivalPos="233.03" arrivalSpeed="13.89" duration="157.00" routeLength="1960.61" waitSteps="3" timeLoss="20.38" rerouteNo="0" devices="vehroute_97 tripinfo_97" vType="Car" vaporized=""/>
    <tripinfo id="99" depart="99.00" departLane="5701670#0_0" departPos="4.60" departSpeed="2.65" departDelay="0.00" arrival="255.00" arrivalLane="216933520#1_0" arrivalPos="233.03" arrivalSpeed="13.89" duration="156.00" routeLength="1960.61" waitSteps="1" timeLoss="20.18" rerouteNo="0" devices="vehroute_99 tripinfo_99" vType="Car" vaporized=""/>
    <tripinfo id="140" depart="143.00" departLane="-5708224#2_0" departPos="4.60" departSpeed="4.05" departDelay="3.00" arrival="255.00" arrivalLane="198595565#3_0" arrivalPos="256.22" arrivalSpeed="13.89" duration="112.00" routeLength="1268.79" waitSteps="5" timeLoss="20.62" rerouteNo="0" devices="vehroute_140 tripinfo_140" vType="Car" vaporized=""/>
    <tripinfo id="104" depart="104.00" departLane="5701670#0_0" departPos="4.60" departSpeed="5.61" departDelay="0.00" arrival="257.00" arrivalLane="216933520#1_0" arrivalPos="233.03" arrivalSpeed="13.89" duration="153.00" routeLength="1960.61" waitSteps="0" timeLoss="16.50" rerouteNo="0" devices="vehroute_104 tripinfo_104" vType="Car" vaporized=""/>
    <tripinfo id="110" depart="110.00" departLane="5701670#0_0" departPos="4.60" departSpeed="2.98" departDelay="0.00" arrival="258.00" arrivalLane="216933520#1_0" arrivalPos="233.03" arrivalSpeed="13.89" duration="148.00" routeLength="1960.61" waitSteps="0" timeLoss="12.35" rerouteNo="0" devices="vehroute_110 tripinfo_110" vType="Car" vaporized=""/>
    <tripinfo id="115" depart="115.00" departLane="5701670#0_0" departPos="4.60" departSpeed="5.92" departDelay="0.00" arrival="261.00" arrivalLane="216933520#1_0" arrivalPos="233.03" arrivalSpeed="13.89" duration="146.00" routeLength="1960.61" waitSteps="0" timeLoss="9.72" rerouteNo="0" devices="vehroute_115 tripinfo_115" vType="Car" vaporized=""/>
    <tripinfo id="155" depart="155.00" departLane="124794665#0_0" departPos="4.60" departSpeed="8.87" departDelay="0.00" arrival="267.00" arrivalLane="124794665#10_0" arrivalPos="313.92" arrivalSpeed="13.89" duration="112.00" routeLength="1301.61" waitSteps="0" timeLoss="18.21" rerouteNo="0" devices="vehroute_155 tripinfo_155" vType="Car" vaporized=""/>
    <tripinfo id="76" depart="76.00" departLane="5703313#0_0" departPos="4.60" departSpeed="6.67" departDelay="0.00" arrival="268.00" arrivalLane="216933519_0" arrivalPos="182.24" arrivalSpeed="13.89" duration="192.00" routeLength="1368.32" waitSteps="58" timeLoss="93.30" rerouteNo="0" devices="vehroute_76 tripinfo_76" vType="Car" vaporized=""/>
    <tripinfo id="102" depart="102.00" departLane="-110299714#6_0" departPos="4.60" departSpeed="11.35" departDelay="0.00" arrival="269.00" arrivalLane="-5704055#0_0" arrivalPos="168.93" arrivalSpeed="13.89" duration="167.00" routeLength="1458.58" waitSteps="43" timeLoss="64.13" rerouteNo="0" devices="vehroute_102 tripinfo_102" vType="Car" vaporized=""/>
    <tripinfo id="109" depart="109.00" departLane="-110299714#6_0" departPos="4.60" departSpeed="12.35" departDelay="0.00" arrival="271.00" arrivalLane="-5704055#0_0" arrivalPos="168.93" arrivalSpeed="13.89" duration="162.00" routeLength="1458.58" waitSteps="34" timeLoss="59.03" rerouteNo="0" devices="vehroute_109 tripinfo_109" vType="Car" vaporized=""/>
    <tripinfo id="45" depart="45.00" departLane="198595558#0_0" departPos="4.60" departSpeed="1.36" departDelay="0.00" arrival="272.00" arrivalLane="5702757#2_0" arrivalPos="360.42" arrivalSpeed="13.89" duration="227.00" routeLength="1641.68" waitSteps="61" timeLoss="76.05" rerouteNo="0" devices="vehroute_45 tripinfo_45" vType="Car" vaporized=""/>
    <tripinfo id="127" depart="127.00" departLane="-110299714#6_0" departPos="4.60" departSpeed="1.85" departDelay="0.00" arrival="273.00" arrivalLane="-5704055#0_0" arrivalPos="168.93" arrivalSpeed="13.89" duration="146.00" routeLength="1458.58" waitSteps="8" timeLoss="43.34" rerouteNo="0" devices="vehroute_127 tripinfo_127" vType="Car" vaporized=""/>
    <tripinfo id="60" depart="60.00" departLane="198595558#0_0" departPos="4.60" departSpeed="1.38" departDelay="0.00" arrival="274.00" arrivalLane="5702757#2_0" arrivalPos="360.42" arrivalSpeed="13.89" duration="214.00" routeLength="1641.68" waitSteps="48" timeLoss="63.08" rerouteNo="0" devices="vehroute_60 tripinfo_60" vType="Car" vaporized=""/>
    <tripinfo id="158" depart="158.00" departLane="-110299714#6_0" departPos="4.60" departSpeed="6.57" departDelay="0.00" arrival="275.00" arrivalLane="-5704055#0_0" arrivalPos="168.93" arrivalSpeed="13.89" duration="117.00" routeLength="1458.58" waitSteps="0" timeLoss="13.70" rerouteNo="0" devices="vehroute_158 tripinfo_158" vType="Car" vaporized=""/>
    <tripinfo id="72" depart="72.00" departLane="198595558#0_0" departPos="4.60" departSpeed="12.29" departDelay="0.00" arrival="276.00" arrivalLane="5702757#2_0" arrivalPos="360.42" arrivalSpeed="13.89" duration="204.00" routeLength="1641.68" waitSteps="43" timeLoss="52.60" rerouteNo="0" devices="vehroute_72 tripinfo_72" vType="Car" vaporized=""/>
    <tripinfo id="170" depart="170.00" departLane="124794665#0_0" departPos="4.60" departSpeed="12.05" departDelay="0.00" arrival="277.00" arrivalLane="124794665#10_0" arrivalPos="313.92" arrivalSpeed="13.89" duration="107.00" routeLength="1301.61" waitSteps="0" timeLoss="13.00" rerouteNo="0" devices="vehroute_170 tripinfo_170" vType="Car" vaporized=""/>
    <tripinfo id="75" depart="75.00" departLane="198595558#0_0" departPos="4.60" departSpeed="3.31" departDelay="0.00" arrival="278.00" arrivalLane="5702757#2_0" arrivalPos="360.42" arrivalSpeed="13.89" duration="203.00" routeLength="1641.68" waitSteps="37" timeLoss="51.89" rerouteNo="0" devices="vehroute_75 tripinfo_75" vType="Car" vaporized=""/>
    <tripinfo id="154" depart="154.00" departLane="-5708224#2_0" departPos="4.60" departSpeed="4.68" departDelay="0.00" arrival="279.00" arrivalLane="198595565#3_0" arrivalPos="256.22" arrivalSpeed="13.89" duration="125.00" routeLength="1268.79" waitSteps="18" timeLoss="33.30" rerouteNo="0" devices="vehroute_154 tripinfo_154" vType="Car" vaporized=""/>
    <tripinfo id="95" depart="95.00" departLane="198595558#0_0" departPos="4.60" departSpeed="12.90" departDelay="0.00" arrival="280.00" arrivalLane="5702757#2_0" arrivalPos="360.42" arrivalSpeed="13.89" duration="185.00" routeLength="1641.68" waitSteps="23" timeLoss="33.92" rerouteNo="0" devices="vehroute_95 tripinfo_95" vType="Car" vaporized=""/>
    <tripinfo id="160" depart="160.00" departLane="-5708224#2_0" departPos="4.60" departSpeed="4.01" departDelay="0.00" arrival="281.00" arrivalLane="198595565#3_0" arrivalPos="256.22" arrivalSpeed="13.89" duration="121.00" routeLength="1268.79" waitSteps="14" timeLoss="29.44" rerouteNo="0" devices="vehroute_160 tripinfo_160" vType="Car" vaporized=""/>
    <tripinfo id="132" depart="132.00" departLane="5701670#0_0" departPos="4.60" departSpeed="6.37" departDelay="0.00" arrival="281.00" arrivalLane="216933520#1_0" arrivalPos="233.03" arrivalSpeed="13.89" duration="149.00" routeLength="1960.61" waitSteps="0" timeLoss="12.45" rerouteNo="0" devices="vehroute_132 tripinfo_132" vType="Car" vaporized=""/>
    <tripinfo id="103" depart="103.00" departLane="198595558#0_0" departPos="4.60" departSpeed="13.35" departDelay="0.00" arrival="282.00" arrivalLane="5702757#2_0" arrivalPos="360.42" arrivalSpeed="13.89" duration="179.00" routeLength="1641.68" waitSteps="16" timeLoss="28.05" rerouteNo="0" devices="vehroute_103 tripinfo_103" vType="Car" vaporized=""/>
    <tripinfo id="167" depart="167.00" departLane="-5708224#2_0" departPos="4.60" departSpeed="2.13" departDelay="0.00" arrival="283.00" arrivalLane="198595565#3_0" arrivalPos="256.22" arrivalSpeed="13.89" duration="116.00" routeLength="1268.79" waitSteps="6" timeLoss="24.51" rerouteNo="0" devices="vehroute_167 tripinfo_167" vType="Car" vaporized=""/>
    <tripinfo id="107" depart="107.00" departLane="198595558#0_0" departPos="4.60" departSpeed="11.01" departDelay="0.00" arrival="284.00" arrivalLane="5702757#2_0" arrivalPos="360.42" arrivalSpeed="13.89" duration="177.00" routeLength="1641.68" waitSteps="13" timeLoss="25.79" rerouteNo="0" devices="vehroute_107 tripinfo_107" vType="Car" vaporized=""/>
    <tripinfo id="172" depart="172.00" departLane="-5708224#2_0" departPos="4.60" departSpeed="7.15" departDelay="0.00" arrival="285.00" arrivalLane="198595565#3_0" arrivalPos="256.22" arrivalSpeed="13.89" duration="113.00" routeLength="1268.79" waitSteps="6" timeLoss="21.22" rerouteNo="0" devices="vehroute_172 tripinfo_172" vType="Car" vaporized=""/>
    <tripinfo id="108" depart="108.00" departLane="198595558#0_0" departPos="4.60" departSpeed="9.19" departDelay="0.00" arrival="286.00" arrivalLane="5702757#2_0" arrivalPos="360.42" arrivalSpeed="13.89" duration="178.00" routeLength="1641.68" waitSteps="13" timeLoss="26.80" rerouteNo="0" devices="vehroute_108 tripinfo_108" vType="Car" vaporized=""/>
    <tripinfo id="169" depart="169.00" departLane="-110299714#6_0" departPos="4.60" departSpeed="7.48" departDelay="0.00" arrival="291.00" arrivalLane="-5704055#0_0" arrivalPos="168.93" arrivalSpeed="13.89" duration="122.00" routeLength="1458.58" waitSteps="0" timeLoss="19.25" rerouteNo="0" devices="vehroute_169 tripinfo_169" vType="Car" vaporized=""/>
    <tripinfo id="125" depart="126.00" departLane="-198595456#4_0" departPos="4.60" departSpeed="6.03" departDelay="1.00" arrival="294.00" arrivalLane="-198595455#0_1" arrivalPos="13.19" arrivalSpeed="25.00" duration="168.00" routeLength="1422.84" waitSteps="77" timeLoss="116.59" rerouteNo="0" devices="vehroute_125 tripinfo_125" vType="Car" vaporized=""/>
    <tripinfo id="124" depart="124.00" departLane="-198595456#4_0" departPos="4.60" departSpeed="4.61" departDelay="0.00" arrival="294.00" arrivalLane="-198595455#0_0" arrivalPos="13.19" arrivalSpeed="25.00" duration="170.00" routeLength="1422.84" waitSteps="79" timeLoss="118.59" rerouteNo="0" devices="vehroute_124 tripinfo_124" vType="Car" vaporized=""/>
    <tripinfo id="130" depart="130.00" departLane="-198595456#4_0" departPos="4.60" departSpeed="2.96" departDelay="0.00" arrival="296.00" arrivalLane="-198595455#0_0" arrivalPos="13.19" arrivalSpeed="26.00" duration="166.00" routeLength="1422.84" waitSteps="72" timeLoss="113.88" rerouteNo="0" devices="vehroute_130 tripinfo_130" vType="Car" vaporized=""/>
    <tripinfo id="147" depart="147.00" departLane="-198595456#4_0" departPos="4.60" departSpeed="17.88" departDelay="0.00" arrival="296.00" arrivalLane="-198595455#0_1" arrivalPos="13.19" arrivalSpeed="26.00" duration="149.00" routeLength="1422.84" waitSteps="63" timeLoss="96.89" rerouteNo="0" devices="vehroute_147 tripinfo_147" vType="Car" vaporized=""/>
    <tripinfo id="165" depart="165.00" departLane="-198595456#4_0" departPos="4.60" departSpeed="9.52" departDelay="0.00" arrival="297.00" arrivalLane="-198595455#0_1" arrivalPos="13.19" arrivalSpeed="26.00" duration="132.00" routeLength="1422.84" waitSteps="42" timeLoss="80.11" rerouteNo="0" devices="vehroute_165 tripinfo_165" vType="Car" vaporized=""/>
    <tripinfo id="148" depart="148.00" departLane="-198595456#4_0" departPos="4.60" departSpeed="8.25" departDelay="0.00" arrival="297.00" arrivalLane="-198595455#0_0" arrivalPos="13.19" arrivalSpeed="26.00" duration="149.00" routeLength="1422.84" waitSteps="60" timeLoss="97.12" rerouteNo="0" devices="vehroute_148 tripinfo_148" vType="Car" vaporized=""/>
    <tripinfo id="162" depart="162.00" departLane="-198595456#4_0" departPos="4.60" departSpeed="4.13" departDelay="0.00" arrival="298.00" arrivalLane="-198595455#0_1" arrivalPos="13.19" arrivalSpeed="26.00" duration="136.00" routeLength="1422.84" waitSteps="44" timeLoss="84.35" rerouteNo="0" devices="vehroute_162 tripinfo_162" vType="Car" vaporized=""/>
    <tripinfo id="174" depart="174.00" departLane="-198595456#4_0" departPos="4.60" departSpeed="10.58" departDelay="0.00" arrival="298.00" arrivalLane="-198595455#0_0" arrivalPos="13.19" arrivalSpeed="26.00" duration="124.00" routeLength="1422.84" waitSteps="37" timeLoss="72.36" rerouteNo="0" devices="vehroute_174 tripinfo_174" vType="Car" vaporized=""/>
    <tripinfo id="177" depart="177.00" departLane="-198595456#4_0" departPos="4.60" departSpeed="18.35" departDelay="0.00" arrival="299.00" arrivalLane="-198595455#0_1" arrivalPos="13.19" arrivalSpeed="26.00" duration="122.00" routeLength="1422.84" waitSteps="37" timeLoss="70.58" rerouteNo="0" devices="vehroute_177 tripinfo_177" vType="Car" vaporized=""/>
    <tripinfo id="179" depart="179.00" departLane="-198595456#4_0" departPos="4.60" departSpeed="6.00" departDelay="0.00" arrival="299.00" arrivalLane="-198595455#0_0" arrivalPos="13.19" arrivalSpeed="26.00" duration="120.00" routeLength="1422.84" waitSteps="28" timeLoss="68.57" rerouteNo="0" devices="vehroute_179 tripinfo_179" vType="Car" vaporized=""/>
    <tripinfo id="196" depart="196.00" departLane="-198595456#4_0" departPos="4.60" departSpeed="26.62" departDelay="0.00" arrival="301.00" arrivalLane="-198595455#0_0" arrivalPos="13.19" arrivalSpeed="27.00" duration="105.00" routeLength="1422.84" waitSteps="23" timeLoss="52.85" rerouteNo="0" devices="vehroute_196 tripinfo_196" vType="Car" vaporized=""/>
    <tripinfo id="184" depart="184.00" departLane="-198595456#4_0" departPos="4.60" departSpeed="6.94" departDelay="0.00" arrival="301.00" arrivalLane="-198595455#0_1" arrivalPos="13.19" arrivalSpeed="27.00" duration="117.00" routeLength="1422.84" waitSteps="27" timeLoss="64.85" rerouteNo="0" devices="vehroute_184 tripinfo_184" vType="Car" vaporized=""/>
    <tripinfo id="191" depart="191.00" departLane="124794665#0_0" departPos="4.60" departSpeed="2.67" departDelay="0.00" arrival="305.00" arrivalLane="124794665#10_0" arrivalPos="313.92" arrivalSpeed="13.89" duration="114.00" routeLength="1301.61" waitSteps="0" timeLoss="20.03" rerouteNo="0" devices="vehroute_191 tripinfo_191" vType="Car" vaporized=""/>
    <tripinfo id="194" depart="194.00" departLane="124794665#0_0" departPos="4.60" departSpeed="5.50" departDelay="0.00" arrival="307.00" arrivalLane="124794665#10_0" arrivalPos="313.92" arrivalSpeed="13.89" duration="113.00" routeLength="1301.61" waitSteps="0" timeLoss="18.71" rerouteNo="0" devices="vehroute_194 tripinfo_194" vType="Car" vaporized=""/>
    <tripinfo id="145" depart="145.00" departLane="5701670#0_0" departPos="4.60" departSpeed="6.09" departDelay="0.00" arrival="308.00" arrivalLane="216933520#1_0" arrivalPos="233.03" arrivalSpeed="13.89" duration="163.00" routeLength="1960.61" waitSteps="12" timeLoss="26.56" rerouteNo="0" devices="vehroute_145 tripinfo_145" vType="Car" vaporized=""/>
    <tripinfo id="199" depart="199.00" departLane="124794665#0_0" departPos="4.60" departSpeed="5.32" departDelay="0.00" arrival="309.00" arrivalLane="124794665#10_0" arrivalPos="313.92" arrivalSpeed="13.89" duration="110.00" routeLength="1301.61" waitSteps="0" timeLoss="15.58" rerouteNo="0" devices="vehroute_199 tripinfo_199" vType="Car" vaporized=""/>
    <tripinfo id="151" depart="151.00" departLane="5701670#0_0" departPos="4.60" departSpeed="0.17" departDelay="0.00" arrival="310.00" arrivalLane="216933520#1_0" arrivalPos="233.03" arrivalSpeed="13.89" duration="159.00" routeLength="1960.61" waitSteps="5" timeLoss="22.62" rerouteNo="0" devices="vehroute_151 tripinfo_151" vType="Car" vaporized=""/>
    <tripinfo id="46" depart="61.00" departLane="5703313#0_0" departPos="4.60" departSpeed="0.12" departDelay="15.00" arrival="310.00" arrivalLane="216933519_0" arrivalPos="182.24" arrivalSpeed="13.89" duration="249.00" routeLength="1722.19" waitSteps="62" timeLoss="119.42" rerouteNo="1" devices="vehroute_46 tripinfo_46" vType="Car" vaporized=""/>
    <tripinfo id="175" depart="175.00" departLane="5701670#0_0" departPos="4.60" departSpeed="8.07" departDelay="0.00" arrival="322.00" arrivalLane="216933520#1_0" arrivalPos="233.03" arrivalSpeed="13.89" duration="147.00" routeLength="1960.61" waitSteps="0" timeLoss="11.48" rerouteNo="0" devices="vehroute_175 tripinfo_175" vType="Car" vaporized=""/>
    <tripinfo id="52" depart="65.00" departLane="5703313#0_0" departPos="4.60" departSpeed="3.99" departDelay="13.00" arrival="323.00" arrivalLane="216933519_0" arrivalPos="182.24" arrivalSpeed="13.89" duration="258.00" routeLength="1722.19" waitSteps="66" timeLoss="128.68" rerouteNo="1" devices="vehroute_52 tripinfo_52" vType="Car" vaporized=""/>
    <tripinfo id="176" depart="176.00" departLane="5701670#0_0" departPos="4.60" departSpeed="3.66" departDelay="0.00" arrival="324.00" arrivalLane="216933520#1_0" arrivalPos="233.03" arrivalSpeed="13.89" duration="148.00" routeLength="1960.61" waitSteps="0" timeLoss="11.65" rerouteNo="0" devices="vehroute_176 tripinfo_176" vType="Car" vaporized=""/>
    <tripinfo id="55" depart="67.00" departLane="5703313#0_0" departPos="4.60" departSpeed="2.47" departDelay="12.00" arrival="324.00" arrivalLane="216933519_0" arrivalPos="182.24" arrivalSpeed="13.89" duration="257.00" routeLength="1722.19" waitSteps="64" timeLoss="128.21" rerouteNo="1" devices="vehroute_55 tripinfo_55" vType="Car" vaporized=""/>
    <tripinfo id="78" depart="78.00" departLane="198595471#0_0" departPos="4.60" departSpeed="3.46" departDelay="0.00" arrival="325.00" arrivalLane="5701721#10_0" arrivalPos="336.05" arrivalSpeed="11.18" duration="247.00" routeLength="2028.79" waitSteps="62" timeLoss="99.74" rerouteNo="0" devices="vehroute_78 tripinfo_78" vType="Car" vaporized=""/>
    <tripinfo id="178" depart="178.00" departLane="5701670#0_0" departPos="4.60" departSpeed="4.49" departDelay="0.00" arrival="326.00" arrivalLane="216933520#1_0" arrivalPos="233.03" arrivalSpeed="13.89" duration="148.00" routeLength="1960.61" waitSteps="0" timeLoss="11.45" rerouteNo="0" devices="vehroute_178 tripinfo_178" vType="Car" vaporized=""/>
    <tripinfo id="81" depart="81.00" departLane="198595471#0_0" departPos="4.60" departSpeed="8.16" departDelay="0.00" arrival="326.00" arrivalLane="5701721#10_0" arrivalPos="336.05" arrivalSpeed="11.18" duration="245.00" routeLength="2028.79" waitSteps="58" timeLoss="98.15" rerouteNo="0" devices="vehroute_81 tripinfo_81" vType="Car" vaporized=""/>
    <tripinfo id="71" depart="71.00" departLane="5703313#0_0" departPos="4.60" departSpeed="7.43" departDelay="0.00" arrival="332.00" arrivalLane="216933519_0" arrivalPos="182.24" arrivalSpeed="13.89" duration="261.00" routeLength="1722.19" waitSteps="66" timeLoss="131.72" rerouteNo="1" devices="vehroute_71 tripinfo_71" vType="Car" vaporized=""/>
    <tripinfo id="187" depart="187.00" departLane="5701670#0_0" departPos="4.60" departSpeed="1.91" departDelay="0.00" arrival="335.00" arrivalLane="216933520#1_0" arrivalPos="233.03" arrivalSpeed="13.89" duration="148.00" routeLength="1960.61" waitSteps="0" timeLoss="11.61" rerouteNo="0" devices="vehroute_187 tripinfo_187" vType="Car" vaporized=""/>
    <tripinfo id="82" depart="82.00" departLane="198595471#0_0" departPos="4.60" departSpeed="4.83" departDelay="0.00" arrival="335.00" arrivalLane="5701721#10_0" arrivalPos="336.05" arrivalSpeed="11.18" duration="253.00" routeLength="2028.79" waitSteps="61" timeLoss="105.57" rerouteNo="0" devices="vehroute_82 tripinfo_82" vType="Car" vaporized=""/>
    <tripinfo id="85" depart="85.00" departLane="198595471#0_0" departPos="4.60" departSpeed="8.90" departDelay="0.00" arrival="337.00" arrivalLane="5701721#10_0" arrivalPos="336.05" arrivalSpeed="11.18" duration="252.00" routeLength="2028.79" waitSteps="56" timeLoss="104.70" rerouteNo="0" devices="vehroute_85 tripinfo_85" vType="Car" vaporized=""/>
    <tripinfo id="89" depart="91.00" departLane="198595471#0_0" departPos="4.60" departSpeed="1.12" departDelay="2.00" arrival="339.00" arrivalLane="5701721#10_0" arrivalPos="336.05" arrivalSpeed="11.18" duration="248.00" routeLength="2028.79" waitSteps="51" timeLoss="100.79" rerouteNo="0" devices="vehroute_89 tripinfo_89" vType="Car" vaporized=""/>
    <tripinfo id="77" depart="77.00" departLane="5703313#0_0" departPos="4.60" departSpeed="3.84" departDelay="0.00" arrival="339.00" arrivalLane="216933519_0" arrivalPos="182.24" arrivalSpeed="13.89" duration="262.00" routeLength="1722.19" waitSteps="65" timeLoss="132.72" rerouteNo="1" devices="vehroute_77 tripinfo_77" vType="Car" vaporized=""/>
    <tripinfo id="129" depart="129.00" departLane="5703313#0_0" departPos="4.60" departSpeed="6.31" departDelay="0.00" arrival="340.00" arrivalLane="216933519_0" arrivalPos="182.24" arrivalSpeed="13.89" duration="211.00" routeLength="1368.32" waitSteps="71" timeLoss="112.14" rerouteNo="0" devices="vehroute_129 tripinfo_129" vType="Car" vaporized=""/>
    <tripinfo id="192" depart="192.00" departLane="5701670#0_0" departPos="4.60" departSpeed="3.90" departDelay="0.00" arrival="341.00" arrivalLane="216933520#1_0" arrivalPos="233.03" arrivalSpeed="13.89" duration="149.00" routeLength="1960.61" waitSteps="0" timeLoss="13.23" rerouteNo="0" devices="vehroute_192 tripinfo_192" vType="Car" vaporized=""/>
    <tripinfo id="197" depart="197.00" departLane="5703313#0_0" departPos="4.60" departSpeed="1.05" departDelay="0.00" arrival="342.00" arrivalLane="216933519_0" arrivalPos="182.24" arrivalSpeed="13.89" duration="145.00" routeLength="1368.32" waitSteps="11" timeLoss="45.65" rerouteNo="0" devices="vehroute_197 tripinfo_197" vType="Car" vaporized=""/>
    <tripinfo id="91" depart="91.00" departLane="5703313#0_0" departPos="4.60" departSpeed="9.22" departDelay="0.00" arrival="343.00" arrivalLane="216933519_0" arrivalPos="182.24" arrivalSpeed="13.89" duration="252.00" routeLength="1722.19" waitSteps="61" timeLoss="123.42" rerouteNo="1" devices="vehroute_91 tripinfo_91" vType="Car" vaporized=""/>
    <tripinfo id="92" depart="92.00" departLane="5703313#0_0" departPos="4.60" departSpeed="7.08" departDelay="0.00" arrival="346.00" arrivalLane="216933519_0" arrivalPos="182.24" arrivalSpeed="13.89" duration="254.00" routeLength="1722.19" waitSteps="61" timeLoss="124.74" rerouteNo="1" devices="vehroute_92 tripinfo_92" vType="Car" vaporized=""/>
    <tripinfo id="150" depart="150.00" departLane="198595471#0_0" departPos="4.60" departSpeed="4.51" departDelay="0.00" arrival="347.00" arrivalLane="5701721#10_0" arrivalPos="336.05" arrivalSpeed="11.18" duration="197.00" routeLength="2028.79" waitSteps="4" timeLoss="49.50" rerouteNo="0" devices="vehroute_150 tripinfo_150" vType="Car" vaporized=""/>
    <tripinfo id="105" depart="105.00" departLane="5703313#0_0" departPos="4.60" departSpeed="8.09" departDelay="0.00" arrival="347.00" arrivalLane="216933519_0" arrivalPos="182.24" arrivalSpeed="13.89" duration="242.00" routeLength="1722.19" waitSteps="49" timeLoss="113.28" rerouteNo="1" devices="vehroute_105 tripinfo_105" vType="Car" vaporized=""/>
    <tripinfo id="111" depart="111.00" departLane="5703313#0_0" departPos="4.60" departSpeed="4.32" departDelay="0.00" arrival="350.00" arrivalLane="216933519_0" arrivalPos="182.24" arrivalSpeed="13.89" duration="239.00" routeLength="1722.19" waitSteps="43" timeLoss="109.59" rerouteNo="1" devices="vehroute_111 tripinfo_111" vType="Car" vaporized=""/>
    <tripinfo id="94" depart="95.00" departLane="198595471#0_0" departPos="4.60" departSpeed="3.97" departDelay="1.00" arrival="356.00" arrivalLane="5701721#10_0" arrivalPos="336.05" arrivalSpeed="11.18" duration="261.00" routeLength="2028.79" waitSteps="58" timeLoss="113.86" rerouteNo="0" devices="vehroute_94 tripinfo_94" vType="Car" vaporized=""/>
    <tripinfo id="113" depart="113.00" departLane="5703313#0_0" departPos="4.60" departSpeed="5.73" departDelay="0.00" arrival="357.00" arrivalLane="216933519_0" arrivalPos="182.24" arrivalSpeed="13.89" duration="244.00" routeLength="1722.19" waitSteps="76" timeLoss="114.62" rerouteNo="1" devices="vehroute_113 tripinfo_113" vType="Car" vaporized=""/>
    <tripinfo id="112" depart="114.00" departLane="198595471#0_0" departPos="4.60" departSpeed="2.12" departDelay="2.00" arrival="358.00" arrivalLane="5701721#10_0" arrivalPos="336.05" arrivalSpeed="11.18" duration="244.00" routeLength="2028.79" waitSteps="44" timeLoss="96.51" rerouteNo="0" devices="vehroute_112 tripinfo_112" vType="Car" vaporized=""/>
    <tripinfo id="120" depart="120.00" departLane="5703313#0_0" departPos="4.60" departSpeed="7.60" departDelay="0.00" arrival="358.00" arrivalLane="216933519_0" arrivalPos="182.24" arrivalSpeed="13.89" duration="238.00" routeLength="1722.19" waitSteps="70" timeLoss="109.29" rerouteNo="1" devices="vehroute_120 tripinfo_120" vType="Car" vaporized=""/>
    <tripinfo id="180" depart="180.00" departLane="-110299714#6_0" departPos="4.60" departSpeed="2.78" departDelay="0.00" arrival="359.00" arrivalLane="-5704055#0_0" arrivalPos="168.93" arrivalSpeed="13.89" duration="179.00" routeLength="1458.58" waitSteps="46" timeLoss="76.13" rerouteNo="0" devices="vehroute_180 tripinfo_180" vType="Car" vaporized=""/>
    <tripinfo id="118" depart="118.00" departLane="198595471#0_0" departPos="4.60" departSpeed="0.96" departDelay="0.00" arrival="360.00" arrivalLane="5701721#10_0" arrivalPos="336.05" arrivalSpeed="11.18" duration="242.00" routeLength="2028.79" waitSteps="39" timeLoss="94.64" rerouteNo="0" devices="vehroute_118 tripinfo_118" vType="Car" vaporized=""/>
    <tripinfo id="121" depart="121.00" departLane="5703313#0_0" departPos="4.60" departSpeed="2.79" departDelay="0.00" arrival="360.00" arrivalLane="216933519_0" arrivalPos="182.24" arrivalSpeed="13.89" duration="239.00" routeLength="1722.19" waitSteps="70" timeLoss="110.14" rerouteNo="1" devices="vehroute_121 tripinfo_121" vType="Car" vaporized=""/>
    <tripinfo id="123" depart="123.00" departLane="5703313#0_0" departPos="4.60" departSpeed="0.84" departDelay="0.00" arrival="362.00" arrivalLane="216933519_0" arrivalPos="182.24" arrivalSpeed="13.89" duration="239.00" routeLength="1722.19" waitSteps="67" timeLoss="110.30" rerouteNo="1" devices="vehroute_123 tripinfo_123" vType="Car" vaporized=""/>
    <tripinfo id="142" depart="142.00" departLane="198595558#0_0" departPos="4.60" departSpeed="8.78" departDelay="0.00" arrival="362.00" arrivalLane="5702757#2_0" arrivalPos="360.42" arrivalSpeed="13.89" duration="220.00" routeLength="1641.68" waitSteps="59" timeLoss="69.05" rerouteNo="0" devices="vehroute_142 tripinfo_142" vType="Car" vaporized=""/>
    <tripinfo id="134" depart="134.00" departLane="5703313#0_0" departPos="4.60" departSpeed="7.15" departDelay="0.00" arrival="364.00" arrivalLane="216933519_0" arrivalPos="182.24" arrivalSpeed="13.89" duration="230.00" routeLength="1722.19" waitSteps="62" timeLoss="101.22" rerouteNo="1" devices="vehroute_134 tripinfo_134" vType="Car" vaporized=""/>
    <tripinfo id="144" depart="144.00" departLane="198595558#0_0" departPos="4.60" departSpeed="2.21" departDelay="0.00" arrival="364.00" arrivalLane="5702757#2_0" arrivalPos="360.42" arrivalSpeed="13.89" duration="220.00" routeLength="1641.68" waitSteps="55" timeLoss="69.07" rerouteNo="0" devices="vehroute_144 tripinfo_144" vType="Car" vaporized=""/>
    <tripinfo id="135" depart="135.00" departLane="5703313#0_0" departPos="4.60" departSpeed="4.79" departDelay="0.00" arrival="366.00" arrivalLane="216933519_0" arrivalPos="182.24" arrivalSpeed="13.89" duration="231.00" routeLength="1722.19" waitSteps="61" timeLoss="102.17" rerouteNo="1" devices="vehroute_135 tripinfo_135" vType="Car" vaporized=""/>
    <tripinfo id="153" depart="153.00" departLane="198595558#0_0" departPos="4.60" departSpeed="9.16" departDelay="0.00" arrival="366.00" arrivalLane="5702757#2_0" arrivalPos="360.42" arrivalSpeed="13.89" duration="213.00" routeLength="1641.68" waitSteps="51" timeLoss="61.60" rerouteNo="0" devices="vehroute_153 tripinfo_153" vType="Car" vaporized=""/>
    <tripinfo id="156" depart="156.00" departLane="198595558#0_0" departPos="4.60" departSpeed="10.78" departDelay="0.00" arrival="368.00" arrivalLane="5702757#2_0" arrivalPos="360.42" arrivalSpeed="13.89" duration="212.00" routeLength="1641.68" waitSteps="50" timeLoss="60.89" rerouteNo="0" devices="vehroute_156 tripinfo_156" vType="Car" vaporized=""/>
    <tripinfo id="157" depart="157.00" departLane="5703313#0_0" departPos="4.60" departSpeed="6.51" departDelay="0.00" arrival="369.00" arrivalLane="216933519_0" arrivalPos="182.24" arrivalSpeed="13.89" duration="212.00" routeLength="1722.19" waitSteps="50" timeLoss="82.64" rerouteNo="1" devices="vehroute_157 tripinfo_157" vType="Car" vaporized=""/>
    <tripinfo id="159" depart="159.00" departLane="198595558#0_0" departPos="4.60" departSpeed="10.50" departDelay="0.00" arrival="370.00" arrivalLane="5702757#2_0" arrivalPos="360.42" arrivalSpeed="13.89" duration="211.00" routeLength="1641.68" waitSteps="48" timeLoss="59.92" rerouteNo="0" devices="vehroute_159 tripinfo_159" vType="Car" vaporized=""/>
    <tripinfo id="161" depart="161.00" departLane="5703313#0_0" departPos="4.60" departSpeed="8.29" departDelay="0.00" arrival="371.00" arrivalLane="216933519_0" arrivalPos="182.24" arrivalSpeed="13.89" duration="210.00" routeLength="1722.19" waitSteps="49" timeLoss="80.66" rerouteNo="1" devices="vehroute_161 tripinfo_161" vType="Car" vaporized=""/>
    <tripinfo id="163" depart="163.00" departLane="198595558#0_0" departPos="4.60" departSpeed="8.52" departDelay="0.00" arrival="372.00" arrivalLane="5702757#2_0" arrivalPos="360.42" arrivalSpeed="13.89" duration="209.00" routeLength="1641.68" waitSteps="45" timeLoss="58.05" rerouteNo="0" devices="vehroute_163 tripinfo_163" vType="Car" vaporized=""/>
    <tripinfo id="183" depart="183.00" departLane="5703313#0_0" departPos="4.60" departSpeed="12.46" departDelay="0.00" arrival="373.00" arrivalLane="216933519_0" arrivalPos="182.24" arrivalSpeed="13.89" duration="190.00" routeLength="1722.19" waitSteps="30" timeLoss="60.57" rerouteNo="1" devices="vehroute_183 tripinfo_183" vType="Car" vaporized=""/>
    <tripinfo id="171" depart="171.00" departLane="198595558#0_0" departPos="4.60" departSpeed="2.80" departDelay="0.00" arrival="374.00" arrivalLane="5702757#2_0" arrivalPos="360.42" arrivalSpeed="13.89" duration="203.00" routeLength="1641.68" waitSteps="35" timeLoss="51.78" rerouteNo="0" devices="vehroute_171 tripinfo_171" vType="Car" vaporized=""/>
    <tripinfo id="173" depart="173.00" departLane="198595558#0_0" departPos="4.60" departSpeed="2.09" departDelay="0.00" arrival="376.00" arrivalLane="5702757#2_0" arrivalPos="360.42" arrivalSpeed="13.89" duration="203.00" routeLength="1641.68" waitSteps="34" timeLoss="51.81" rerouteNo="0" devices="vehroute_173 tripinfo_173" vType="Car" vaporized=""/>
    <tripinfo id="188" depart="188.00" departLane="198595558#0_0" departPos="4.60" departSpeed="12.04" departDelay="0.00" arrival="378.00" arrivalLane="5702757#2_0" arrivalPos="360.42" arrivalSpeed="13.89" duration="190.00" routeLength="1641.68" waitSteps="25" timeLoss="39.17" rerouteNo="0" devices="vehroute_188 tripinfo_188" vType="Car" vaporized=""/>
    <tripinfo id="189" depart="189.00" departLane="198595558#0_0" departPos="4.60" departSpeed="3.00" departDelay="0.00" arrival="380.00" arrivalLane="5702757#2_0" arrivalPos="360.42" arrivalSpeed="13.89" duration="191.00" routeLength="1641.68" waitSteps="22" timeLoss="39.85" rerouteNo="0" devices="vehroute_189 tripinfo_189" vType="Car" vaporized=""/>
    <tripinfo id="1" depart="3.00" departLane="-351234145#4_0" departPos="4.60" departSpeed="3.29" departDelay="2.00" arrival="383.00" arrivalLane="-420302275#0_0" arrivalPos="38.07" arrivalSpeed="24.00" duration="380.00" routeLength="1952.46" waitSteps="191" timeLoss="308.84" rerouteNo="0" devices="vehroute_1 tripinfo_1" vType="Car" vaporized=""/>
    <tripinfo id="0" depart="0.00" departLane="-351234145#4_0" departPos="4.60" departSpeed="1.26" departDelay="0.00" arrival="383.00" arrivalLane="-420302275#0_1" arrivalPos="38.07" arrivalSpeed="24.00" duration="383.00" routeLength="1952.46" waitSteps="190" timeLoss="311.83" rerouteNo="0" devices="vehroute_0 tripinfo_0" vType="Car" vaporized=""/>
    <tripinfo id="119" depart="121.00" departLane="198595471#0_0" departPos="4.60" departSpeed="2.37" departDelay="2.00" arrival="415.00" arrivalLane="5701721#10_0" arrivalPos="336.05" arrivalSpeed="11.18" duration="294.00" routeLength="2028.79" waitSteps="96" timeLoss="146.71" rerouteNo="0" devices="vehroute_119 tripinfo_119" vType="Car" vaporized=""/>
    <tripinfo id="164" depart="164.00" departLane="198595471#0_0" departPos="4.60" departSpeed="4.23" departDelay="0.00" arrival="416.00" arrivalLane="5701721#10_0" arrivalPos="336.05" arrivalSpeed="11.18" duration="252.00" routeLength="2028.79" waitSteps="65" timeLoss="105.14" rerouteNo="0" devices="vehroute_164 tripinfo_164" vType="Car" vaporized=""/>
    <tripinfo id="181" depart="181.00" departLane="198595471#0_0" departPos="4.60" departSpeed="0.32" departDelay="0.00" arrival="418.00" arrivalLane="5701721#10_0" arrivalPos="336.05" arrivalSpeed="11.18" duration="237.00" routeLength="2028.79" waitSteps="47" timeLoss="89.66" rerouteNo="0" devices="vehroute_181 tripinfo_181" vType="Car" vaporized=""/>
    <tripinfo id="185" depart="185.00" departLane="198595471#0_0" departPos="4.60" departSpeed="4.79" departDelay="0.00" arrival="420.00" arrivalLane="5701721#10_0" arrivalPos="336.05" arrivalSpeed="11.18" duration="235.00" routeLength="2028.79" waitSteps="47" timeLoss="87.66" rerouteNo="0" devices="vehroute_185 tripinfo_185" vType="Car" vaporized=""/>
    <tripinfo id="186" depart="187.00" departLane="198595471#0_0" departPos="4.60" departSpeed="3.94" departDelay="1.00" arrival="422.00" arrivalLane="5701721#10_0" arrivalPos="336.05" arrivalSpeed="11.18" duration="235.00" routeLength="2028.79" waitSteps="46" timeLoss="87.69" rerouteNo="0" devices="vehroute_186 tripinfo_186" vType="Car" vaporized=""/>
    <tripinfo id="190" depart="190.00" departLane="198595471#0_0" departPos="4.60" departSpeed="6.34" departDelay="0.00" arrival="424.00" arrivalLane="5701721#10_0" arrivalPos="336.05" arrivalSpeed="11.18" duration="234.00" routeLength="2028.79" waitSteps="45" timeLoss="86.82" rerouteNo="0" devices="vehroute_190 tripinfo_190" vType="Car" vaporized=""/>
    <tripinfo id="193" depart="193.00" departLane="198595471#0_0" departPos="4.60" departSpeed="3.54" departDelay="0.00" arrival="426.00" arrivalLane="5701721#10_0" arrivalPos="336.05" arrivalSpeed="11.18" duration="233.00" routeLength="2028.79" waitSteps="45" timeLoss="85.57" rerouteNo="0" devices="vehroute_193 tripinfo_193" vType="Car" vaporized=""/>
    <tripinfo id="195" depart="195.00" departLane="198595471#0_0" departPos="4.60" departSpeed="3.99" departDelay="0.00" arrival="428.00" arrivalLane="5701721#10_0" arrivalPos="336.05" arrivalSpeed="11.18" duration="233.00" routeLength="2028.79" waitSteps="43" timeLoss="85.61" rerouteNo="0" devices="vehroute_195 tripinfo_195" vType="Car" vaporized=""/>
    <tripinfo id="3" depart="5.00" departLane="-351234145#4_0" departPos="4.60" departSpeed="1.08" departDelay="2.00" arrival="473.00" arrivalLane="-420302275#0_0" arrivalPos="38.07" arrivalSpeed="24.00" duration="468.00" routeLength="1952.46" waitSteps="269" timeLoss="396.80" rerouteNo="0" devices="vehroute_3 tripinfo_3" vType="Car" vaporized=""/>
    <tripinfo id="7" depart="34.00" departLane="-351234145#4_0" departPos="4.60" departSpeed="9.45" departDelay="27.00" arrival="563.00" arrivalLane="-420302275#0_0" arrivalPos="38.07" arrivalSpeed="24.00" duration="529.00" routeLength="1952.46" waitSteps="329" timeLoss="457.84" rerouteNo="0" devices="vehroute_7 tripinfo_7" vType="Car" vaporized=""/>
    <tripinfo id="16" depart="36.00" departLane="-351234145#4_0" departPos="4.60" departSpeed="8.27" departDelay="20.00" arrival="653.00" arrivalLane="-420302275#0_0" arrivalPos="38.07" arrivalSpeed="24.00" duration="617.00" routeLength="1952.46" waitSteps="412" timeLoss="545.84" rerouteNo="0" devices="vehroute_16 tripinfo_16" vType="Car" vaporized=""/>
    <tripinfo id="27" depart="37.00" departLane="-351234145#4_0" departPos="4.60" departSpeed="10.60" departDelay="10.00" arrival="833.00" arrivalLane="-420302275#0_0" arrivalPos="38.07" arrivalSpeed="24.00" duration="796.00" routeLength="1948.15" waitSteps="590" timeLoss="723.38" rerouteNo="1" devices="vehroute_27 tripinfo_27" vType="Car" vaporized=""/>
    <tripinfo id="13" depart="35.00" departLane="-351234145#4_0" departPos="4.60" departSpeed="10.07" departDelay="22.00" arrival="833.00" arrivalLane="-420302275#0_1" arrivalPos="38.07" arrivalSpeed="24.00" duration="798.00" routeLength="1948.15" waitSteps="585" timeLoss="725.26" rerouteNo="1" devices="vehroute_13 tripinfo_13" vType="Car" vaporized=""/>
    <tripinfo id="28" depart="38.00" departLane="-351234145#4_0" departPos="4.60" departSpeed="7.65" departDelay="10.00" arrival="923.00" arrivalLane="-420302275#0_0" arrivalPos="38.07" arrivalSpeed="24.00" duration="885.00" routeLength="1948.15" waitSteps="668" timeLoss="812.38" rerouteNo="1" devices="vehroute_28 tripinfo_28" vType="Car" vaporized=""/>
    <tripinfo id="74" depart="74.00" departLane="-351234145#4_0" departPos="4.60" departSpeed="18.71" departDelay="0.00" arrival="1013.00" arrivalLane="-420302275#0_0" arrivalPos="38.07" arrivalSpeed="24.00" duration="939.00" routeLength="1952.46" waitSteps="714" timeLoss="867.84" rerouteNo="0" devices="vehroute_74 tripinfo_74" vType="Car" vaporized=""/>
    <tripinfo id="69" depart="69.00" departLane="-351234145#4_0" departPos="4.60" departSpeed="5.91" departDelay="0.00" arrival="1103.00" arrivalLane="-420302275#0_0" arrivalPos="38.07" arrivalSpeed="24.00" duration="1034.00" routeLength="1948.15" waitSteps="807" timeLoss="961.38" rerouteNo="1" devices="vehroute_69 tripinfo_69" vType="Car" vaporized=""/>
    <tripinfo id="93" depart="93.00" departLane="-351234145#4_0" departPos="4.60" departSpeed="9.43" departDelay="0.00" arrival="1103.00" arrivalLane="-420302275#0_1" arrivalPos="38.07" arrivalSpeed="24.00" duration="1010.00" routeLength="1948.15" waitSteps="796" timeLoss="937.24" rerouteNo="1" devices="vehroute_93 tripinfo_93" vType="Car" vaporized=""/>
    <tripinfo id="101" depart="101.00" departLane="-351234145#4_0" departPos="4.60" departSpeed="9.69" departDelay="0.00" arrival="1193.00" arrivalLane="-420302275#0_0" arrivalPos="38.07" arrivalSpeed="24.00" duration="1092.00" routeLength="1952.46" waitSteps="861" timeLoss="1020.84" rerouteNo="0" devices="vehroute_101 tripinfo_101" vType="Car" vaporized=""/>
    <tripinfo id="36" depart="41.00" departLane="-351234145#4_0" departPos="4.60" departSpeed="2.09" departDelay="5.00" arrival="1193.00" arrivalLane="-420302275#0_1" arrivalPos="38.07" arrivalSpeed="24.00" duration="1152.00" routeLength="1952.46" waitSteps="889" timeLoss="1080.81" rerouteNo="0" devices="vehroute_36 tripinfo_36" vType="Car" vaporized=""/>
    <tripinfo id="106" depart="106.00" departLane="-351234145#4_0" departPos="4.60" departSpeed="8.83" departDelay="0.00" arrival="1283.00" arrivalLane="-420302275#0_0" arrivalPos="38.07" arrivalSpeed="24.00" duration="1177.00" routeLength="1952.46" waitSteps="943" timeLoss="1105.84" rerouteNo="0" devices="vehroute_106 tripinfo_106" vType="Car" vaporized=""/>
    <tripinfo id="128" depart="128.00" departLane="-351234145#4_0" departPos="4.60" departSpeed="15.98" departDelay="0.00" arrival="1373.00" arrivalLane="-420302275#0_0" arrivalPos="38.07" arrivalSpeed="24.00" duration="1245.00" routeLength="1952.46" waitSteps="1007" timeLoss="1173.81" rerouteNo="0" devices="vehroute_128 tripinfo_128" vType="Car" vaporized=""/>
    <tripinfo id="136" depart="136.00" departLane="-351234145#4_0" departPos="4.60" departSpeed="19.08" departDelay="0.00" arrival="1373.00" arrivalLane="-420302275#0_1" arrivalPos="38.07" arrivalSpeed="24.00" duration="1237.00" routeLength="1952.46" waitSteps="989" timeLoss="1165.82" rerouteNo="0" devices="vehroute_136 tripinfo_136" vType="Car" vaporized=""/>
    <tripinfo id="143" depart="143.00" departLane="-351234145#4_0" departPos="4.60" departSpeed="10.41" departDelay="0.00" arrival="1463.00" arrivalLane="-420302275#0_0" arrivalPos="38.07" arrivalSpeed="24.00" duration="1320.00" routeLength="1952.46" waitSteps="1066" timeLoss="1248.83" rerouteNo="0" devices="vehroute_143 tripinfo_143" vType="Car" vaporized=""/>
    <tripinfo id="149" depart="149.00" departLane="-351234145#4_0" departPos="4.60" departSpeed="6.09" departDelay="0.00" arrival="1463.00" arrivalLane="-420302275#0_1" arrivalPos="38.07" arrivalSpeed="24.00" duration="1314.00" routeLength="1952.46" waitSteps="1050" timeLoss="1242.83" rerouteNo="0" devices="vehroute_149 tripinfo_149" vType="Car" vaporized=""/>
    <tripinfo id="166" depart="166.00" departLane="-351234145#4_0" departPos="4.60" departSpeed="27.43" departDelay="0.00" arrival="1553.00" arrivalLane="-420302275#0_0" arrivalPos="38.07" arrivalSpeed="24.00" duration="1387.00" routeLength="1952.46" waitSteps="1137" timeLoss="1315.84" rerouteNo="0" devices="vehroute_166 tripinfo_166" vType="Car" vaporized=""/>
    <tripinfo id="152" depart="152.00" departLane="-351234145#4_0" departPos="4.60" departSpeed="0.75" departDelay="0.00" arrival="1553.00" arrivalLane="-420302275#0_1" arrivalPos="38.07" arrivalSpeed="24.00" duration="1401.00" routeLength="1952.46" waitSteps="1129" timeLoss="1329.83" rerouteNo="0" devices="vehroute_152 tripinfo_152" vType="Car" vaporized=""/>
    <tripinfo id="33" depart="39.00" departLane="-351234145#4_0" departPos="4.60" departSpeed="3.79" departDelay="6.00" arrival="1733.00" arrivalLane="-420302275#0_0" arrivalPos="38.07" arrivalSpeed="24.00" duration="1694.00" routeLength="1952.46" waitSteps="1405" timeLoss="1622.83" rerouteNo="0" devices="vehroute_33 tripinfo_33" vType="Car" vaporized=""/>
    <tripinfo id="182" depart="182.00" departLane="-351234145#4_0" departPos="4.60" departSpeed="2.24" departDelay="0.00" arrival="1733.00" arrivalLane="-420302275#0_1" arrivalPos="38.07" arrivalSpeed="24.00" duration="1551.00" routeLength="1948.15" waitSteps="1299" timeLoss="1478.30" rerouteNo="1" devices="vehroute_182 tripinfo_182" vType="Car" vaporized=""/>
    <tripinfo id="64" depart="64.00" departLane="-351234145#4_0" departPos="4.60" departSpeed="2.05" departDelay="0.00" arrival="1823.00" arrivalLane="-420302275#0_0" arrivalPos="38.07" arrivalSpeed="24.00" duration="1759.00" routeLength="1952.46" waitSteps="1465" timeLoss="1687.83" rerouteNo="0" devices="vehroute_64 tripinfo_64" vType="Car" vaporized=""/>
    <tripinfo id="198" depart="198.00" departLane="-351234145#4_0" departPos="4.60" departSpeed="9.61" departDelay="0.00" arrival="1823.00" arrivalLane="-420302275#0_1" arrivalPos="38.07" arrivalSpeed="24.00" duration="1625.00" routeLength="1948.15" waitSteps="1373" timeLoss="1552.34" rerouteNo="1" devices="vehroute_198 tripinfo_198" vType="Car" vaporized=""/>
    <tripinfo id="88" depart="88.00" departLane="-351234145#4_0" departPos="4.60" departSpeed="0.89" departDelay="0.00" arrival="1913.00" arrivalLane="-420302275#0_0" arrivalPos="38.07" arrivalSpeed="24.00" duration="1825.00" routeLength="1952.46" waitSteps="1542" timeLoss="1753.76" rerouteNo="0" devices="vehroute_88 tripinfo_88" vType="Car" vaporized=""/>
    <tripinfo id="80" depart="80.00" departLane="-351234145#4_0" departPos="4.60" departSpeed="21.58" departDelay="0.00" arrival="1913.00" arrivalLane="-420302275#0_1" arrivalPos="38.07" arrivalSpeed="24.00" duration="1833.00" routeLength="1952.46" waitSteps="1536" timeLoss="1761.83" rerouteNo="0" devices="vehroute_80 tripinfo_80" vType="Car" vaporized=""/>
    <tripinfo id="114" depart="114.00" departLane="-351234145#4_0" departPos="4.60" departSpeed="26.75" departDelay="0.00" arrival="2003.00" arrivalLane="-420302275#0_0" arrivalPos="38.07" arrivalSpeed="24.00" duration="1889.00" routeLength="1952.46" waitSteps="1613" timeLoss="1817.79" rerouteNo="0" devices="vehroute_114 tripinfo_114" vType="Car" vaporized=""/>
    <tripinfo id="133" depart="133.00" departLane="-351234145#4_0" departPos="4.60" departSpeed="20.47" departDelay="0.00" arrival="2003.00" arrivalLane="-420302275#0_1" arrivalPos="38.07" arrivalSpeed="24.00" duration="1870.00" routeLength="1952.46" waitSteps="1586" timeLoss="1798.81" rerouteNo="0" devices="vehroute_133 tripinfo_133" vType="Car" vaporized=""/>
    <tripinfo id="138" depart="138.00" departLane="-351234145#4_0" departPos="4.60" departSpeed="1.29" departDelay="0.00" arrival="2093.00" arrivalLane="-420302275#0_0" arrivalPos="38.07" arrivalSpeed="24.00" duration="1955.00" routeLength="1952.46" waitSteps="1665" timeLoss="1883.82" rerouteNo="0" devices="vehroute_138 tripinfo_138" vType="Car" vaporized=""/>
    <tripinfo id="168" depart="168.00" departLane="-351234145#4_0" departPos="4.60" departSpeed="22.86" departDelay="0.00" arrival="2093.00" arrivalLane="-420302275#0_1" arrivalPos="38.07" arrivalSpeed="24.00" duration="1925.00" routeLength="1952.46" waitSteps="1640" timeLoss="1853.84" rerouteNo="0" devices="vehroute_168 tripinfo_168" vType="Car" vaporized=""/>
</tripinfos>
