<?xml version="1.0" encoding="UTF-8"?>

<!-- generated on 03/04/17 16:47:22 by SUMO Version 0.27.0
<?xml version="1.0" encoding="UTF-8"?>

<configuration xmlns:xsi="http://www.w3.org/2001/XMLSchema-instance" xsi:noNamespaceSchemaLocation="http://sumo.dlr.de/xsd/sumoConfiguration.xsd">

    <input>
        <net-file value="hello.net.xml"/>
        <route-files value="hello.rou.xml"/>
    </input>

    <output>
        <tripinfo-output value="tripinfo.xml"/>
        <vehroute-output value="vehroutes.xml"/>
    </output>

    <report>
        <xml-validation value="never"/>
        <duration-log.disable value="true"/>
        <no-step-log value="true"/>
    </report>

    <traci_server>
        <remote-port value="8816"/>
    </traci_server>

</configuration>
-->

<tripinfos xmlns:xsi="http://www.w3.org/2001/XMLSchema-instance" xsi:noNamespaceSchemaLocation="http://sumo.dlr.de/xsd/tripinfo_file.xsd">
    <tripinfo id="11" depart="11.00" departLane="5697974#0_0" departPos="4.60" departSpeed="1.11" departDelay="0.00" arrival="114.00" arrivalLane="5697974#4_0" arrivalPos="220.85" arrivalSpeed="13.89" duration="103.00" routeLength="1296.06" waitSteps="0" timeLoss="9.45" rerouteNo="0" devices="vehroute_11 tripinfo_11" vType="Car" vaporized=""/>
    <tripinfo id="1" depart="1.00" departLane="120245127_0" departPos="4.60" departSpeed="0.63" departDelay="0.00" arrival="119.00" arrivalLane="274840501_0" arrivalPos="253.67" arrivalSpeed="13.89" duration="118.00" routeLength="1407.61" waitSteps="0" timeLoss="15.80" rerouteNo="0" devices="vehroute_1 tripinfo_1" vType="Car" vaporized=""/>
    <tripinfo id="3" depart="4.00" departLane="120245127_0" departPos="4.60" departSpeed="1.39" departDelay="1.00" arrival="120.00" arrivalLane="274840501_0" arrivalPos="253.67" arrivalSpeed="13.89" duration="116.00" routeLength="1407.61" waitSteps="0" timeLoss="14.44" rerouteNo="0" devices="vehroute_3 tripinfo_3" vType="Car" vaporized=""/>
    <tripinfo id="23" depart="23.00" departLane="5697974#0_0" departPos="4.60" departSpeed="13.54" departDelay="0.00" arrival="131.00" arrivalLane="5697974#4_0" arrivalPos="220.85" arrivalSpeed="13.89" duration="108.00" routeLength="1296.06" waitSteps="1" timeLoss="13.73" rerouteNo="0" devices="vehroute_23 tripinfo_23" vType="Car" vaporized=""/>
    <tripinfo id="8" depart="8.00" departLane="-120245128#5_0" departPos="4.60" departSpeed="3.73" departDelay="0.00" arrival="131.00" arrivalLane="-5699230#0_0" arrivalPos="157.24" arrivalSpeed="13.89" duration="123.00" routeLength="1625.87" waitSteps="0" timeLoss="7.79" rerouteNo="0" devices="vehroute_8 tripinfo_8" vType="Car" vaporized=""/>
    <tripinfo id="24" depart="24.00" departLane="5697974#0_0" departPos="4.60" departSpeed="10.58" departDelay="0.00" arrival="132.00" arrivalLane="5697974#4_0" arrivalPos="220.85" arrivalSpeed="13.89" duration="108.00" routeLength="1296.06" waitSteps="1" timeLoss="14.19" rerouteNo="0" devices="vehroute_24 tripinfo_24" vType="Car" vaporized=""/>
    <tripinfo id="4" depart="4.00" departLane="5699670#0_0" departPos="4.60" departSpeed="7.87" departDelay="0.00" arrival="133.00" arrivalLane="5697974#4_0" arrivalPos="220.85" arrivalSpeed="13.89" duration="129.00" routeLength="1627.48" waitSteps="0" timeLoss="20.65" rerouteNo="0" devices="vehroute_4 tripinfo_4" vType="Car" vaporized=""/>
    <tripinfo id="10" depart="10.00" departLane="5698817#0_0" departPos="4.60" departSpeed="7.59" departDelay="0.00" arrival="134.00" arrivalLane="275037810#13_0" arrivalPos="87.93" arrivalSpeed="16.33" duration="124.00" routeLength="1939.54" waitSteps="0" timeLoss="16.09" rerouteNo="0" devices="vehroute_10 tripinfo_10" vType="Car" vaporized=""/>
    <tripinfo id="5" depart="5.00" departLane="5699670#0_0" departPos="4.60" departSpeed="0.64" departDelay="0.00" arrival="135.00" arrivalLane="5697974#4_0" arrivalPos="220.85" arrivalSpeed="13.89" duration="130.00" routeLength="1627.48" waitSteps="0" timeLoss="21.15" rerouteNo="0" devices="vehroute_5 tripinfo_5" vType="Car" vaporized=""/>
    <tripinfo id="14" depart="14.00" departLane="5698817#0_0" departPos="4.60" departSpeed="5.16" departDelay="0.00" arrival="137.00" arrivalLane="275037810#13_0" arrivalPos="87.93" arrivalSpeed="16.79" duration="123.00" routeLength="1939.54" waitSteps="0" timeLoss="15.35" rerouteNo="0" devices="vehroute_14 tripinfo_14" vType="Car" vaporized=""/>
    <tripinfo id="12" depart="12.00" departLane="5699670#0_0" departPos="4.60" departSpeed="5.07" departDelay="0.00" arrival="144.00" arrivalLane="5697974#4_0" arrivalPos="220.85" arrivalSpeed="13.89" duration="132.00" routeLength="1627.48" waitSteps="1" timeLoss="22.75" rerouteNo="0" devices="vehroute_12 tripinfo_12" vType="Car" vaporized=""/>
    <tripinfo id="22" depart="22.00" departLane="-120245128#5_0" departPos="4.60" departSpeed="7.93" departDelay="0.00" arrival="144.00" arrivalLane="-5699230#0_0" arrivalPos="157.24" arrivalSpeed="13.89" duration="122.00" routeLength="1625.87" waitSteps="0" timeLoss="6.74" rerouteNo="0" devices="vehroute_22 tripinfo_22" vType="Car" vaporized=""/>
    <tripinfo id="15" depart="15.00" departLane="5699670#0_0" departPos="4.60" departSpeed="8.23" departDelay="0.00" arrival="145.00" arrivalLane="5697974#4_0" arrivalPos="220.85" arrivalSpeed="13.89" duration="130.00" routeLength="1627.48" waitSteps="1" timeLoss="21.23" rerouteNo="0" devices="vehroute_15 tripinfo_15" vType="Car" vaporized=""/>
    <tripinfo id="42" depart="42.00" departLane="5697974#0_0" departPos="4.60" departSpeed="11.62" departDelay="0.00" arrival="146.00" arrivalLane="5697974#4_0" arrivalPos="220.85" arrivalSpeed="13.89" duration="104.00" routeLength="1296.06" waitSteps="0" timeLoss="10.66" rerouteNo="0" devices="vehroute_42 tripinfo_42" vType="Car" vaporized=""/>
    <tripinfo id="2" depart="2.00" departLane="-223860152#7_0" departPos="4.60" departSpeed="1.21" departDelay="0.00" arrival="147.00" arrivalLane="5695597#3_0" arrivalPos="22.63" arrivalSpeed="12.43" duration="145.00" routeLength="2525.95" waitSteps="0" timeLoss="17.71" rerouteNo="0" devices="vehroute_2 tripinfo_2" vType="Car" vaporized=""/>
    <tripinfo id="20" depart="20.00" departLane="5699670#0_0" departPos="4.60" departSpeed="2.61" departDelay="0.00" arrival="148.00" arrivalLane="5697974#4_0" arrivalPos="220.85" arrivalSpeed="13.89" duration="128.00" routeLength="1627.48" waitSteps="0" timeLoss="19.14" rerouteNo="0" devices="vehroute_20 tripinfo_20" vType="Car" vaporized=""/>
    <tripinfo id="7" depart="7.00" departLane="120245127_0" departPos="4.60" departSpeed="0.41" departDelay="0.00" arrival="151.00" arrivalLane="274840501_0" arrivalPos="253.67" arrivalSpeed="13.89" duration="144.00" routeLength="1407.61" waitSteps="14" timeLoss="42.38" rerouteNo="0" devices="vehroute_7 tripinfo_7" vType="Car" vaporized=""/>
    <tripinfo id="30" depart="30.00" departLane="-120245128#5_0" departPos="4.60" departSpeed="0.52" departDelay="0.00" arrival="156.00" arrivalLane="-5699230#0_0" arrivalPos="157.24" arrivalSpeed="13.89" duration="126.00" routeLength="1625.87" waitSteps="0" timeLoss="11.47" rerouteNo="0" devices="vehroute_30 tripinfo_30" vType="Car" vaporized=""/>
    <tripinfo id="17" depart="17.00" departLane="-223860152#7_0" departPos="4.60" departSpeed="9.25" departDelay="0.00" arrival="157.00" arrivalLane="5695597#3_0" arrivalPos="22.63" arrivalSpeed="13.56" duration="140.00" routeLength="2525.95" waitSteps="0" timeLoss="12.38" rerouteNo="0" devices="vehroute_17 tripinfo_17" vType="Car" vaporized=""/>
    <tripinfo id="34" depart="34.00" departLane="-120245128#5_0" departPos="4.60" departSpeed="5.29" departDelay="0.00" arrival="158.00" arrivalLane="-5699230#0_0" arrivalPos="157.24" arrivalSpeed="13.89" duration="124.00" routeLength="1625.87" waitSteps="0" timeLoss="9.48" rerouteNo="0" devices="vehroute_34 tripinfo_34" vType="Car" vaporized=""/>
    <tripinfo id="18" depart="18.00" departLane="-223860152#7_0" departPos="4.60" departSpeed="7.12" departDelay="0.00" arrival="160.00" arrivalLane="5695597#3_0" arrivalPos="22.63" arrivalSpeed="10.06" duration="142.00" routeLength="2525.95" waitSteps="0" timeLoss="14.67" rerouteNo="0" devices="vehroute_18 tripinfo_18" vType="Car" vaporized=""/>
    <tripinfo id="13" depart="13.00" departLane="120245127_0" departPos="4.60" departSpeed="9.13" departDelay="0.00" arrival="161.00" arrivalLane="274840501_0" arrivalPos="253.67" arrivalSpeed="13.89" duration="148.00" routeLength="1407.61" waitSteps="13" timeLoss="46.04" rerouteNo="0" devices="vehroute_13 tripinfo_13" vType="Car" vaporized=""/>
    <tripinfo id="41" depart="41.00" departLane="-120245128#5_0" departPos="4.60" departSpeed="9.54" departDelay="0.00" arrival="161.00" arrivalLane="-5699230#0_0" arrivalPos="157.24" arrivalSpeed="13.89" duration="120.00" routeLength="1625.87" waitSteps="0" timeLoss="4.96" rerouteNo="0" devices="vehroute_41 tripinfo_41" vType="Car" vaporized=""/>
    <tripinfo id="21" depart="22.00" departLane="5699670#0_0" departPos="4.60" departSpeed="0.15" departDelay="1.00" arrival="162.00" arrivalLane="5697974#4_0" arrivalPos="220.85" arrivalSpeed="13.89" duration="140.00" routeLength="1627.48" waitSteps="6" timeLoss="30.78" rerouteNo="0" devices="vehroute_21 tripinfo_21" vType="Car" vaporized=""/>
    <tripinfo id="29" depart="29.00" departLane="5699670#0_0" departPos="4.60" departSpeed="12.17" departDelay="0.00" arrival="163.00" arrivalLane="5697974#4_0" arrivalPos="220.85" arrivalSpeed="13.89" duration="134.00" routeLength="1627.48" waitSteps="4" timeLoss="25.21" rerouteNo="0" devices="vehroute_29 tripinfo_29" vType="Car" vaporized=""/>
    <tripinfo id="32" depart="32.00" departLane="5699670#0_0" departPos="4.60" departSpeed="4.99" departDelay="0.00" arrival="164.00" arrivalLane="5697974#4_0" arrivalPos="220.85" arrivalSpeed="13.89" duration="132.00" routeLength="1627.48" waitSteps="0" timeLoss="23.66" rerouteNo="0" devices="vehroute_32 tripinfo_32" vType="Car" vaporized=""/>
    <tripinfo id="43" depart="43.00" departLane="5697974#0_0" departPos="4.60" departSpeed="9.04" departDelay="0.00" arrival="166.00" arrivalLane="5697974#4_0" arrivalPos="220.85" arrivalSpeed="13.89" duration="123.00" routeLength="1296.06" waitSteps="15" timeLoss="29.17" rerouteNo="0" devices="vehroute_43 tripinfo_43" vType="Car" vaporized=""/>
    <tripinfo id="40" depart="40.00" departLane="5699670#0_0" departPos="4.60" departSpeed="5.25" departDelay="0.00" arrival="168.00" arrivalLane="5697974#4_0" arrivalPos="220.85" arrivalSpeed="13.89" duration="128.00" routeLength="1627.48" waitSteps="0" timeLoss="19.16" rerouteNo="0" devices="vehroute_40 tripinfo_40" vType="Car" vaporized=""/>
    <tripinfo id="35" depart="35.00" departLane="5697769#0_0" departPos="4.60" departSpeed="11.89" departDelay="0.00" arrival="169.00" arrivalLane="5697974#4_0" arrivalPos="220.85" arrivalSpeed="13.89" duration="134.00" routeLength="1797.47" waitSteps="0" timeLoss="17.96" rerouteNo="0" devices="vehroute_35 tripinfo_35" vType="Car" vaporized=""/>
    <tripinfo id="16" depart="16.00" departLane="120245127_0" departPos="4.60" departSpeed="4.71" departDelay="0.00" arrival="169.00" arrivalLane="274840501_0" arrivalPos="253.67" arrivalSpeed="13.89" duration="153.00" routeLength="1407.61" waitSteps="15" timeLoss="51.03" rerouteNo="0" devices="vehroute_16 tripinfo_16" vType="Car" vaporized=""/>
    <tripinfo id="27" depart="27.00" departLane="120245127_0" departPos="4.60" departSpeed="1.52" departDelay="0.00" arrival="170.00" arrivalLane="274840501_0" arrivalPos="253.67" arrivalSpeed="13.89" duration="143.00" routeLength="1407.61" waitSteps="7" timeLoss="41.49" rerouteNo="0" devices="vehroute_27 tripinfo_27" vType="Car" vaporized=""/>
    <tripinfo id="28" depart="30.00" departLane="120245127_0" departPos="4.60" departSpeed="0.45" departDelay="2.00" arrival="172.00" arrivalLane="274840501_0" arrivalPos="253.67" arrivalSpeed="13.89" duration="142.00" routeLength="1407.61" waitSteps="6" timeLoss="39.97" rerouteNo="0" devices="vehroute_28 tripinfo_28" vType="Car" vaporized=""/>
    <tripinfo id="33" depart="33.00" departLane="120245127_0" departPos="4.60" departSpeed="0.85" departDelay="0.00" arrival="173.00" arrivalLane="274840501_0" arrivalPos="253.67" arrivalSpeed="13.89" duration="140.00" routeLength="1407.61" waitSteps="7" timeLoss="38.43" rerouteNo="0" devices="vehroute_33 tripinfo_33" vType="Car" vaporized=""/>
    <tripinfo id="37" depart="37.00" departLane="5698817#0_0" departPos="4.60" departSpeed="3.83" departDelay="0.00" arrival="174.00" arrivalLane="275037810#13_0" arrivalPos="87.93" arrivalSpeed="14.00" duration="137.00" routeLength="1939.54" waitSteps="5" timeLoss="29.18" rerouteNo="0" devices="vehroute_37 tripinfo_37" vType="Car" vaporized=""/>
    <tripinfo id="50" depart="50.00" departLane="5698817#0_0" departPos="4.60" departSpeed="9.00" departDelay="0.00" arrival="175.00" arrivalLane="275037810#13_0" arrivalPos="87.93" arrivalSpeed="14.00" duration="125.00" routeLength="1939.54" waitSteps="0" timeLoss="17.61" rerouteNo="0" devices="vehroute_50 tripinfo_50" vType="Car" vaporized=""/>
    <tripinfo id="25" depart="25.00" departLane="-223860152#7_0" departPos="4.60" departSpeed="10.64" departDelay="0.00" arrival="178.00" arrivalLane="5695597#3_0" arrivalPos="22.63" arrivalSpeed="10.57" duration="153.00" routeLength="2525.95" waitSteps="6" timeLoss="25.02" rerouteNo="0" devices="vehroute_25 tripinfo_25" vType="Car" vaporized=""/>
    <tripinfo id="31" depart="31.00" departLane="120245128#0_0" departPos="4.60" departSpeed="4.71" departDelay="0.00" arrival="179.00" arrivalLane="274840501_0" arrivalPos="253.67" arrivalSpeed="13.89" duration="148.00" routeLength="1738.29" waitSteps="1" timeLoss="27.63" rerouteNo="1" devices="vehroute_31 tripinfo_31" vType="Car" vaporized=""/>
    <tripinfo id="19" depart="19.00" departLane="-223860152#7_0" departPos="4.60" departSpeed="0.20" departDelay="0.00" arrival="179.00" arrivalLane="5695597#3_0" arrivalPos="22.63" arrivalSpeed="10.03" duration="160.00" routeLength="2525.95" waitSteps="5" timeLoss="33.08" rerouteNo="0" devices="vehroute_19 tripinfo_19" vType="Car" vaporized=""/>
    <tripinfo id="38" depart="38.00" departLane="-223860152#7_0" departPos="4.60" departSpeed="16.78" departDelay="0.00" arrival="181.00" arrivalLane="5695597#3_0" arrivalPos="22.63" arrivalSpeed="10.27" duration="143.00" routeLength="2525.95" waitSteps="0" timeLoss="15.65" rerouteNo="0" devices="vehroute_38 tripinfo_38" vType="Car" vaporized=""/>
    <tripinfo id="47" depart="47.00" departLane="5697974#0_0" departPos="4.60" departSpeed="6.10" departDelay="0.00" arrival="184.00" arrivalLane="5697974#4_0" arrivalPos="220.85" arrivalSpeed="13.89" duration="137.00" routeLength="1296.06" waitSteps="24" timeLoss="43.29" rerouteNo="0" devices="vehroute_47 tripinfo_47" vType="Car" vaporized=""/>
    <tripinfo id="36" depart="37.00" departLane="120245127_0" departPos="4.60" departSpeed="2.91" departDelay="1.00" arrival="184.00" arrivalLane="274840501_0" arrivalPos="253.67" arrivalSpeed="13.89" duration="147.00" routeLength="1407.61" waitSteps="12" timeLoss="45.04" rerouteNo="0" devices="vehroute_36 tripinfo_36" vType="Car" vaporized=""/>
    <tripinfo id="64" depart="64.00" departLane="120245127_0" departPos="4.60" departSpeed="12.81" departDelay="0.00" arrival="185.00" arrivalLane="274840501_0" arrivalPos="253.67" arrivalSpeed="13.89" duration="121.00" routeLength="1407.61" waitSteps="2" timeLoss="19.53" rerouteNo="0" devices="vehroute_64 tripinfo_64" vType="Car" vaporized=""/>
    <tripinfo id="26" depart="26.00" departLane="5698789#0_0" departPos="4.60" departSpeed="13.20" departDelay="0.00" arrival="185.00" arrivalLane="5695597#3_0" arrivalPos="22.63" arrivalSpeed="13.41" duration="159.00" routeLength="2385.35" waitSteps="3" timeLoss="20.84" rerouteNo="0" devices="vehroute_26 tripinfo_26" vType="Car" vaporized=""/>
    <tripinfo id="48" depart="48.00" departLane="5697974#0_0" departPos="4.60" departSpeed="2.71" departDelay="0.00" arrival="186.00" arrivalLane="5697974#4_0" arrivalPos="220.85" arrivalSpeed="13.89" duration="138.00" routeLength="1296.06" waitSteps="19" timeLoss="44.64" rerouteNo="0" devices="vehroute_48 tripinfo_48" vType="Car" vaporized=""/>
    <tripinfo id="69" depart="69.00" departLane="120245127_0" departPos="4.60" departSpeed="9.41" departDelay="0.00" arrival="187.00" arrivalLane="274840501_0" arrivalPos="253.67" arrivalSpeed="13.89" duration="118.00" routeLength="1407.61" waitSteps="0" timeLoss="16.16" rerouteNo="0" devices="vehroute_69 tripinfo_69" vType="Car" vaporized=""/>
    <tripinfo id="39" depart="39.00" departLane="5698789#0_0" departPos="4.60" departSpeed="10.81" departDelay="0.00" arrival="187.00" arrivalLane="5695597#3_0" arrivalPos="22.63" arrivalSpeed="13.26" duration="148.00" routeLength="2385.35" waitSteps="0" timeLoss="9.98" rerouteNo="0" devices="vehroute_39 tripinfo_39" vType="Car" vaporized=""/>
    <tripinfo id="49" depart="51.00" departLane="5697974#0_0" departPos="4.60" departSpeed="4.61" departDelay="2.00" arrival="189.00" arrivalLane="5697974#4_0" arrivalPos="220.85" arrivalSpeed="13.89" duration="138.00" routeLength="1296.06" waitSteps="19" timeLoss="43.84" rerouteNo="0" devices="vehroute_49 tripinfo_49" vType="Car" vaporized=""/>
    <tripinfo id="53" depart="53.00" departLane="120245128#0_0" departPos="4.60" departSpeed="10.18" departDelay="0.00" arrival="189.00" arrivalLane="274840501_0" arrivalPos="253.67" arrivalSpeed="13.89" duration="136.00" routeLength="1738.29" waitSteps="0" timeLoss="16.07" rerouteNo="1" devices="vehroute_53 tripinfo_53" vType="Car" vaporized=""/>
    <tripinfo id="65" depart="65.00" departLane="-120245128#5_0" departPos="4.60" departSpeed="4.25" departDelay="0.00" arrival="189.00" arrivalLane="-5699230#0_0" arrivalPos="157.24" arrivalSpeed="13.89" duration="124.00" routeLength="1625.87" waitSteps="0" timeLoss="8.72" rerouteNo="0" devices="vehroute_65 tripinfo_65" vType="Car" vaporized=""/>
    <tripinfo id="61" depart="61.00" departLane="5697974#0_0" departPos="4.60" departSpeed="10.76" departDelay="0.00" arrival="191.00" arrivalLane="5697974#4_0" arrivalPos="220.85" arrivalSpeed="13.89" duration="130.00" routeLength="1296.06" waitSteps="13" timeLoss="35.96" rerouteNo="0" devices="vehroute_61 tripinfo_61" vType="Car" vaporized=""/>
    <tripinfo id="45" depart="45.00" departLane="5699670#0_0" departPos="4.60" departSpeed="13.01" departDelay="0.00" arrival="193.00" arrivalLane="5697974#4_0" arrivalPos="220.85" arrivalSpeed="13.89" duration="148.00" routeLength="1627.48" waitSteps="11" timeLoss="38.76" rerouteNo="0" devices="vehroute_45 tripinfo_45" vType="Car" vaporized=""/>
    <tripinfo id="44" depart="44.00" departLane="-223860152#7_0" departPos="4.60" departSpeed="5.69" departDelay="0.00" arrival="195.00" arrivalLane="5695597#3_0" arrivalPos="22.63" arrivalSpeed="12.35" duration="151.00" routeLength="2525.95" waitSteps="5" timeLoss="23.70" rerouteNo="0" devices="vehroute_44 tripinfo_44" vType="Car" vaporized=""/>
    <tripinfo id="56" depart="56.00" departLane="120245128#0_0" departPos="4.60" departSpeed="3.41" departDelay="0.00" arrival="200.00" arrivalLane="274840501_0" arrivalPos="253.67" arrivalSpeed="13.89" duration="144.00" routeLength="1738.29" waitSteps="0" timeLoss="23.88" rerouteNo="1" devices="vehroute_56 tripinfo_56" vType="Car" vaporized=""/>
    <tripinfo id="83" depart="83.00" departLane="-120245128#5_0" departPos="4.60" departSpeed="15.69" departDelay="0.00" arrival="201.00" arrivalLane="-5699230#0_0" arrivalPos="157.24" arrivalSpeed="13.89" duration="118.00" routeLength="1625.87" waitSteps="0" timeLoss="3.01" rerouteNo="0" devices="vehroute_83 tripinfo_83" vType="Car" vaporized=""/>
    <tripinfo id="58" depart="58.00" departLane="-223860152#7_0" departPos="4.60" departSpeed="18.93" departDelay="0.00" arrival="201.00" arrivalLane="5695597#3_0" arrivalPos="22.63" arrivalSpeed="12.99" duration="143.00" routeLength="2525.95" waitSteps="0" timeLoss="15.11" rerouteNo="0" devices="vehroute_58 tripinfo_58" vType="Car" vaporized=""/>
    <tripinfo id="60" depart="60.00" departLane="5699670#0_0" departPos="4.60" departSpeed="9.88" departDelay="0.00" arrival="202.00" arrivalLane="5697974#4_0" arrivalPos="220.85" arrivalSpeed="13.89" duration="142.00" routeLength="1627.48" waitSteps="3" timeLoss="32.57" rerouteNo="0" devices="vehroute_60 tripinfo_60" vType="Car" vaporized=""/>
    <tripinfo id="57" depart="58.00" departLane="120245128#0_0" departPos="4.60" departSpeed="3.71" departDelay="1.00" arrival="202.00" arrivalLane="274840501_0" arrivalPos="253.67" arrivalSpeed="13.89" duration="144.00" routeLength="1738.29" waitSteps="0" timeLoss="24.04" rerouteNo="1" devices="vehroute_57 tripinfo_57" vType="Car" vaporized=""/>
    <tripinfo id="46" depart="46.00" departLane="5697769#0_0" departPos="4.60" departSpeed="11.66" departDelay="0.00" arrival="203.00" arrivalLane="5697974#4_0" arrivalPos="220.85" arrivalSpeed="13.89" duration="157.00" routeLength="1797.47" waitSteps="3" timeLoss="40.52" rerouteNo="0" devices="vehroute_46 tripinfo_46" vType="Car" vaporized=""/>
    <tripinfo id="51" depart="51.00" departLane="-223860152#7_0" departPos="4.60" departSpeed="3.52" departDelay="0.00" arrival="203.00" arrivalLane="5695597#3_0" arrivalPos="22.63" arrivalSpeed="11.75" duration="152.00" routeLength="2525.95" waitSteps="0" timeLoss="24.73" rerouteNo="0" devices="vehroute_51 tripinfo_51" vType="Car" vaporized=""/>
    <tripinfo id="52" depart="52.00" departLane="5697769#0_0" departPos="4.60" departSpeed="13.23" departDelay="0.00" arrival="204.00" arrivalLane="5697974#4_0" arrivalPos="220.85" arrivalSpeed="13.89" duration="152.00" routeLength="1797.47" waitSteps="2" timeLoss="35.99" rerouteNo="0" devices="vehroute_52 tripinfo_52" vType="Car" vaporized=""/>
    <tripinfo id="67" depart="67.00" departLane="5698817#0_0" departPos="4.60" departSpeed="10.19" departDelay="0.00" arrival="205.00" arrivalLane="275037810#13_0" arrivalPos="87.93" arrivalSpeed="16.91" duration="138.00" routeLength="1939.54" waitSteps="10" timeLoss="30.32" rerouteNo="0" devices="vehroute_67 tripinfo_67" vType="Car" vaporized=""/>
    <tripinfo id="55" depart="55.00" departLane="5697769#0_0" departPos="4.60" departSpeed="1.73" departDelay="0.00" arrival="206.00" arrivalLane="5697974#4_0" arrivalPos="220.85" arrivalSpeed="13.89" duration="151.00" routeLength="1797.47" waitSteps="0" timeLoss="34.48" rerouteNo="0" devices="vehroute_55 tripinfo_55" vType="Car" vaporized=""/>
    <tripinfo id="62" depart="62.00" departLane="5697974#0_0" departPos="4.60" departSpeed="8.09" departDelay="0.00" arrival="209.00" arrivalLane="5697974#4_0" arrivalPos="220.85" arrivalSpeed="13.89" duration="147.00" routeLength="1296.06" waitSteps="22" timeLoss="53.28" rerouteNo="0" devices="vehroute_62 tripinfo_62" vType="Car" vaporized=""/>
    <tripinfo id="73" depart="73.00" departLane="120245128#0_0" departPos="4.60" departSpeed="13.54" departDelay="0.00" arrival="209.00" arrivalLane="274840501_0" arrivalPos="253.67" arrivalSpeed="13.89" duration="136.00" routeLength="1738.29" waitSteps="0" timeLoss="15.66" rerouteNo="1" devices="vehroute_73 tripinfo_73" vType="Car" vaporized=""/>
    <tripinfo id="0" depart="0.00" departLane="120245128#0_0" departPos="4.60" departSpeed="19.80" departDelay="0.00" arrival="216.00" arrivalLane="274840501_0" arrivalPos="253.67" arrivalSpeed="13.89" duration="216.00" routeLength="1730.58" waitSteps="0" timeLoss="22.16" rerouteNo="0" devices="vehroute_0 tripinfo_0" vType="Car" vaporized=""/>
    <tripinfo id="54" depart="54.00" departLane="5698789#0_0" departPos="4.60" departSpeed="8.90" departDelay="0.00" arrival="216.00" arrivalLane="5695597#3_0" arrivalPos="22.63" arrivalSpeed="12.63" duration="162.00" routeLength="2385.35" waitSteps="0" timeLoss="23.97" rerouteNo="0" devices="vehroute_54 tripinfo_54" vType="Car" vaporized=""/>
    <tripinfo id="6" depart="6.00" departLane="120245128#0_0" departPos="4.60" departSpeed="8.81" departDelay="0.00" arrival="217.00" arrivalLane="274840501_0" arrivalPos="253.67" arrivalSpeed="13.89" duration="211.00" routeLength="1730.58" waitSteps="92" timeLoss="118.63" rerouteNo="0" devices="vehroute_6 tripinfo_6" vType="Car" vaporized=""/>
    <tripinfo id="59" depart="59.00" departLane="5698789#0_0" departPos="4.60" departSpeed="7.45" departDelay="0.00" arrival="218.00" arrivalLane="5695597#3_0" arrivalPos="22.63" arrivalSpeed="13.02" duration="159.00" routeLength="2385.35" waitSteps="0" timeLoss="20.72" rerouteNo="0" devices="vehroute_59 tripinfo_59" vType="Car" vaporized=""/>
    <tripinfo id="9" depart="9.00" departLane="120245128#0_0" departPos="4.60" departSpeed="16.14" departDelay="0.00" arrival="219.00" arrivalLane="274840501_0" arrivalPos="253.67" arrivalSpeed="13.89" duration="210.00" routeLength="1730.58" waitSteps="92" timeLoss="117.17" rerouteNo="0" devices="vehroute_9 tripinfo_9" vType="Car" vaporized=""/>
    <tripinfo id="102" depart="102.00" departLane="-120245128#5_0" departPos="4.60" departSpeed="15.27" departDelay="0.00" arrival="219.00" arrivalLane="-5699230#0_0" arrivalPos="157.24" arrivalSpeed="13.89" duration="117.00" routeLength="1625.87" waitSteps="0" timeLoss="2.57" rerouteNo="0" devices="vehroute_102 tripinfo_102" vType="Car" vaporized=""/>
    <tripinfo id="72" depart="72.00" departLane="5699670#0_0" departPos="4.60" departSpeed="3.93" departDelay="0.00" arrival="220.00" arrivalLane="5697974#4_0" arrivalPos="220.85" arrivalSpeed="13.89" duration="148.00" routeLength="1627.48" waitSteps="9" timeLoss="38.52" rerouteNo="0" devices="vehroute_72 tripinfo_72" vType="Car" vaporized=""/>
    <tripinfo id="86" depart="86.00" departLane="-223860152#7_0" departPos="4.60" departSpeed="27.32" departDelay="0.00" arrival="220.00" arrivalLane="5695597#3_0" arrivalPos="22.63" arrivalSpeed="11.79" duration="134.00" routeLength="2525.95" waitSteps="0" timeLoss="6.88" rerouteNo="0" devices="vehroute_86 tripinfo_86" vType="Car" vaporized=""/>
    <tripinfo id="66" depart="66.00" departLane="120245128#0_0" departPos="4.60" departSpeed="21.35" departDelay="0.00" arrival="221.00" arrivalLane="274840501_0" arrivalPos="253.67" arrivalSpeed="13.89" duration="155.00" routeLength="1730.58" waitSteps="39" timeLoss="62.17" rerouteNo="0" devices="vehroute_66 tripinfo_66" vType="Car" vaporized=""/>
    <tripinfo id="75" depart="75.00" departLane="5699670#0_0" departPos="4.60" departSpeed="0.49" departDelay="0.00" arrival="228.00" arrivalLane="5697974#4_0" arrivalPos="220.85" arrivalSpeed="13.89" duration="153.00" routeLength="1627.48" waitSteps="8" timeLoss="43.54" rerouteNo="0" devices="vehroute_75 tripinfo_75" vType="Car" vaporized=""/>
    <tripinfo id="109" depart="109.00" departLane="-120245128#5_0" departPos="4.60" departSpeed="11.73" departDelay="0.00" arrival="228.00" arrivalLane="-5699230#0_0" arrivalPos="157.24" arrivalSpeed="13.89" duration="119.00" routeLength="1625.87" waitSteps="0" timeLoss="3.69" rerouteNo="0" devices="vehroute_109 tripinfo_109" vType="Car" vaporized=""/>
    <tripinfo id="71" depart="71.00" departLane="5697769#0_0" departPos="4.60" departSpeed="4.77" departDelay="0.00" arrival="229.00" arrivalLane="5697974#4_0" arrivalPos="220.85" arrivalSpeed="13.89" duration="158.00" routeLength="1797.47" waitSteps="6" timeLoss="41.39" rerouteNo="0" devices="vehroute_71 tripinfo_71" vType="Car" vaporized=""/>
    <tripinfo id="76" depart="76.00" departLane="5697769#0_0" departPos="4.60" departSpeed="1.27" departDelay="0.00" arrival="230.00" arrivalLane="5697974#4_0" arrivalPos="220.85" arrivalSpeed="13.89" duration="154.00" routeLength="1797.47" waitSteps="3" timeLoss="37.86" rerouteNo="0" devices="vehroute_76 tripinfo_76" vType="Car" vaporized=""/>
    <tripinfo id="70" depart="70.00" departLane="120245128#0_0" departPos="4.60" departSpeed="7.02" departDelay="0.00" arrival="230.00" arrivalLane="274840501_0" arrivalPos="253.67" arrivalSpeed="13.89" duration="160.00" routeLength="1730.58" waitSteps="32" timeLoss="67.04" rerouteNo="0" devices="vehroute_70 tripinfo_70" vType="Car" vaporized=""/>
    <tripinfo id="90" depart="90.00" departLane="-223860152#7_0" departPos="4.60" departSpeed="7.29" departDelay="0.00" arrival="230.00" arrivalLane="5695597#3_0" arrivalPos="22.63" arrivalSpeed="13.80" duration="140.00" routeLength="2525.95" waitSteps="0" timeLoss="12.05" rerouteNo="0" devices="vehroute_90 tripinfo_90" vType="Car" vaporized=""/>
    <tripinfo id="87" depart="87.00" departLane="120245128#0_0" departPos="4.60" departSpeed="2.09" departDelay="0.00" arrival="231.00" arrivalLane="274840501_0" arrivalPos="253.67" arrivalSpeed="13.89" duration="144.00" routeLength="1730.58" waitSteps="13" timeLoss="51.50" rerouteNo="0" devices="vehroute_87 tripinfo_87" vType="Car" vaporized=""/>
    <tripinfo id="77" depart="79.00" departLane="5697769#0_0" departPos="4.60" departSpeed="0.30" departDelay="2.00" arrival="232.00" arrivalLane="5697974#4_0" arrivalPos="220.85" arrivalSpeed="13.89" duration="153.00" routeLength="1797.47" waitSteps="3" timeLoss="36.44" rerouteNo="0" devices="vehroute_77 tripinfo_77" vType="Car" vaporized=""/>
    <tripinfo id="91" depart="91.00" departLane="5697769#0_0" departPos="4.60" departSpeed="13.61" departDelay="0.00" arrival="235.00" arrivalLane="5697974#4_0" arrivalPos="220.85" arrivalSpeed="13.89" duration="144.00" routeLength="1797.47" waitSteps="2" timeLoss="27.23" rerouteNo="0" devices="vehroute_91 tripinfo_91" vType="Car" vaporized=""/>
    <tripinfo id="63" depart="63.00" departLane="5697974#0_0" departPos="4.60" departSpeed="5.84" departDelay="0.00" arrival="236.00" arrivalLane="5697974#4_0" arrivalPos="220.85" arrivalSpeed="13.89" duration="173.00" routeLength="1296.06" waitSteps="40" timeLoss="79.39" rerouteNo="0" devices="vehroute_63 tripinfo_63" vType="Car" vaporized=""/>
    <tripinfo id="96" depart="96.00" departLane="5698817#0_0" departPos="4.60" departSpeed="5.64" departDelay="0.00" arrival="237.00" arrivalLane="275037810#13_0" arrivalPos="87.93" arrivalSpeed="15.87" duration="141.00" routeLength="1939.54" waitSteps="4" timeLoss="32.88" rerouteNo="0" devices="vehroute_96 tripinfo_96" vType="Car" vaporized=""/>
    <tripinfo id="98" depart="98.00" departLane="5698817#0_0" departPos="4.60" departSpeed="6.98" departDelay="0.00" arrival="238.00" arrivalLane="275037810#13_0" arrivalPos="87.93" arrivalSpeed="15.19" duration="140.00" routeLength="1939.54" waitSteps="4" timeLoss="32.47" rerouteNo="0" devices="vehroute_98 tripinfo_98" vType="Car" vaporized=""/>
    <tripinfo id="99" depart="99.00" departLane="120245128#0_0" departPos="4.60" departSpeed="7.44" departDelay="0.00" arrival="240.00" arrivalLane="274840501_0" arrivalPos="253.67" arrivalSpeed="13.89" duration="141.00" routeLength="1730.58" waitSteps="9" timeLoss="48.05" rerouteNo="0" devices="vehroute_99 tripinfo_99" vType="Car" vaporized=""/>
    <tripinfo id="100" depart="100.00" departLane="5698817#0_0" departPos="4.60" departSpeed="6.98" departDelay="0.00" arrival="240.00" arrivalLane="275037810#13_0" arrivalPos="87.93" arrivalSpeed="15.34" duration="140.00" routeLength="1939.54" waitSteps="3" timeLoss="32.41" rerouteNo="0" devices="vehroute_100 tripinfo_100" vType="Car" vaporized=""/>
    <tripinfo id="110" depart="110.00" departLane="120245128#0_0" departPos="4.60" departSpeed="0.52" departDelay="0.00" arrival="241.00" arrivalLane="274840501_0" arrivalPos="253.67" arrivalSpeed="13.89" duration="131.00" routeLength="1730.58" waitSteps="3" timeLoss="38.51" rerouteNo="0" devices="vehroute_110 tripinfo_110" vType="Car" vaporized=""/>
    <tripinfo id="68" depart="68.00" departLane="5698789#0_0" departPos="4.60" departSpeed="4.63" departDelay="0.00" arrival="242.00" arrivalLane="5695597#3_0" arrivalPos="22.63" arrivalSpeed="11.37" duration="174.00" routeLength="2385.35" waitSteps="0" timeLoss="36.24" rerouteNo="0" devices="vehroute_68 tripinfo_68" vType="Car" vaporized=""/>
    <tripinfo id="74" depart="74.00" departLane="120245127_0" departPos="4.60" departSpeed="12.66" departDelay="0.00" arrival="243.00" arrivalLane="274840501_0" arrivalPos="253.67" arrivalSpeed="13.89" duration="169.00" routeLength="1407.61" waitSteps="43" timeLoss="66.98" rerouteNo="0" devices="vehroute_74 tripinfo_74" vType="Car" vaporized=""/>
    <tripinfo id="84" depart="84.00" departLane="120245128#0_0" departPos="4.60" departSpeed="19.35" departDelay="0.00" arrival="244.00" arrivalLane="274840501_0" arrivalPos="253.67" arrivalSpeed="13.89" duration="160.00" routeLength="1738.29" waitSteps="15" timeLoss="39.84" rerouteNo="1" devices="vehroute_84 tripinfo_84" vType="Car" vaporized=""/>
    <tripinfo id="127" depart="127.00" departLane="-120245128#5_0" departPos="4.60" departSpeed="11.21" departDelay="0.00" arrival="245.00" arrivalLane="-5699230#0_0" arrivalPos="157.24" arrivalSpeed="13.89" duration="118.00" routeLength="1625.87" waitSteps="0" timeLoss="3.46" rerouteNo="0" devices="vehroute_127 tripinfo_127" vType="Car" vaporized=""/>
    <tripinfo id="95" depart="95.00" departLane="5699670#0_0" departPos="4.60" departSpeed="6.08" departDelay="0.00" arrival="246.00" arrivalLane="5697974#4_0" arrivalPos="220.85" arrivalSpeed="13.89" duration="151.00" routeLength="1627.48" waitSteps="9" timeLoss="41.54" rerouteNo="0" devices="vehroute_95 tripinfo_95" vType="Car" vaporized=""/>
    <tripinfo id="92" depart="92.00" departLane="5697769#0_0" departPos="4.60" departSpeed="0.88" departDelay="0.00" arrival="247.00" arrivalLane="5697974#4_0" arrivalPos="220.85" arrivalSpeed="13.89" duration="155.00" routeLength="1797.47" waitSteps="2" timeLoss="38.53" rerouteNo="0" devices="vehroute_92 tripinfo_92" vType="Car" vaporized=""/>
    <tripinfo id="97" depart="97.00" departLane="120245128#0_0" departPos="4.60" departSpeed="10.56" departDelay="0.00" arrival="247.00" arrivalLane="274840501_0" arrivalPos="253.67" arrivalSpeed="13.89" duration="150.00" routeLength="1738.29" waitSteps="2" timeLoss="29.47" rerouteNo="1" devices="vehroute_97 tripinfo_97" vType="Car" vaporized=""/>
    <tripinfo id="79" depart="79.00" departLane="5697974#0_0" departPos="4.60" departSpeed="7.21" departDelay="0.00" arrival="248.00" arrivalLane="5697974#4_0" arrivalPos="220.85" arrivalSpeed="13.89" duration="169.00" routeLength="1296.06" waitSteps="44" timeLoss="75.62" rerouteNo="0" devices="vehroute_79 tripinfo_79" vType="Car" vaporized=""/>
    <tripinfo id="132" depart="132.00" departLane="120245128#0_0" departPos="4.60" departSpeed="1.04" departDelay="0.00" arrival="248.00" arrivalLane="274840501_0" arrivalPos="253.67" arrivalSpeed="13.89" duration="116.00" routeLength="1730.58" waitSteps="0" timeLoss="23.65" rerouteNo="0" devices="vehroute_132 tripinfo_132" vType="Car" vaporized=""/>
    <tripinfo id="78" depart="78.00" departLane="5698789#0_0" departPos="4.60" departSpeed="3.70" departDelay="0.00" arrival="249.00" arrivalLane="5695597#3_0" arrivalPos="22.63" arrivalSpeed="13.37" duration="171.00" routeLength="2385.35" waitSteps="0" timeLoss="32.58" rerouteNo="0" devices="vehroute_78 tripinfo_78" vType="Car" vaporized=""/>
    <tripinfo id="103" depart="103.00" departLane="5699670#0_0" departPos="4.60" departSpeed="6.23" departDelay="0.00" arrival="250.00" arrivalLane="5697974#4_0" arrivalPos="220.85" arrivalSpeed="13.89" duration="147.00" routeLength="1627.48" waitSteps="9" timeLoss="38.26" rerouteNo="0" devices="vehroute_103 tripinfo_103" vType="Car" vaporized=""/>
    <tripinfo id="107" depart="107.00" departLane="5699670#0_0" departPos="4.60" departSpeed="7.06" departDelay="0.00" arrival="252.00" arrivalLane="5697974#4_0" arrivalPos="220.85" arrivalSpeed="13.89" duration="145.00" routeLength="1627.48" waitSteps="9" timeLoss="36.04" rerouteNo="0" devices="vehroute_107 tripinfo_107" vType="Car" vaporized=""/>
    <tripinfo id="81" depart="81.00" departLane="5698789#0_0" departPos="4.60" departSpeed="8.50" departDelay="0.00" arrival="252.00" arrivalLane="5695597#3_0" arrivalPos="22.63" arrivalSpeed="10.03" duration="171.00" routeLength="2385.35" waitSteps="0" timeLoss="33.53" rerouteNo="0" devices="vehroute_81 tripinfo_81" vType="Car" vaporized=""/>
    <tripinfo id="105" depart="105.00" departLane="5697769#0_0" departPos="4.60" departSpeed="7.43" departDelay="0.00" arrival="254.00" arrivalLane="5697974#4_0" arrivalPos="220.85" arrivalSpeed="13.89" duration="149.00" routeLength="1797.47" waitSteps="4" timeLoss="32.28" rerouteNo="0" devices="vehroute_105 tripinfo_105" vType="Car" vaporized=""/>
    <tripinfo id="104" depart="104.00" departLane="120245128#0_0" departPos="4.60" departSpeed="4.97" departDelay="0.00" arrival="256.00" arrivalLane="274840501_0" arrivalPos="253.67" arrivalSpeed="13.89" duration="152.00" routeLength="1738.29" waitSteps="6" timeLoss="31.79" rerouteNo="1" devices="vehroute_104 tripinfo_104" vType="Car" vaporized=""/>
    <tripinfo id="115" depart="115.00" departLane="120245128#0_0" departPos="4.60" departSpeed="8.31" departDelay="0.00" arrival="258.00" arrivalLane="274840501_0" arrivalPos="253.67" arrivalSpeed="13.89" duration="143.00" routeLength="1738.29" waitSteps="0" timeLoss="22.39" rerouteNo="1" devices="vehroute_115 tripinfo_115" vType="Car" vaporized=""/>
    <tripinfo id="124" depart="124.00" departLane="5698817#0_0" departPos="4.60" departSpeed="5.97" departDelay="0.00" arrival="259.00" arrivalLane="275037810#13_0" arrivalPos="87.93" arrivalSpeed="15.82" duration="135.00" routeLength="1939.54" waitSteps="0" timeLoss="26.86" rerouteNo="0" devices="vehroute_124 tripinfo_124" vType="Car" vaporized=""/>
    <tripinfo id="145" depart="145.00" departLane="120245128#0_0" departPos="4.60" departSpeed="4.86" departDelay="0.00" arrival="260.00" arrivalLane="274840501_0" arrivalPos="253.67" arrivalSpeed="13.89" duration="115.00" routeLength="1730.58" waitSteps="0" timeLoss="21.84" rerouteNo="0" devices="vehroute_145 tripinfo_145" vType="Car" vaporized=""/>
    <tripinfo id="125" depart="125.00" departLane="5698817#0_0" departPos="4.60" departSpeed="2.45" departDelay="0.00" arrival="260.00" arrivalLane="275037810#13_0" arrivalPos="87.93" arrivalSpeed="15.16" duration="135.00" routeLength="1939.54" waitSteps="0" timeLoss="27.47" rerouteNo="0" devices="vehroute_125 tripinfo_125" vType="Car" vaporized=""/>
    <tripinfo id="108" depart="108.00" departLane="5699670#0_0" departPos="4.60" departSpeed="4.62" departDelay="0.00" arrival="262.00" arrivalLane="5697974#4_0" arrivalPos="220.85" arrivalSpeed="13.89" duration="154.00" routeLength="1627.48" waitSteps="9" timeLoss="45.37" rerouteNo="0" devices="vehroute_108 tripinfo_108" vType="Car" vaporized=""/>
    <tripinfo id="151" depart="151.00" departLane="120245128#0_0" departPos="4.60" departSpeed="9.36" departDelay="0.00" arrival="262.00" arrivalLane="274840501_0" arrivalPos="253.67" arrivalSpeed="13.89" duration="111.00" routeLength="1730.58" waitSteps="0" timeLoss="17.85" rerouteNo="0" devices="vehroute_151 tripinfo_151" vType="Car" vaporized=""/>
    <tripinfo id="130" depart="130.00" departLane="5698817#0_0" departPos="4.60" departSpeed="10.19" departDelay="0.00" arrival="262.00" arrivalLane="275037810#13_0" arrivalPos="87.93" arrivalSpeed="15.33" duration="132.00" routeLength="1939.54" waitSteps="0" timeLoss="24.39" rerouteNo="0" devices="vehroute_130 tripinfo_130" vType="Car" vaporized=""/>
    <tripinfo id="82" depart="82.00" departLane="5698789#0_0" departPos="4.60" departSpeed="5.41" departDelay="0.00" arrival="262.00" arrivalLane="5695597#3_0" arrivalPos="22.63" arrivalSpeed="10.57" duration="180.00" routeLength="2385.35" waitSteps="1" timeLoss="41.69" rerouteNo="0" devices="vehroute_82 tripinfo_82" vType="Car" vaporized=""/>
    <tripinfo id="116" depart="116.00" departLane="-223860152#7_0" departPos="4.60" departSpeed="14.12" departDelay="0.00" arrival="263.00" arrivalLane="5695597#3_0" arrivalPos="22.63" arrivalSpeed="10.04" duration="147.00" routeLength="2525.95" waitSteps="2" timeLoss="20.00" rerouteNo="0" devices="vehroute_116 tripinfo_116" vType="Car" vaporized=""/>
    <tripinfo id="111" depart="111.00" departLane="5697769#0_0" departPos="4.60" departSpeed="11.27" departDelay="0.00" arrival="264.00" arrivalLane="5697974#4_0" arrivalPos="220.85" arrivalSpeed="13.89" duration="153.00" routeLength="1797.47" waitSteps="10" timeLoss="36.22" rerouteNo="0" devices="vehroute_111 tripinfo_111" vType="Car" vaporized=""/>
    <tripinfo id="113" depart="113.00" departLane="5697769#0_0" departPos="4.60" departSpeed="7.57" departDelay="0.00" arrival="265.00" arrivalLane="5697974#4_0" arrivalPos="220.85" arrivalSpeed="13.89" duration="152.00" routeLength="1797.47" waitSteps="10" timeLoss="35.71" rerouteNo="0" devices="vehroute_113 tripinfo_113" vType="Car" vaporized=""/>
    <tripinfo id="114" depart="114.00" departLane="120245127_0" departPos="4.60" departSpeed="1.37" departDelay="0.00" arrival="265.00" arrivalLane="274840501_0" arrivalPos="253.67" arrivalSpeed="13.89" duration="151.00" routeLength="2049.34" waitSteps="0" timeLoss="26.91" rerouteNo="1" devices="vehroute_114 tripinfo_114" vType="Car" vaporized=""/>
    <tripinfo id="85" depart="85.00" departLane="5698789#0_0" departPos="4.60" departSpeed="4.54" departDelay="0.00" arrival="269.00" arrivalLane="5695597#3_0" arrivalPos="22.63" arrivalSpeed="10.63" duration="184.00" routeLength="2385.35" waitSteps="1" timeLoss="45.71" rerouteNo="0" devices="vehroute_85 tripinfo_85" vType="Car" vaporized=""/>
    <tripinfo id="89" depart="89.00" departLane="5698789#0_0" departPos="4.60" departSpeed="12.71" departDelay="0.00" arrival="270.00" arrivalLane="5695597#3_0" arrivalPos="22.63" arrivalSpeed="10.92" duration="181.00" routeLength="2385.35" waitSteps="4" timeLoss="43.38" rerouteNo="0" devices="vehroute_89 tripinfo_89" vType="Car" vaporized=""/>
    <tripinfo id="117" depart="117.00" departLane="5697974#0_0" departPos="4.60" departSpeed="12.71" departDelay="0.00" arrival="272.00" arrivalLane="5697974#4_0" arrivalPos="220.85" arrivalSpeed="13.89" duration="155.00" routeLength="1296.06" waitSteps="43" timeLoss="61.26" rerouteNo="0" devices="vehroute_117 tripinfo_117" vType="Car" vaporized=""/>
    <tripinfo id="94" depart="94.00" departLane="5698789#0_0" departPos="4.60" departSpeed="10.53" departDelay="0.00" arrival="272.00" arrivalLane="5695597#3_0" arrivalPos="22.63" arrivalSpeed="12.49" duration="178.00" routeLength="2385.35" waitSteps="3" timeLoss="39.89" rerouteNo="0" devices="vehroute_94 tripinfo_94" vType="Car" vaporized=""/>
    <tripinfo id="147" depart="147.00" departLane="5698817#0_0" departPos="4.60" departSpeed="1.98" departDelay="0.00" arrival="273.00" arrivalLane="275037810#13_0" arrivalPos="87.93" arrivalSpeed="15.90" duration="126.00" routeLength="1939.54" waitSteps="0" timeLoss="18.31" rerouteNo="0" devices="vehroute_147 tripinfo_147" vType="Car" vaporized=""/>
    <tripinfo id="142" depart="142.00" departLane="5699670#0_0" departPos="4.60" departSpeed="6.00" departDelay="0.00" arrival="274.00" arrivalLane="5697974#4_0" arrivalPos="220.85" arrivalSpeed="13.89" duration="132.00" routeLength="1627.48" waitSteps="0" timeLoss="23.42" rerouteNo="0" devices="vehroute_142 tripinfo_142" vType="Car" vaporized=""/>
    <tripinfo id="131" depart="131.00" departLane="-223860152#7_0" departPos="4.60" departSpeed="3.78" departDelay="0.00" arrival="274.00" arrivalLane="5695597#3_0" arrivalPos="22.63" arrivalSpeed="11.53" duration="143.00" routeLength="2525.95" waitSteps="0" timeLoss="15.48" rerouteNo="0" devices="vehroute_131 tripinfo_131" vType="Car" vaporized=""/>
    <tripinfo id="144" depart="144.00" departLane="5699670#0_0" departPos="4.60" departSpeed="8.24" departDelay="0.00" arrival="276.00" arrivalLane="5697974#4_0" arrivalPos="220.85" arrivalSpeed="13.89" duration="132.00" routeLength="1627.48" waitSteps="0" timeLoss="23.55" rerouteNo="0" devices="vehroute_144 tripinfo_144" vType="Car" vaporized=""/>
    <tripinfo id="175" depart="175.00" departLane="120245128#0_0" departPos="4.60" departSpeed="21.48" departDelay="0.00" arrival="278.00" arrivalLane="274840501_0" arrivalPos="253.67" arrivalSpeed="13.89" duration="103.00" routeLength="1730.58" waitSteps="0" timeLoss="10.59" rerouteNo="0" devices="vehroute_175 tripinfo_175" vType="Car" vaporized=""/>
    <tripinfo id="158" depart="158.00" departLane="-120245128#5_0" departPos="4.60" departSpeed="14.28" departDelay="0.00" arrival="278.00" arrivalLane="-5699230#0_0" arrivalPos="157.24" arrivalSpeed="13.89" duration="120.00" routeLength="1625.87" waitSteps="0" timeLoss="5.13" rerouteNo="0" devices="vehroute_158 tripinfo_158" vType="Car" vaporized=""/>
    <tripinfo id="141" depart="141.00" departLane="-223860152#7_0" departPos="4.60" departSpeed="14.13" departDelay="0.00" arrival="281.00" arrivalLane="5695597#3_0" arrivalPos="22.63" arrivalSpeed="12.16" duration="140.00" routeLength="2525.95" waitSteps="0" timeLoss="12.59" rerouteNo="0" devices="vehroute_141 tripinfo_141" vType="Car" vaporized=""/>
    <tripinfo id="137" depart="137.00" departLane="-223860152#7_0" departPos="4.60" departSpeed="4.98" departDelay="0.00" arrival="283.00" arrivalLane="5695597#3_0" arrivalPos="22.63" arrivalSpeed="11.37" duration="146.00" routeLength="2525.95" waitSteps="0" timeLoss="18.56" rerouteNo="0" devices="vehroute_137 tripinfo_137" vType="Car" vaporized=""/>
    <tripinfo id="146" depart="146.00" departLane="-223860152#7_0" departPos="4.60" departSpeed="26.49" departDelay="0.00" arrival="285.00" arrivalLane="5695597#3_0" arrivalPos="22.63" arrivalSpeed="11.39" duration="139.00" routeLength="2525.95" waitSteps="0" timeLoss="11.80" rerouteNo="0" devices="vehroute_146 tripinfo_146" vType="Car" vaporized=""/>
    <tripinfo id="128" depart="128.00" departLane="120245127_0" departPos="4.60" departSpeed="10.93" departDelay="0.00" arrival="288.00" arrivalLane="274840501_0" arrivalPos="253.67" arrivalSpeed="13.89" duration="160.00" routeLength="2049.34" waitSteps="9" timeLoss="36.67" rerouteNo="1" devices="vehroute_128 tripinfo_128" vType="Car" vaporized=""/>
    <tripinfo id="169" depart="169.00" departLane="-120245128#5_0" departPos="4.60" departSpeed="12.90" departDelay="0.00" arrival="288.00" arrivalLane="-5699230#0_0" arrivalPos="157.24" arrivalSpeed="13.89" duration="119.00" routeLength="1625.87" waitSteps="0" timeLoss="4.36" rerouteNo="0" devices="vehroute_169 tripinfo_169" vType="Car" vaporized=""/>
    <tripinfo id="122" depart="122.00" departLane="5697974#0_0" departPos="4.60" departSpeed="7.18" departDelay="0.00" arrival="289.00" arrivalLane="5697974#4_0" arrivalPos="220.85" arrivalSpeed="13.89" duration="167.00" routeLength="1296.06" waitSteps="48" timeLoss="73.24" rerouteNo="0" devices="vehroute_122 tripinfo_122" vType="Car" vaporized=""/>
    <tripinfo id="148" depart="149.00" departLane="5698817#0_0" departPos="4.60" departSpeed="0.29" departDelay="1.00" arrival="289.00" arrivalLane="275037810#13_0" arrivalPos="87.93" arrivalSpeed="15.91" duration="140.00" routeLength="1939.54" waitSteps="5" timeLoss="31.87" rerouteNo="0" devices="vehroute_148 tripinfo_148" vType="Car" vaporized=""/>
    <tripinfo id="162" depart="162.00" departLane="5698817#0_0" departPos="4.60" departSpeed="5.00" departDelay="0.00" arrival="290.00" arrivalLane="275037810#13_0" arrivalPos="87.93" arrivalSpeed="15.94" duration="128.00" routeLength="1939.54" waitSteps="0" timeLoss="20.17" rerouteNo="0" devices="vehroute_162 tripinfo_162" vType="Car" vaporized=""/>
    <tripinfo id="112" depart="112.00" departLane="5698789#0_0" departPos="4.60" departSpeed="5.88" departDelay="0.00" arrival="290.00" arrivalLane="5695597#3_0" arrivalPos="22.63" arrivalSpeed="13.37" duration="178.00" routeLength="2385.35" waitSteps="6" timeLoss="39.56" rerouteNo="0" devices="vehroute_112 tripinfo_112" vType="Car" vaporized=""/>
    <tripinfo id="118" depart="118.00" departLane="5698789#0_0" departPos="4.60" departSpeed="12.21" departDelay="0.00" arrival="293.00" arrivalLane="5695597#3_0" arrivalPos="22.63" arrivalSpeed="10.03" duration="175.00" routeLength="2385.35" waitSteps="6" timeLoss="37.62" rerouteNo="0" devices="vehroute_118 tripinfo_118" vType="Car" vaporized=""/>
    <tripinfo id="133" depart="133.00" departLane="120245127_0" departPos="4.60" departSpeed="9.23" departDelay="0.00" arrival="294.00" arrivalLane="274840501_0" arrivalPos="253.67" arrivalSpeed="13.89" duration="161.00" routeLength="2049.34" waitSteps="9" timeLoss="37.59" rerouteNo="1" devices="vehroute_133 tripinfo_133" vType="Car" vaporized=""/>
    <tripinfo id="119" depart="119.00" departLane="5698789#0_0" departPos="4.60" departSpeed="2.73" departDelay="0.00" arrival="295.00" arrivalLane="5695597#3_0" arrivalPos="22.63" arrivalSpeed="11.74" duration="176.00" routeLength="2385.35" waitSteps="5" timeLoss="37.95" rerouteNo="0" devices="vehroute_119 tripinfo_119" vType="Car" vaporized=""/>
    <tripinfo id="126" depart="126.00" departLane="5697974#0_0" departPos="4.60" departSpeed="1.64" departDelay="0.00" arrival="299.00" arrivalLane="5697974#4_0" arrivalPos="220.85" arrivalSpeed="13.89" duration="173.00" routeLength="1296.06" waitSteps="45" timeLoss="78.67" rerouteNo="0" devices="vehroute_126 tripinfo_126" vType="Car" vaporized=""/>
    <tripinfo id="180" depart="180.00" departLane="-120245128#5_0" departPos="4.60" departSpeed="19.47" departDelay="0.00" arrival="299.00" arrivalLane="-5699230#0_0" arrivalPos="157.24" arrivalSpeed="13.89" duration="119.00" routeLength="1625.87" waitSteps="0" timeLoss="3.91" rerouteNo="0" devices="vehroute_180 tripinfo_180" vType="Car" vaporized=""/>
    <tripinfo id="153" depart="153.00" departLane="5699670#0_0" departPos="4.60" departSpeed="13.48" departDelay="0.00" arrival="300.00" arrivalLane="5697974#4_0" arrivalPos="220.85" arrivalSpeed="13.89" duration="147.00" routeLength="1627.48" waitSteps="8" timeLoss="38.08" rerouteNo="0" devices="vehroute_153 tripinfo_153" vType="Car" vaporized=""/>
    <tripinfo id="136" depart="136.00" departLane="120245127_0" departPos="4.60" departSpeed="0.20" departDelay="0.00" arrival="300.00" arrivalLane="274840501_0" arrivalPos="253.67" arrivalSpeed="13.89" duration="164.00" routeLength="2049.34" waitSteps="3" timeLoss="40.66" rerouteNo="1" devices="vehroute_136 tripinfo_136" vType="Car" vaporized=""/>
    <tripinfo id="156" depart="156.00" departLane="5699670#0_0" departPos="4.60" departSpeed="3.27" departDelay="0.00" arrival="301.00" arrivalLane="5697974#4_0" arrivalPos="220.85" arrivalSpeed="13.89" duration="145.00" routeLength="1627.48" waitSteps="7" timeLoss="36.69" rerouteNo="0" devices="vehroute_156 tripinfo_156" vType="Car" vaporized=""/>
    <tripinfo id="155" depart="155.00" departLane="-223860152#7_0" departPos="4.60" departSpeed="17.51" departDelay="0.00" arrival="301.00" arrivalLane="5695597#3_0" arrivalPos="22.63" arrivalSpeed="12.35" duration="146.00" routeLength="2525.95" waitSteps="6" timeLoss="18.40" rerouteNo="0" devices="vehroute_155 tripinfo_155" vType="Car" vaporized=""/>
    <tripinfo id="176" depart="176.00" departLane="120245128#0_0" departPos="4.60" departSpeed="1.06" departDelay="0.00" arrival="302.00" arrivalLane="274840501_0" arrivalPos="253.67" arrivalSpeed="13.89" duration="126.00" routeLength="1730.58" waitSteps="8" timeLoss="33.49" rerouteNo="0" devices="vehroute_176 tripinfo_176" vType="Car" vaporized=""/>
    <tripinfo id="165" depart="165.00" departLane="5698817#0_0" departPos="4.60" departSpeed="0.43" departDelay="0.00" arrival="302.00" arrivalLane="275037810#13_0" arrivalPos="87.93" arrivalSpeed="16.91" duration="137.00" routeLength="1939.54" waitSteps="6" timeLoss="29.32" rerouteNo="0" devices="vehroute_165 tripinfo_165" vType="Car" vaporized=""/>
    <tripinfo id="134" depart="134.00" departLane="5697769#0_0" departPos="4.60" departSpeed="5.26" departDelay="0.00" arrival="304.00" arrivalLane="5697974#4_0" arrivalPos="220.85" arrivalSpeed="13.89" duration="170.00" routeLength="2134.87" waitSteps="2" timeLoss="37.63" rerouteNo="1" devices="vehroute_134 tripinfo_134" vType="Car" vaporized=""/>
    <tripinfo id="135" depart="136.00" departLane="5697769#0_0" departPos="4.60" departSpeed="3.58" departDelay="1.00" arrival="305.00" arrivalLane="5697974#4_0" arrivalPos="220.85" arrivalSpeed="13.89" duration="169.00" routeLength="2134.87" waitSteps="2" timeLoss="37.07" rerouteNo="1" devices="vehroute_135 tripinfo_135" vType="Car" vaporized=""/>
    <tripinfo id="159" depart="159.00" departLane="5699670#0_0" departPos="4.60" departSpeed="3.46" departDelay="0.00" arrival="307.00" arrivalLane="5697974#4_0" arrivalPos="220.85" arrivalSpeed="13.89" duration="148.00" routeLength="1627.48" waitSteps="7" timeLoss="39.06" rerouteNo="0" devices="vehroute_159 tripinfo_159" vType="Car" vaporized=""/>
    <tripinfo id="178" depart="179.00" departLane="120245128#0_0" departPos="4.60" departSpeed="2.67" departDelay="1.00" arrival="307.00" arrivalLane="274840501_0" arrivalPos="253.67" arrivalSpeed="13.89" duration="128.00" routeLength="1730.58" waitSteps="7" timeLoss="34.89" rerouteNo="0" devices="vehroute_178 tripinfo_178" vType="Car" vaporized=""/>
    <tripinfo id="187" depart="187.00" departLane="120245128#0_0" departPos="4.60" departSpeed="9.79" departDelay="0.00" arrival="308.00" arrivalLane="274840501_0" arrivalPos="253.67" arrivalSpeed="13.89" duration="121.00" routeLength="1730.58" waitSteps="6" timeLoss="28.38" rerouteNo="0" devices="vehroute_187 tripinfo_187" vType="Car" vaporized=""/>
    <tripinfo id="192" depart="192.00" departLane="120245128#0_0" departPos="4.60" departSpeed="6.49" departDelay="0.00" arrival="310.00" arrivalLane="274840501_0" arrivalPos="253.67" arrivalSpeed="13.89" duration="118.00" routeLength="1730.58" waitSteps="0" timeLoss="24.89" rerouteNo="0" devices="vehroute_192 tripinfo_192" vType="Car" vaporized=""/>
    <tripinfo id="157" depart="157.00" departLane="5697769#0_0" departPos="4.60" departSpeed="8.98" departDelay="0.00" arrival="311.00" arrivalLane="5697974#4_0" arrivalPos="220.85" arrivalSpeed="13.89" duration="154.00" routeLength="2134.87" waitSteps="0" timeLoss="22.12" rerouteNo="1" devices="vehroute_157 tripinfo_157" vType="Car" vaporized=""/>
    <tripinfo id="170" depart="170.00" departLane="-223860152#7_0" departPos="4.60" departSpeed="8.18" departDelay="0.00" arrival="311.00" arrivalLane="5695597#3_0" arrivalPos="22.63" arrivalSpeed="12.47" duration="141.00" routeLength="2525.95" waitSteps="0" timeLoss="13.51" rerouteNo="0" devices="vehroute_170 tripinfo_170" vType="Car" vaporized=""/>
    <tripinfo id="174" depart="174.00" departLane="5698817#0_0" departPos="4.60" departSpeed="10.19" departDelay="0.00" arrival="313.00" arrivalLane="275037810#13_0" arrivalPos="87.93" arrivalSpeed="16.91" duration="139.00" routeLength="1939.54" waitSteps="7" timeLoss="31.32" rerouteNo="0" devices="vehroute_174 tripinfo_174" vType="Car" vaporized=""/>
    <tripinfo id="80" depart="80.00" departLane="120245127_0" departPos="4.60" departSpeed="6.95" departDelay="0.00" arrival="317.00" arrivalLane="274840501_0" arrivalPos="253.67" arrivalSpeed="13.89" duration="237.00" routeLength="1407.61" waitSteps="10" timeLoss="34.39" rerouteNo="0" devices="vehroute_80 tripinfo_80" vType="Car" vaporized=""/>
    <tripinfo id="139" depart="139.00" departLane="5697974#0_0" departPos="4.60" departSpeed="3.15" departDelay="0.00" arrival="320.00" arrivalLane="5697974#4_0" arrivalPos="220.85" arrivalSpeed="13.89" duration="181.00" routeLength="1296.06" waitSteps="59" timeLoss="87.25" rerouteNo="0" devices="vehroute_139 tripinfo_139" vType="Car" vaporized=""/>
    <tripinfo id="163" depart="163.00" departLane="5699670#0_0" departPos="4.60" departSpeed="8.73" departDelay="0.00" arrival="322.00" arrivalLane="5697974#4_0" arrivalPos="220.85" arrivalSpeed="13.89" duration="159.00" routeLength="1627.48" waitSteps="12" timeLoss="50.37" rerouteNo="0" devices="vehroute_163 tripinfo_163" vType="Car" vaporized=""/>
    <tripinfo id="138" depart="139.00" departLane="120245127_0" departPos="4.60" departSpeed="0.09" departDelay="1.00" arrival="322.00" arrivalLane="274840501_0" arrivalPos="253.67" arrivalSpeed="13.89" duration="183.00" routeLength="2049.34" waitSteps="8" timeLoss="59.27" rerouteNo="1" devices="vehroute_138 tripinfo_138" vType="Car" vaporized=""/>
    <tripinfo id="177" depart="177.00" departLane="5698817#0_0" departPos="4.60" departSpeed="2.62" departDelay="0.00" arrival="323.00" arrivalLane="275037810#13_0" arrivalPos="87.93" arrivalSpeed="16.91" duration="146.00" routeLength="1939.54" waitSteps="11" timeLoss="38.32" rerouteNo="0" devices="vehroute_177 tripinfo_177" vType="Car" vaporized=""/>
    <tripinfo id="171" depart="171.00" departLane="5699670#0_0" departPos="4.60" departSpeed="0.65" departDelay="0.00" arrival="324.00" arrivalLane="5697974#4_0" arrivalPos="220.85" arrivalSpeed="13.89" duration="153.00" routeLength="1627.48" waitSteps="7" timeLoss="44.19" rerouteNo="0" devices="vehroute_171 tripinfo_171" vType="Car" vaporized=""/>
    <tripinfo id="143" depart="144.00" departLane="120245127_0" departPos="4.60" departSpeed="3.64" departDelay="1.00" arrival="324.00" arrivalLane="274840501_0" arrivalPos="253.67" arrivalSpeed="13.89" duration="180.00" routeLength="2049.34" waitSteps="7" timeLoss="55.79" rerouteNo="1" devices="vehroute_143 tripinfo_143" vType="Car" vaporized=""/>
    <tripinfo id="149" depart="149.00" departLane="120245127_0" departPos="4.60" departSpeed="3.42" departDelay="0.00" arrival="326.00" arrivalLane="274840501_0" arrivalPos="253.67" arrivalSpeed="13.89" duration="177.00" routeLength="2049.34" waitSteps="5" timeLoss="52.66" rerouteNo="1" devices="vehroute_149 tripinfo_149" vType="Car" vaporized=""/>
    <tripinfo id="150" depart="150.00" departLane="5698789#0_0" departPos="4.60" departSpeed="4.00" departDelay="0.00" arrival="326.00" arrivalLane="5695597#3_0" arrivalPos="22.63" arrivalSpeed="10.22" duration="176.00" routeLength="2385.35" waitSteps="9" timeLoss="38.39" rerouteNo="0" devices="vehroute_150 tripinfo_150" vType="Car" vaporized=""/>
    <tripinfo id="152" depart="152.00" departLane="120245127_0" departPos="4.60" departSpeed="6.48" departDelay="0.00" arrival="328.00" arrivalLane="274840501_0" arrivalPos="253.67" arrivalSpeed="13.89" duration="176.00" routeLength="2049.34" waitSteps="5" timeLoss="51.68" rerouteNo="1" devices="vehroute_152 tripinfo_152" vType="Car" vaporized=""/>
    <tripinfo id="164" depart="164.00" departLane="5698789#0_0" departPos="4.60" departSpeed="1.43" departDelay="0.00" arrival="328.00" arrivalLane="5695597#3_0" arrivalPos="22.63" arrivalSpeed="11.91" duration="164.00" routeLength="2385.35" waitSteps="0" timeLoss="26.23" rerouteNo="0" devices="vehroute_164 tripinfo_164" vType="Car" vaporized=""/>
    <tripinfo id="191" depart="191.00" departLane="-223860152#7_0" departPos="4.60" departSpeed="7.16" departDelay="0.00" arrival="331.00" arrivalLane="5695597#3_0" arrivalPos="22.63" arrivalSpeed="10.06" duration="140.00" routeLength="2525.95" waitSteps="0" timeLoss="13.33" rerouteNo="0" devices="vehroute_191 tripinfo_191" vType="Car" vaporized=""/>
    <tripinfo id="173" depart="174.00" departLane="5699670#0_0" departPos="4.60" departSpeed="0.17" departDelay="1.00" arrival="333.00" arrivalLane="5697974#4_0" arrivalPos="220.85" arrivalSpeed="13.89" duration="159.00" routeLength="1627.48" waitSteps="10" timeLoss="50.36" rerouteNo="0" devices="vehroute_173 tripinfo_173" vType="Car" vaporized=""/>
    <tripinfo id="179" depart="179.00" departLane="5698817#0_0" departPos="4.60" departSpeed="1.73" departDelay="0.00" arrival="333.00" arrivalLane="275037810#13_0" arrivalPos="87.93" arrivalSpeed="16.91" duration="154.00" routeLength="1939.54" waitSteps="16" timeLoss="46.33" rerouteNo="0" devices="vehroute_179 tripinfo_179" vType="Car" vaporized=""/>
    <tripinfo id="194" depart="194.00" departLane="-223860152#7_0" departPos="4.60" departSpeed="12.84" departDelay="0.00" arrival="333.00" arrivalLane="5695597#3_0" arrivalPos="22.63" arrivalSpeed="10.34" duration="139.00" routeLength="2525.95" waitSteps="0" timeLoss="12.03" rerouteNo="0" devices="vehroute_194 tripinfo_194" vType="Car" vaporized=""/>
    <tripinfo id="88" depart="88.00" departLane="120245127_0" departPos="4.60" departSpeed="8.84" departDelay="0.00" arrival="335.00" arrivalLane="274840501_0" arrivalPos="253.67" arrivalSpeed="13.89" duration="247.00" routeLength="1407.61" waitSteps="116" timeLoss="145.29" rerouteNo="0" devices="vehroute_88 tripinfo_88" vType="Car" vaporized=""/>
    <tripinfo id="166" depart="166.00" departLane="120245127_0" departPos="4.60" departSpeed="12.47" departDelay="0.00" arrival="337.00" arrivalLane="274840501_0" arrivalPos="253.67" arrivalSpeed="13.89" duration="171.00" routeLength="2049.34" waitSteps="9" timeLoss="47.12" rerouteNo="1" devices="vehroute_166 tripinfo_166" vType="Car" vaporized=""/>
    <tripinfo id="184" depart="184.00" departLane="5698817#0_0" departPos="4.60" departSpeed="8.95" departDelay="0.00" arrival="337.00" arrivalLane="275037810#13_0" arrivalPos="87.93" arrivalSpeed="15.26" duration="153.00" routeLength="1939.54" waitSteps="15" timeLoss="45.46" rerouteNo="0" devices="vehroute_184 tripinfo_184" vType="Car" vaporized=""/>
    <tripinfo id="168" depart="168.00" departLane="120245127_0" departPos="4.60" departSpeed="0.50" departDelay="0.00" arrival="339.00" arrivalLane="274840501_0" arrivalPos="253.67" arrivalSpeed="13.89" duration="171.00" routeLength="2049.34" waitSteps="8" timeLoss="46.78" rerouteNo="1" devices="vehroute_168 tripinfo_168" vType="Car" vaporized=""/>
    <tripinfo id="181" depart="181.00" departLane="5698789#0_0" departPos="4.60" departSpeed="8.94" departDelay="0.00" arrival="339.00" arrivalLane="5695597#3_0" arrivalPos="22.63" arrivalSpeed="13.37" duration="158.00" routeLength="2385.35" waitSteps="0" timeLoss="19.61" rerouteNo="0" devices="vehroute_181 tripinfo_181" vType="Car" vaporized=""/>
    <tripinfo id="140" depart="141.00" departLane="5697974#0_0" departPos="4.60" departSpeed="2.94" departDelay="1.00" arrival="340.00" arrivalLane="5697974#4_0" arrivalPos="220.85" arrivalSpeed="13.89" duration="199.00" routeLength="1296.06" waitSteps="73" timeLoss="105.25" rerouteNo="0" devices="vehroute_140 tripinfo_140" vType="Car" vaporized=""/>
    <tripinfo id="182" depart="182.00" departLane="120245127_0" departPos="4.60" departSpeed="8.04" departDelay="0.00" arrival="341.00" arrivalLane="274840501_0" arrivalPos="253.67" arrivalSpeed="13.89" duration="159.00" routeLength="2049.34" waitSteps="2" timeLoss="34.77" rerouteNo="1" devices="vehroute_182 tripinfo_182" vType="Car" vaporized=""/>
    <tripinfo id="188" depart="188.00" departLane="5699670#0_0" departPos="4.60" departSpeed="4.71" departDelay="0.00" arrival="342.00" arrivalLane="5697974#4_0" arrivalPos="220.85" arrivalSpeed="13.89" duration="154.00" routeLength="1627.48" waitSteps="11" timeLoss="45.62" rerouteNo="0" devices="vehroute_188 tripinfo_188" vType="Car" vaporized=""/>
    <tripinfo id="189" depart="190.00" departLane="5699670#0_0" departPos="4.60" departSpeed="2.98" departDelay="1.00" arrival="345.00" arrivalLane="5697974#4_0" arrivalPos="220.85" arrivalSpeed="13.89" duration="155.00" routeLength="1627.48" waitSteps="9" timeLoss="45.82" rerouteNo="0" devices="vehroute_189 tripinfo_189" vType="Car" vaporized=""/>
    <tripinfo id="183" depart="183.00" departLane="5697769#0_0" departPos="4.60" departSpeed="9.95" departDelay="0.00" arrival="347.00" arrivalLane="5697974#4_0" arrivalPos="220.85" arrivalSpeed="13.89" duration="164.00" routeLength="2134.87" waitSteps="0" timeLoss="32.12" rerouteNo="1" devices="vehroute_183 tripinfo_183" vType="Car" vaporized=""/>
    <tripinfo id="199" depart="199.00" departLane="-223860152#7_0" departPos="4.60" departSpeed="6.78" departDelay="0.00" arrival="347.00" arrivalLane="5695597#3_0" arrivalPos="22.63" arrivalSpeed="12.35" duration="148.00" routeLength="2525.95" waitSteps="2" timeLoss="20.56" rerouteNo="0" devices="vehroute_199 tripinfo_199" vType="Car" vaporized=""/>
    <tripinfo id="93" depart="93.00" departLane="120245127_0" departPos="4.60" departSpeed="5.44" departDelay="0.00" arrival="348.00" arrivalLane="274840501_0" arrivalPos="253.67" arrivalSpeed="13.89" duration="255.00" routeLength="1407.61" waitSteps="117" timeLoss="153.37" rerouteNo="0" devices="vehroute_93 tripinfo_93" vType="Car" vaporized=""/>
    <tripinfo id="197" depart="197.00" departLane="5697769#0_0" departPos="4.60" departSpeed="7.02" departDelay="0.00" arrival="349.00" arrivalLane="5697974#4_0" arrivalPos="220.85" arrivalSpeed="13.89" duration="152.00" routeLength="2134.87" waitSteps="0" timeLoss="20.23" rerouteNo="1" devices="vehroute_197 tripinfo_197" vType="Car" vaporized=""/>
    <tripinfo id="196" depart="196.00" departLane="5698817#0_0" departPos="4.60" departSpeed="10.19" departDelay="0.00" arrival="349.00" arrivalLane="275037810#13_0" arrivalPos="87.93" arrivalSpeed="16.91" duration="153.00" routeLength="1939.54" waitSteps="17" timeLoss="45.32" rerouteNo="0" devices="vehroute_196 tripinfo_196" vType="Car" vaporized=""/>
    <tripinfo id="198" depart="198.00" departLane="120245127_0" departPos="4.60" departSpeed="12.01" departDelay="0.00" arrival="351.00" arrivalLane="274840501_0" arrivalPos="253.67" arrivalSpeed="13.89" duration="153.00" routeLength="2049.34" waitSteps="1" timeLoss="28.75" rerouteNo="1" devices="vehroute_198 tripinfo_198" vType="Car" vaporized=""/>
    <tripinfo id="185" depart="185.00" departLane="5698789#0_0" departPos="4.60" departSpeed="2.13" departDelay="0.00" arrival="351.00" arrivalLane="5695597#3_0" arrivalPos="22.63" arrivalSpeed="10.64" duration="166.00" routeLength="2385.35" waitSteps="0" timeLoss="27.99" rerouteNo="0" devices="vehroute_185 tripinfo_185" vType="Car" vaporized=""/>
    <tripinfo id="154" depart="154.00" departLane="5697974#0_0" departPos="4.60" departSpeed="1.08" departDelay="0.00" arrival="357.00" arrivalLane="5697974#4_0" arrivalPos="220.85" arrivalSpeed="13.89" duration="203.00" routeLength="1296.06" waitSteps="79" timeLoss="109.24" rerouteNo="0" devices="vehroute_154 tripinfo_154" vType="Car" vaporized=""/>
    <tripinfo id="101" depart="101.00" departLane="120245127_0" departPos="4.60" departSpeed="2.75" departDelay="0.00" arrival="359.00" arrivalLane="274840501_0" arrivalPos="253.67" arrivalSpeed="13.89" duration="258.00" routeLength="1407.61" waitSteps="122" timeLoss="156.27" rerouteNo="0" devices="vehroute_101 tripinfo_101" vType="Car" vaporized=""/>
    <tripinfo id="106" depart="106.00" departLane="120245127_0" departPos="4.60" departSpeed="10.84" departDelay="0.00" arrival="361.00" arrivalLane="274840501_0" arrivalPos="253.67" arrivalSpeed="13.89" duration="255.00" routeLength="1407.61" waitSteps="122" timeLoss="153.27" rerouteNo="0" devices="vehroute_106 tripinfo_106" vType="Car" vaporized=""/>
    <tripinfo id="186" depart="187.00" departLane="5698789#0_0" departPos="4.60" departSpeed="0.76" departDelay="1.00" arrival="361.00" arrivalLane="5695597#3_0" arrivalPos="22.63" arrivalSpeed="13.37" duration="174.00" routeLength="2385.35" waitSteps="14" timeLoss="35.63" rerouteNo="0" devices="vehroute_186 tripinfo_186" vType="Car" vaporized=""/>
    <tripinfo id="120" depart="120.00" departLane="5697769#0_0" departPos="4.60" departSpeed="0.70" departDelay="0.00" arrival="371.00" arrivalLane="5697974#4_0" arrivalPos="220.85" arrivalSpeed="13.89" duration="251.00" routeLength="1797.47" waitSteps="0" timeLoss="33.30" rerouteNo="0" devices="vehroute_120 tripinfo_120" vType="Car" vaporized=""/>
    <tripinfo id="121" depart="123.00" departLane="5697769#0_0" departPos="4.60" departSpeed="1.60" departDelay="2.00" arrival="373.00" arrivalLane="5697974#4_0" arrivalPos="220.85" arrivalSpeed="13.89" duration="250.00" routeLength="1797.47" waitSteps="101" timeLoss="133.23" rerouteNo="0" devices="vehroute_121 tripinfo_121" vType="Car" vaporized=""/>
    <tripinfo id="123" depart="126.00" departLane="5697769#0_0" departPos="4.60" departSpeed="1.30" departDelay="3.00" arrival="375.00" arrivalLane="5697974#4_0" arrivalPos="220.85" arrivalSpeed="13.89" duration="249.00" routeLength="1797.47" waitSteps="100" timeLoss="132.23" rerouteNo="0" devices="vehroute_123 tripinfo_123" vType="Car" vaporized=""/>
    <tripinfo id="160" depart="160.00" departLane="5697974#0_0" departPos="4.60" departSpeed="8.59" departDelay="0.00" arrival="381.00" arrivalLane="5697974#4_0" arrivalPos="220.85" arrivalSpeed="13.89" duration="221.00" routeLength="1296.06" waitSteps="7" timeLoss="26.28" rerouteNo="0" devices="vehroute_160 tripinfo_160" vType="Car" vaporized=""/>
    <tripinfo id="129" depart="129.00" departLane="5697769#0_0" departPos="4.60" departSpeed="0.40" departDelay="0.00" arrival="383.00" arrivalLane="5697974#4_0" arrivalPos="220.85" arrivalSpeed="13.89" duration="254.00" routeLength="1797.47" waitSteps="102" timeLoss="137.74" rerouteNo="0" devices="vehroute_129 tripinfo_129" vType="Car" vaporized=""/>
    <tripinfo id="161" depart="161.00" departLane="5697769#0_0" departPos="4.60" departSpeed="0.73" departDelay="0.00" arrival="386.00" arrivalLane="5697974#4_0" arrivalPos="220.85" arrivalSpeed="13.89" duration="225.00" routeLength="1797.47" waitSteps="74" timeLoss="108.03" rerouteNo="0" devices="vehroute_161 tripinfo_161" vType="Car" vaporized=""/>
    <tripinfo id="190" depart="191.00" departLane="5698789#0_0" departPos="4.60" departSpeed="0.53" departDelay="1.00" arrival="388.00" arrivalLane="5695597#3_0" arrivalPos="22.63" arrivalSpeed="11.92" duration="197.00" routeLength="2385.35" waitSteps="20" timeLoss="59.23" rerouteNo="0" devices="vehroute_190 tripinfo_190" vType="Car" vaporized=""/>
    <tripinfo id="167" depart="167.00" departLane="5697974#0_0" departPos="4.60" departSpeed="12.00" departDelay="0.00" arrival="394.00" arrivalLane="5697974#4_0" arrivalPos="220.85" arrivalSpeed="13.89" duration="227.00" routeLength="1296.06" waitSteps="111" timeLoss="133.18" rerouteNo="0" devices="vehroute_167 tripinfo_167" vType="Car" vaporized=""/>
    <tripinfo id="172" depart="172.00" departLane="5697974#0_0" departPos="4.60" departSpeed="0.47" departDelay="0.00" arrival="396.00" arrivalLane="5697974#4_0" arrivalPos="220.85" arrivalSpeed="13.89" duration="224.00" routeLength="1296.06" waitSteps="102" timeLoss="130.63" rerouteNo="0" devices="vehroute_172 tripinfo_172" vType="Car" vaporized=""/>
</tripinfos>
