<?xml version="1.0" encoding="UTF-8"?>

<!-- generated on 10/20/2016 8:47:45 PM by SUMO gui Version 0.27.0
<?xml version="1.0" encoding="UTF-8"?>

<configuration xmlns:xsi="http://www.w3.org/2001/XMLSchema-instance" xsi:noNamespaceSchemaLocation="http://sumo.dlr.de/xsd/sumo-gui.exeConfiguration.xsd">

    <input>
        <net-file value="hello.net.xml"/>
        <route-files value="hello.rou.xml"/>
    </input>

    <output>
        <tripinfo-output value="tripinfo.xml"/>
        <vehroute-output value="vehroutes.xml"/>
    </output>

    <report>
        <xml-validation value="never"/>
        <duration-log.disable value="true"/>
        <no-step-log value="true"/>
    </report>

    <traci_server>
        <remote-port value="8814"/>
    </traci_server>

</configuration>
-->

<tripinfos xmlns:xsi="http://www.w3.org/2001/XMLSchema-instance" xsi:noNamespaceSchemaLocation="http://sumo.dlr.de/xsd/tripinfo_file.xsd">
    <tripinfo id="1" depart="3.00" departLane="1to2_0" departPos="4.60" departSpeed="0.00" departDelay="0.00" arrival="50.00" arrivalLane="2to4_0" arrivalPos="206.09" arrivalSpeed="13.90" duration="47.00" routeLength="555.83" waitSteps="0" timeLoss="6.45" rerouteNo="0" devices="vehroute_1 tripinfo_1" vType="Car" vaporized=""/>
    <tripinfo id="3" depart="11.00" departLane="1to2_0" departPos="4.60" departSpeed="0.00" departDelay="7.00" arrival="58.00" arrivalLane="2to4_0" arrivalPos="206.09" arrivalSpeed="13.90" duration="47.00" routeLength="555.83" waitSteps="0" timeLoss="6.45" rerouteNo="0" devices="vehroute_3 tripinfo_3" vType="Car" vaporized=""/>
    <tripinfo id="9" depart="35.00" departLane="1to2_0" departPos="4.60" departSpeed="0.00" departDelay="18.00" arrival="82.00" arrivalLane="2to4_0" arrivalPos="206.09" arrivalSpeed="13.90" duration="47.00" routeLength="555.83" waitSteps="0" timeLoss="6.45" rerouteNo="0" devices="vehroute_9 tripinfo_9" vType="Car" vaporized=""/>
    <tripinfo id="10" depart="39.00" departLane="1to2_0" departPos="4.60" departSpeed="0.00" departDelay="20.00" arrival="86.00" arrivalLane="2to4_0" arrivalPos="206.09" arrivalSpeed="13.90" duration="47.00" routeLength="555.83" waitSteps="0" timeLoss="6.45" rerouteNo="0" devices="vehroute_10 tripinfo_10" vType="Car" vaporized=""/>
    <tripinfo id="11" depart="43.00" departLane="1to2_0" departPos="4.60" departSpeed="0.00" departDelay="16.00" arrival="90.00" arrivalLane="2to4_0" arrivalPos="206.09" arrivalSpeed="13.90" duration="47.00" routeLength="555.83" waitSteps="0" timeLoss="6.45" rerouteNo="0" devices="vehroute_11 tripinfo_11" vType="Car" vaporized=""/>
    <tripinfo id="15" depart="59.00" departLane="1to2_0" departPos="4.60" departSpeed="0.00" departDelay="24.00" arrival="106.00" arrivalLane="2to4_0" arrivalPos="206.09" arrivalSpeed="13.90" duration="47.00" routeLength="555.83" waitSteps="0" timeLoss="6.45" rerouteNo="0" devices="vehroute_15 tripinfo_15" vType="Car" vaporized=""/>
    <tripinfo id="17" depart="67.00" departLane="1to2_0" departPos="4.60" departSpeed="0.00" departDelay="27.00" arrival="114.00" arrivalLane="2to4_0" arrivalPos="206.09" arrivalSpeed="13.90" duration="47.00" routeLength="555.83" waitSteps="0" timeLoss="6.45" rerouteNo="0" devices="vehroute_17 tripinfo_17" vType="Car" vaporized=""/>
    <tripinfo id="23" depart="91.00" departLane="1to2_0" departPos="4.60" departSpeed="0.00" departDelay="19.00" arrival="138.00" arrivalLane="2to4_0" arrivalPos="206.09" arrivalSpeed="13.90" duration="47.00" routeLength="555.83" waitSteps="0" timeLoss="6.45" rerouteNo="0" devices="vehroute_23 tripinfo_23" vType="Car" vaporized=""/>
    <tripinfo id="25" depart="99.00" departLane="1to2_0" departPos="4.60" departSpeed="0.00" departDelay="24.00" arrival="146.00" arrivalLane="2to4_0" arrivalPos="206.09" arrivalSpeed="13.90" duration="47.00" routeLength="555.83" waitSteps="0" timeLoss="6.45" rerouteNo="0" devices="vehroute_25 tripinfo_25" vType="Car" vaporized=""/>
    <tripinfo id="27" depart="107.00" departLane="1to2_0" departPos="4.60" departSpeed="0.00" departDelay="24.00" arrival="154.00" arrivalLane="2to4_0" arrivalPos="206.09" arrivalSpeed="13.90" duration="47.00" routeLength="555.83" waitSteps="0" timeLoss="6.45" rerouteNo="0" devices="vehroute_27 tripinfo_27" vType="Car" vaporized=""/>
    <tripinfo id="33" depart="131.00" departLane="1to2_0" departPos="4.60" departSpeed="0.00" departDelay="29.00" arrival="178.00" arrivalLane="2to4_0" arrivalPos="206.09" arrivalSpeed="13.90" duration="47.00" routeLength="555.83" waitSteps="0" timeLoss="6.45" rerouteNo="0" devices="vehroute_33 tripinfo_33" vType="Car" vaporized=""/>
    <tripinfo id="36" depart="143.00" departLane="1to2_0" departPos="4.60" departSpeed="0.00" departDelay="32.00" arrival="190.00" arrivalLane="2to4_0" arrivalPos="206.09" arrivalSpeed="13.90" duration="47.00" routeLength="555.83" waitSteps="0" timeLoss="6.45" rerouteNo="0" devices="vehroute_36 tripinfo_36" vType="Car" vaporized=""/>
    <tripinfo id="39" depart="155.00" departLane="1to2_0" departPos="4.60" departSpeed="0.00" departDelay="28.00" arrival="202.00" arrivalLane="2to4_0" arrivalPos="206.09" arrivalSpeed="13.90" duration="47.00" routeLength="555.83" waitSteps="0" timeLoss="6.45" rerouteNo="0" devices="vehroute_39 tripinfo_39" vType="Car" vaporized=""/>
    <tripinfo id="42" depart="167.00" departLane="1to2_0" departPos="4.60" departSpeed="0.00" departDelay="25.00" arrival="214.00" arrivalLane="2to4_0" arrivalPos="206.09" arrivalSpeed="13.90" duration="47.00" routeLength="555.83" waitSteps="0" timeLoss="6.45" rerouteNo="0" devices="vehroute_42 tripinfo_42" vType="Car" vaporized=""/>
    <tripinfo id="44" depart="175.00" departLane="1to2_0" departPos="4.60" departSpeed="0.00" departDelay="32.00" arrival="222.00" arrivalLane="2to4_0" arrivalPos="206.09" arrivalSpeed="13.90" duration="47.00" routeLength="555.83" waitSteps="0" timeLoss="6.45" rerouteNo="0" devices="vehroute_44 tripinfo_44" vType="Car" vaporized=""/>
    <tripinfo id="47" depart="187.00" departLane="1to2_0" departPos="4.60" departSpeed="0.00" departDelay="39.00" arrival="234.00" arrivalLane="2to4_0" arrivalPos="206.09" arrivalSpeed="13.90" duration="47.00" routeLength="555.83" waitSteps="0" timeLoss="6.45" rerouteNo="0" devices="vehroute_47 tripinfo_47" vType="Car" vaporized=""/>
</tripinfos>
