<?xml version="1.0" encoding="UTF-8"?>

<!-- generated on 10/20/2016 8:47:45 PM by SUMO gui Version 0.27.0
<?xml version="1.0" encoding="UTF-8"?>

<configuration xmlns:xsi="http://www.w3.org/2001/XMLSchema-instance" xsi:noNamespaceSchemaLocation="http://sumo.dlr.de/xsd/sumo-gui.exeConfiguration.xsd">

    <input>
        <net-file value="hello.net.xml"/>
        <route-files value="hello.rou.xml"/>
    </input>

    <output>
        <tripinfo-output value="tripinfo.xml"/>
        <vehroute-output value="vehroutes.xml"/>
    </output>

    <report>
        <xml-validation value="never"/>
        <duration-log.disable value="true"/>
        <no-step-log value="true"/>
    </report>

    <traci_server>
        <remote-port value="8814"/>
    </traci_server>

</configuration>
-->

<routes xmlns:xsi="http://www.w3.org/2001/XMLSchema-instance" xsi:noNamespaceSchemaLocation="http://sumo.dlr.de/xsd/routes_file.xsd">
    <vehicle id="1" type="Car" depart="3.00" arrival="50.00">
        <route edges="1to2 2to4"/>
    </vehicle>

    <vehicle id="3" type="Car" depart="11.00" arrival="58.00">
        <route edges="1to2 2to4"/>
    </vehicle>

    <vehicle id="9" type="Car" depart="35.00" arrival="82.00">
        <route edges="1to2 2to4"/>
    </vehicle>

    <vehicle id="10" type="Car" depart="39.00" arrival="86.00">
        <route edges="1to2 2to4"/>
    </vehicle>

    <vehicle id="11" type="Car" depart="43.00" arrival="90.00">
        <route edges="1to2 2to4"/>
    </vehicle>

    <vehicle id="15" type="Car" depart="59.00" arrival="106.00">
        <route edges="1to2 2to4"/>
    </vehicle>

    <vehicle id="17" type="Car" depart="67.00" arrival="114.00">
        <route edges="1to2 2to4"/>
    </vehicle>

    <vehicle id="23" type="Car" depart="91.00" arrival="138.00">
        <route edges="1to2 2to4"/>
    </vehicle>

    <vehicle id="25" type="Car" depart="99.00" arrival="146.00">
        <route edges="1to2 2to4"/>
    </vehicle>

    <vehicle id="27" type="Car" depart="107.00" arrival="154.00">
        <route edges="1to2 2to4"/>
    </vehicle>

    <vehicle id="33" type="Car" depart="131.00" arrival="178.00">
        <route edges="1to2 2to4"/>
    </vehicle>

    <vehicle id="36" type="Car" depart="143.00" arrival="190.00">
        <route edges="1to2 2to4"/>
    </vehicle>

    <vehicle id="39" type="Car" depart="155.00" arrival="202.00">
        <route edges="1to2 2to4"/>
    </vehicle>

    <vehicle id="42" type="Car" depart="167.00" arrival="214.00">
        <route edges="1to2 2to4"/>
    </vehicle>

    <vehicle id="44" type="Car" depart="175.00" arrival="222.00">
        <route edges="1to2 2to4"/>
    </vehicle>

    <vehicle id="47" type="Car" depart="187.00" arrival="234.00">
        <route edges="1to2 2to4"/>
    </vehicle>

</routes>
