<routes>
  	<vType accel="1.0" decel="5.0" id="Car" length="4.5" minGap="2.0" maxSpeed="50.0" sigma="0" />

    <route id="route0" edges="1to2 2to3" />
  	<route id="route1" edges="1to2 2to4" />

    <vehicle depart="2" id="0" route="route0" type="Car" departPos="0" departSpeed="random">
         <stop lane="2to3_0" endPos="360" duration="500"/>
    </vehicle>
    
    <vehicle id="1" type="Car" route="route1" depart="3" />
    <vehicle id="2" type="Car" route="route0" depart="4" />
    <vehicle id="3" type="Car" route="route1" depart="4" />
    <vehicle id="4" type="Car" route="route0" depart="5" />
    <vehicle id="5" type="Car" route="route0" depart="9" />
    <vehicle id="6" type="Car" route="route0" depart="11" />
    <vehicle id="7" type="Car" route="route0" depart="14" />
    <vehicle id="8" type="Car" route="route0" depart="16" />
    <vehicle id="9" type="Car" route="route1" depart="17" />
    <vehicle id="10" type="Car" route="route1" depart="19" />
    <vehicle id="11" type="Car" route="route1" depart="27" />
    <vehicle id="12" type="Car" route="route0" depart="28" />
    <vehicle id="13" type="Car" route="route0" depart="29" />
    <vehicle id="14" type="Car" route="route0" depart="32" />
    <vehicle id="15" type="Car" route="route1" depart="35" />
    <vehicle id="16" type="Car" route="route0" depart="37" />
    <vehicle id="17" type="Car" route="route1" depart="40" />
    <vehicle id="18" type="Car" route="route0" depart="51" />
    <vehicle id="19" type="Car" route="route0" depart="53" />
    <vehicle id="20" type="Car" route="route0" depart="55" />
    <vehicle id="21" type="Car" route="route0" depart="61" />
    <vehicle id="22" type="Car" route="route0" depart="66" />
    <vehicle id="23" type="Car" route="route1" depart="72" />
    <vehicle id="24" type="Car" route="route0" depart="75" />
    <vehicle id="25" type="Car" route="route1" depart="75" />
    <vehicle id="26" type="Car" route="route0" depart="76" />
    <vehicle id="27" type="Car" route="route1" depart="83" />
    <vehicle id="28" type="Car" route="route0" depart="85" />
    <vehicle id="29" type="Car" route="route0" depart="91" />
    <vehicle id="30" type="Car" route="route0" depart="94" />
    <vehicle id="31" type="Car" route="route0" depart="100" />
    <vehicle id="32" type="Car" route="route0" depart="102" />
    <vehicle id="33" type="Car" route="route1" depart="102" />
    <vehicle id="34" type="Car" route="route0" depart="104" />
    <vehicle id="35" type="Car" route="route0" depart="106" />
    <vehicle id="36" type="Car" route="route1" depart="111" />
    <vehicle id="37" type="Car" route="route0" depart="122" />
    <vehicle id="38" type="Car" route="route0" depart="127" />
    <vehicle id="39" type="Car" route="route1" depart="127" />
    <vehicle id="40" type="Car" route="route0" depart="128" />
    <vehicle id="41" type="Car" route="route0" depart="141" />
    <vehicle id="42" type="Car" route="route1" depart="142" />
    <vehicle id="43" type="Car" route="route0" depart="143" />
    <vehicle id="44" type="Car" route="route1" depart="143" />
    <vehicle id="45" type="Car" route="route0" depart="145" />
    <vehicle id="46" type="Car" route="route0" depart="146" />
    <vehicle id="47" type="Car" route="route1" depart="148" />
    <vehicle id="48" type="Car" route="route0" depart="151" />
    <vehicle id="49" type="Car" route="route1" depart="151" />
    <vehicle id="50" type="Car" route="route0" depart="161" />
    <vehicle id="51" type="Car" route="route0" depart="167" />
    <vehicle id="52" type="Car" route="route0" depart="171" />
    <vehicle id="53" type="Car" route="route1" depart="171" />
    <vehicle id="54" type="Car" route="route0" depart="172" />
    <vehicle id="55" type="Car" route="route1" depart="173" />
    <vehicle id="56" type="Car" route="route0" depart="177" />
    <vehicle id="57" type="Car" route="route1" depart="180" />
    <vehicle id="58" type="Car" route="route1" depart="185" />
    <vehicle id="59" type="Car" route="route0" depart="186" />
    <vehicle id="60" type="Car" route="route0" depart="188" />
    <vehicle id="61" type="Car" route="route0" depart="190" />
    <vehicle id="62" type="Car" route="route1" depart="194" />
    <vehicle id="63" type="Car" route="route0" depart="200" />
    <vehicle id="64" type="Car" route="route0" depart="201" />
    <vehicle id="65" type="Car" route="route0" depart="202" />
    <vehicle id="66" type="Car" route="route0" depart="205" />
    <vehicle id="67" type="Car" route="route0" depart="206" />
    <vehicle id="68" type="Car" route="route1" depart="207" />
    <vehicle id="69" type="Car" route="route0" depart="210" />
    <vehicle id="70" type="Car" route="route0" depart="212" />
    <vehicle id="71" type="Car" route="route0" depart="218" />
    <vehicle id="72" type="Car" route="route0" depart="223" />
    <vehicle id="73" type="Car" route="route1" depart="225" />
    <vehicle id="74" type="Car" route="route0" depart="226" />
    <vehicle id="75" type="Car" route="route0" depart="237" />
    <vehicle id="76" type="Car" route="route1" depart="237" />
    <vehicle id="77" type="Car" route="route0" depart="239" />
    <vehicle id="78" type="Car" route="route0" depart="242" />
    <vehicle id="79" type="Car" route="route0" depart="244" />
    <vehicle id="80" type="Car" route="route0" depart="247" />
    <vehicle id="81" type="Car" route="route0" depart="249" />
    <vehicle id="82" type="Car" route="route0" depart="251" />
    <vehicle id="83" type="Car" route="route0" depart="252" />
    <vehicle id="84" type="Car" route="route0" depart="255" />
    <vehicle id="85" type="Car" route="route1" depart="260" />
    <vehicle id="86" type="Car" route="route0" depart="261" />
    <vehicle id="87" type="Car" route="route0" depart="274" />
    <vehicle id="88" type="Car" route="route0" depart="277" />
    <vehicle id="89" type="Car" route="route0" depart="285" />
    <vehicle id="90" type="Car" route="route0" depart="295" />
    <vehicle id="91" type="Car" route="route0" depart="300" />
    <vehicle id="92" type="Car" route="route0" depart="301" />
    <vehicle id="93" type="Car" route="route0" depart="303" />
    <vehicle id="94" type="Car" route="route0" depart="304" />
    <vehicle id="95" type="Car" route="route0" depart="311" />
    <vehicle id="96" type="Car" route="route0" depart="312" />
    <vehicle id="97" type="Car" route="route1" depart="317" />
    <vehicle id="98" type="Car" route="route0" depart="319" />
    <vehicle id="99" type="Car" route="route1" depart="322" />
    <vehicle id="100" type="Car" route="route0" depart="324" />
</routes>
