<?xml version="1.0" encoding="UTF-8"?>

<!-- generated on 10/12/2016 10:50:20 PM by SUMO gui Version 0.27.0
<?xml version="1.0" encoding="UTF-8"?>

<configuration xmlns:xsi="http://www.w3.org/2001/XMLSchema-instance" xsi:noNamespaceSchemaLocation="http://sumo.dlr.de/xsd/sumo-gui.exeConfiguration.xsd">

    <input>
        <net-file value="hello.net.xml"/>
        <route-files value="hello.rou.xml"/>
    </input>

    <output>
        <tripinfo-output value="tripinfo.xml"/>
        <vehroute-output value="vehroutes.xml"/>
    </output>

    <report>
        <xml-validation value="never"/>
        <duration-log.disable value="true"/>
        <no-step-log value="true"/>
    </report>

    <traci_server>
        <remote-port value="8816"/>
    </traci_server>

</configuration>
-->

<tripinfos xmlns:xsi="http://www.w3.org/2001/XMLSchema-instance" xsi:noNamespaceSchemaLocation="http://sumo.dlr.de/xsd/tripinfo_file.xsd">
    <tripinfo id="5" depart="30.00" departLane="1to2_0" departPos="4.60" departSpeed="0.00" departDelay="1.00" arrival="77.00" arrivalLane="2to4_0" arrivalPos="206.09" arrivalSpeed="13.90" duration="47.00" routeLength="555.83" waitSteps="0" timeLoss="6.45" rerouteNo="1" devices="vehroute_5 tripinfo_5" vType="Car" vaporized=""/>
    <tripinfo id="6" depart="34.00" departLane="1to2_0" departPos="4.60" departSpeed="0.00" departDelay="5.00" arrival="81.00" arrivalLane="2to4_0" arrivalPos="206.09" arrivalSpeed="13.90" duration="47.00" routeLength="555.83" waitSteps="0" timeLoss="6.45" rerouteNo="0" devices="vehroute_6 tripinfo_6" vType="Car" vaporized=""/>
    <tripinfo id="7" depart="38.00" departLane="1to2_0" departPos="4.60" departSpeed="0.00" departDelay="4.00" arrival="85.00" arrivalLane="2to4_0" arrivalPos="206.09" arrivalSpeed="13.90" duration="47.00" routeLength="555.83" waitSteps="0" timeLoss="6.45" rerouteNo="1" devices="vehroute_7 tripinfo_7" vType="Car" vaporized=""/>
    <tripinfo id="10" depart="50.00" departLane="1to2_0" departPos="4.60" departSpeed="0.00" departDelay="6.00" arrival="97.00" arrivalLane="2to4_0" arrivalPos="206.09" arrivalSpeed="13.90" duration="47.00" routeLength="555.83" waitSteps="0" timeLoss="6.45" rerouteNo="0" devices="vehroute_10 tripinfo_10" vType="Car" vaporized=""/>
    <tripinfo id="11" depart="54.00" departLane="1to2_0" departPos="4.60" departSpeed="0.00" departDelay="5.00" arrival="101.00" arrivalLane="2to4_0" arrivalPos="206.09" arrivalSpeed="13.90" duration="47.00" routeLength="555.83" waitSteps="0" timeLoss="6.45" rerouteNo="1" devices="vehroute_11 tripinfo_11" vType="Car" vaporized=""/>
    <tripinfo id="12" depart="58.00" departLane="1to2_0" departPos="4.60" departSpeed="0.00" departDelay="8.00" arrival="105.00" arrivalLane="2to4_0" arrivalPos="206.09" arrivalSpeed="13.90" duration="47.00" routeLength="555.83" waitSteps="0" timeLoss="6.45" rerouteNo="1" devices="vehroute_12 tripinfo_12" vType="Car" vaporized=""/>
    <tripinfo id="14" depart="66.00" departLane="1to2_0" departPos="4.60" departSpeed="0.00" departDelay="13.00" arrival="113.00" arrivalLane="2to4_0" arrivalPos="206.09" arrivalSpeed="13.90" duration="47.00" routeLength="555.83" waitSteps="0" timeLoss="6.45" rerouteNo="1" devices="vehroute_14 tripinfo_14" vType="Car" vaporized=""/>
    <tripinfo id="16" depart="74.00" departLane="1to2_0" departPos="4.60" departSpeed="0.00" departDelay="16.00" arrival="121.00" arrivalLane="2to4_0" arrivalPos="206.09" arrivalSpeed="13.90" duration="47.00" routeLength="555.83" waitSteps="0" timeLoss="6.45" rerouteNo="0" devices="vehroute_16 tripinfo_16" vType="Car" vaporized=""/>
    <tripinfo id="17" depart="78.00" departLane="1to2_0" departPos="4.60" departSpeed="0.00" departDelay="17.00" arrival="125.00" arrivalLane="2to4_0" arrivalPos="206.09" arrivalSpeed="13.90" duration="47.00" routeLength="555.83" waitSteps="0" timeLoss="6.45" rerouteNo="1" devices="vehroute_17 tripinfo_17" vType="Car" vaporized=""/>
    <tripinfo id="18" depart="82.00" departLane="1to2_0" departPos="4.60" departSpeed="0.00" departDelay="19.00" arrival="129.00" arrivalLane="2to4_0" arrivalPos="206.09" arrivalSpeed="13.90" duration="47.00" routeLength="555.83" waitSteps="0" timeLoss="6.45" rerouteNo="1" devices="vehroute_18 tripinfo_18" vType="Car" vaporized=""/>
    <tripinfo id="19" depart="86.00" departLane="1to2_0" departPos="4.60" departSpeed="0.00" departDelay="20.00" arrival="133.00" arrivalLane="2to4_0" arrivalPos="206.09" arrivalSpeed="13.90" duration="47.00" routeLength="555.83" waitSteps="0" timeLoss="6.45" rerouteNo="1" devices="vehroute_19 tripinfo_19" vType="Car" vaporized=""/>
</tripinfos>
