<?xml version="1.0" encoding="UTF-8"?>

<!-- generated on 10/12/2016 10:50:20 PM by SUMO gui Version 0.27.0
<?xml version="1.0" encoding="UTF-8"?>

<configuration xmlns:xsi="http://www.w3.org/2001/XMLSchema-instance" xsi:noNamespaceSchemaLocation="http://sumo.dlr.de/xsd/sumo-gui.exeConfiguration.xsd">

    <input>
        <net-file value="hello.net.xml"/>
        <route-files value="hello.rou.xml"/>
    </input>

    <output>
        <tripinfo-output value="tripinfo.xml"/>
        <vehroute-output value="vehroutes.xml"/>
    </output>

    <report>
        <xml-validation value="never"/>
        <duration-log.disable value="true"/>
        <no-step-log value="true"/>
    </report>

    <traci_server>
        <remote-port value="8816"/>
    </traci_server>

</configuration>
-->

<routes xmlns:xsi="http://www.w3.org/2001/XMLSchema-instance" xsi:noNamespaceSchemaLocation="http://sumo.dlr.de/xsd/routes_file.xsd">
    <vehicle id="5" type="Car" depart="30.00" arrival="77.00">
        <routeDistribution>
            <route replacedOnEdge="1to2" replacedAtTime="58.00" probability="0" edges="1to2 2to3"/>
            <route edges="1to2 2to4"/>
        </routeDistribution>
    </vehicle>

    <vehicle id="6" type="Car" depart="34.00" arrival="81.00">
        <route edges="1to2 2to4"/>
    </vehicle>

    <vehicle id="7" type="Car" depart="38.00" arrival="85.00">
        <routeDistribution>
            <route replacedOnEdge="1to2" replacedAtTime="64.00" probability="0" edges="1to2 2to3"/>
            <route edges="1to2 2to4"/>
        </routeDistribution>
    </vehicle>

    <vehicle id="10" type="Car" depart="50.00" arrival="97.00">
        <route edges="1to2 2to4"/>
    </vehicle>

    <vehicle id="11" type="Car" depart="54.00" arrival="101.00">
        <routeDistribution>
            <route replacedOnEdge="1to2" replacedAtTime="79.00" probability="0" edges="1to2 2to3"/>
            <route edges="1to2 2to4"/>
        </routeDistribution>
    </vehicle>

    <vehicle id="12" type="Car" depart="58.00" arrival="105.00">
        <routeDistribution>
            <route replacedOnEdge="1to2" replacedAtTime="83.00" probability="0" edges="1to2 2to3"/>
            <route edges="1to2 2to4"/>
        </routeDistribution>
    </vehicle>

    <vehicle id="14" type="Car" depart="66.00" arrival="113.00">
        <routeDistribution>
            <route replacedOnEdge="1to2" replacedAtTime="90.00" probability="0" edges="1to2 2to3"/>
            <route edges="1to2 2to4"/>
        </routeDistribution>
    </vehicle>

    <vehicle id="16" type="Car" depart="74.00" arrival="121.00">
        <route edges="1to2 2to4"/>
    </vehicle>

    <vehicle id="17" type="Car" depart="78.00" arrival="125.00">
        <routeDistribution>
            <route replacedOnEdge="1to2" replacedAtTime="106.00" probability="0" edges="1to2 2to3"/>
            <route edges="1to2 2to4"/>
        </routeDistribution>
    </vehicle>

    <vehicle id="18" type="Car" depart="82.00" arrival="129.00">
        <routeDistribution>
            <route replacedOnEdge="1to2" replacedAtTime="106.00" probability="0" edges="1to2 2to3"/>
            <route edges="1to2 2to4"/>
        </routeDistribution>
    </vehicle>

    <vehicle id="19" type="Car" depart="86.00" arrival="133.00">
        <routeDistribution>
            <route replacedOnEdge="1to2" replacedAtTime="109.00" probability="0" edges="1to2 2to3"/>
            <route edges="1to2 2to4"/>
        </routeDistribution>
    </vehicle>

</routes>
