<routes>
    <vType accel="1.0" decel="5.0" id="Car" length="4.5" minGap="2.0" maxSpeed="80.0" sigma="0" />

    <route id="route0" edges="1to2 2to3" />
    <route id="route1" edges="1to2 2to4" />
    
    <vehicle depart="3" id="0" route="route0" type="Car" departPos="0" departSpeed="random">
         <stop lane="2to3_0" endPos="200" duration="550"/>
    </vehicle>
    
    <vehicle id="1" type="Car" route="route1" depart="4" />
    <vehicle id="2" type="Car" route="route1" depart="6" />
    <vehicle id="3" type="Car" route="route1" depart="8" />
    <vehicle id="4" type="Car" route="route1" depart="26" />
    <vehicle id="5" type="Car" route="route1" depart="29" />
    <vehicle id="6" type="Car" route="route1" depart="29" />
    <vehicle id="7" type="Car" route="route1" depart="34" />
    <vehicle id="8" type="Car" route="route1" depart="36" />
    <vehicle id="9" type="Car" route="route0" depart="43" />
    <vehicle id="10" type="Car" route="route1" depart="44" />
    <vehicle id="11" type="Car" route="route0" depart="49" />
    <vehicle id="12" type="Car" route="route0" depart="50" />
    <vehicle id="13" type="Car" route="route0" depart="51" />
    <vehicle id="14" type="Car" route="route0" depart="53" />
    <vehicle id="15" type="Car" route="route0" depart="56" />
    <vehicle id="16" type="Car" route="route1" depart="58" />
    <vehicle id="17" type="Car" route="route0" depart="61" />
    <vehicle id="18" type="Car" route="route0" depart="63" />
    <vehicle id="19" type="Car" route="route0" depart="66" />
    <vehicle id="20" type="Car" route="route0" depart="67" />
    <vehicle id="21" type="Car" route="route1" depart="73" />
    <vehicle id="22" type="Car" route="route0" depart="75" />
    <vehicle id="23" type="Car" route="route1" depart="76" />
    <vehicle id="24" type="Car" route="route0" depart="82" />
    <vehicle id="25" type="Car" route="route1" depart="88" />
    <vehicle id="26" type="Car" route="route0" depart="89" />
    <vehicle id="27" type="Car" route="route0" depart="90" />
    <vehicle id="28" type="Car" route="route0" depart="97" />
    <vehicle id="29" type="Car" route="route0" depart="99" />
    <vehicle id="30" type="Car" route="route0" depart="103" />
    <vehicle id="31" type="Car" route="route1" depart="109" />
    <vehicle id="32" type="Car" route="route0" depart="114" />
    <vehicle id="33" type="Car" route="route0" depart="118" />
    <vehicle id="34" type="Car" route="route1" depart="121" />
    <vehicle id="35" type="Car" route="route1" depart="123" />
    <vehicle id="36" type="Car" route="route0" depart="125" />
    <vehicle id="37" type="Car" route="route0" depart="131" />
    <vehicle id="38" type="Car" route="route0" depart="141" />
    <vehicle id="39" type="Car" route="route0" depart="144" />
    <vehicle id="40" type="Car" route="route0" depart="148" />
    <vehicle id="41" type="Car" route="route0" depart="151" />
    <vehicle id="42" type="Car" route="route0" depart="152" />
    <vehicle id="43" type="Car" route="route0" depart="153" />
    <vehicle id="44" type="Car" route="route0" depart="156" />
    <vehicle id="45" type="Car" route="route0" depart="172" />
    <vehicle id="46" type="Car" route="route0" depart="179" />
    <vehicle id="47" type="Car" route="route1" depart="202" />
    <vehicle id="48" type="Car" route="route0" depart="205" />
    <vehicle id="49" type="Car" route="route0" depart="211" />
    <vehicle id="50" type="Car" route="route0" depart="212" />
    <vehicle id="51" type="Car" route="route0" depart="215" />
    <vehicle id="52" type="Car" route="route0" depart="219" />
    <vehicle id="53" type="Car" route="route0" depart="227" />
    <vehicle id="54" type="Car" route="route0" depart="234" />
    <vehicle id="55" type="Car" route="route1" depart="234" />
    <vehicle id="56" type="Car" route="route0" depart="235" />
    <vehicle id="57" type="Car" route="route0" depart="244" />
    <vehicle id="58" type="Car" route="route0" depart="245" />
    <vehicle id="59" type="Car" route="route0" depart="251" />
    <vehicle id="60" type="Car" route="route0" depart="257" />
    <vehicle id="61" type="Car" route="route0" depart="260" />
    <vehicle id="62" type="Car" route="route0" depart="263" />
    <vehicle id="63" type="Car" route="route1" depart="266" />
    <vehicle id="64" type="Car" route="route0" depart="267" />
    <vehicle id="65" type="Car" route="route0" depart="270" />
    <vehicle id="66" type="Car" route="route0" depart="276" />
    <vehicle id="67" type="Car" route="route1" depart="280" />
    <vehicle id="68" type="Car" route="route1" depart="283" />
    <vehicle id="69" type="Car" route="route0" depart="285" />
    <vehicle id="70" type="Car" route="route0" depart="294" />
    <vehicle id="71" type="Car" route="route0" depart="301" />
    <vehicle id="72" type="Car" route="route0" depart="306" />
    <vehicle id="73" type="Car" route="route0" depart="307" />
    <vehicle id="74" type="Car" route="route0" depart="325" />
    <vehicle id="75" type="Car" route="route0" depart="326" />
    <vehicle id="76" type="Car" route="route0" depart="330" />
    <vehicle id="77" type="Car" route="route0" depart="333" />
    <vehicle id="78" type="Car" route="route1" depart="339" />
    <vehicle id="79" type="Car" route="route0" depart="347" />
    <vehicle id="80" type="Car" route="route0" depart="348" />
    <vehicle id="81" type="Car" route="route0" depart="352" />
    <vehicle id="82" type="Car" route="route0" depart="353" />
    <vehicle id="83" type="Car" route="route1" depart="360" />
    <vehicle id="84" type="Car" route="route0" depart="363" />
    <vehicle id="85" type="Car" route="route0" depart="366" />
    <vehicle id="86" type="Car" route="route1" depart="370" />
    <vehicle id="87" type="Car" route="route0" depart="376" />
    <vehicle id="88" type="Car" route="route0" depart="380" />
    <vehicle id="89" type="Car" route="route0" depart="382" />
    <vehicle id="90" type="Car" route="route0" depart="390" />
    <vehicle id="91" type="Car" route="route1" depart="401" />
    <vehicle id="92" type="Car" route="route0" depart="404" />
    <vehicle id="93" type="Car" route="route0" depart="405" />
    <vehicle id="94" type="Car" route="route0" depart="413" />
    <vehicle id="95" type="Car" route="route1" depart="413" />
    <vehicle id="96" type="Car" route="route0" depart="420" />
    <vehicle id="97" type="Car" route="route0" depart="429" />
    <vehicle id="98" type="Car" route="route0" depart="430" />
    <vehicle id="99" type="Car" route="route0" depart="449" />
    <vehicle id="100" type="Car" route="route1" depart="455" />
</routes>
