<?xml version="1.0" encoding="UTF-8"?>

<!-- generated on 03/30/17 22:43:48 by SUMO Version 0.28.0
<?xml version="1.0" encoding="UTF-8"?>

<configuration xmlns:xsi="http://www.w3.org/2001/XMLSchema-instance" xsi:noNamespaceSchemaLocation="http://sumo.dlr.de/xsd/sumoConfiguration.xsd">

    <input>
        <net-file value="hello.net.xml"/>
        <route-files value="hello.rou.xml"/>
    </input>

    <output>
        <tripinfo-output value="tripinfo.xml"/>
        <vehroute-output value="vehroutes.xml"/>
    </output>

    <report>
        <xml-validation value="never"/>
        <duration-log.disable value="true"/>
        <no-step-log value="true"/>
    </report>

    <traci_server>
        <remote-port value="8814"/>
    </traci_server>

</configuration>
-->

<tripinfos xmlns:xsi="http://www.w3.org/2001/XMLSchema-instance" xsi:noNamespaceSchemaLocation="http://sumo.dlr.de/xsd/tripinfo_file.xsd">
    <tripinfo id="2" depart="2.00" departLane="124794665#0_0" departPos="4.60" departSpeed="0.61" departDelay="0.00" arrival="113.00" arrivalLane="124794665#10_0" arrivalPos="313.92" arrivalSpeed="13.89" duration="111.00" routeLength="1301.61" waitSteps="0" timeLoss="16.49" rerouteNo="0" devices="vehroute_2 tripinfo_2" vType="Car" vaporized=""/>
    <tripinfo id="14" depart="14.00" departLane="-198595456#4_0" departPos="4.60" departSpeed="10.32" departDelay="0.00" arrival="114.00" arrivalLane="-198595455#0_0" arrivalPos="13.19" arrivalSpeed="25.00" duration="100.00" routeLength="1422.84" waitSteps="27" timeLoss="48.59" rerouteNo="0" devices="vehroute_14 tripinfo_14" vType="Car" vaporized=""/>
    <tripinfo id="11" depart="11.00" departLane="-5708224#2_0" departPos="4.60" departSpeed="1.11" departDelay="0.00" arrival="116.00" arrivalLane="198595565#3_0" arrivalPos="256.22" arrivalSpeed="13.89" duration="105.00" routeLength="1268.79" waitSteps="0" timeLoss="13.35" rerouteNo="0" devices="vehroute_11 tripinfo_11" vType="Car" vaporized=""/>
    <tripinfo id="17" depart="17.00" departLane="124794665#0_0" departPos="4.60" departSpeed="4.62" departDelay="0.00" arrival="128.00" arrivalLane="124794665#10_0" arrivalPos="313.92" arrivalSpeed="13.89" duration="111.00" routeLength="1301.61" waitSteps="0" timeLoss="16.34" rerouteNo="0" devices="vehroute_17 tripinfo_17" vType="Car" vaporized=""/>
    <tripinfo id="18" depart="19.00" departLane="124794665#0_0" departPos="4.60" departSpeed="6.18" departDelay="1.00" arrival="132.00" arrivalLane="124794665#10_0" arrivalPos="313.92" arrivalSpeed="13.89" duration="113.00" routeLength="1301.61" waitSteps="0" timeLoss="18.66" rerouteNo="0" devices="vehroute_18 tripinfo_18" vType="Car" vaporized=""/>
    <tripinfo id="19" depart="21.00" departLane="124794665#0_0" departPos="4.60" departSpeed="7.03" departDelay="2.00" arrival="133.00" arrivalLane="124794665#10_0" arrivalPos="313.92" arrivalSpeed="13.89" duration="112.00" routeLength="1301.61" waitSteps="0" timeLoss="18.14" rerouteNo="0" devices="vehroute_19 tripinfo_19" vType="Car" vaporized=""/>
    <tripinfo id="23" depart="23.00" departLane="-5708224#2_0" departPos="4.60" departSpeed="13.54" departDelay="0.00" arrival="134.00" arrivalLane="198595565#3_0" arrivalPos="256.22" arrivalSpeed="13.89" duration="111.00" routeLength="1268.79" waitSteps="8" timeLoss="19.37" rerouteNo="0" devices="vehroute_23 tripinfo_23" vType="Car" vaporized=""/>
    <tripinfo id="24" depart="24.00" departLane="-5708224#2_0" departPos="4.60" departSpeed="10.58" departDelay="0.00" arrival="136.00" arrivalLane="198595565#3_0" arrivalPos="256.22" arrivalSpeed="13.89" duration="112.00" routeLength="1268.79" waitSteps="7" timeLoss="20.47" rerouteNo="0" devices="vehroute_24 tripinfo_24" vType="Car" vaporized=""/>
    <tripinfo id="25" depart="25.00" departLane="124794665#0_0" departPos="4.60" departSpeed="5.97" departDelay="0.00" arrival="137.00" arrivalLane="124794665#10_0" arrivalPos="313.92" arrivalSpeed="13.89" duration="112.00" routeLength="1301.61" waitSteps="0" timeLoss="17.90" rerouteNo="0" devices="vehroute_25 tripinfo_25" vType="Car" vaporized=""/>
    <tripinfo id="42" depart="42.00" departLane="-5708224#2_0" departPos="4.60" departSpeed="11.62" departDelay="0.00" arrival="139.00" arrivalLane="198595565#3_0" arrivalPos="256.22" arrivalSpeed="13.89" duration="97.00" routeLength="1268.79" waitSteps="0" timeLoss="5.55" rerouteNo="0" devices="vehroute_42 tripinfo_42" vType="Car" vaporized=""/>
    <tripinfo id="38" depart="38.00" departLane="124794665#0_0" departPos="4.60" departSpeed="8.39" departDelay="0.00" arrival="144.00" arrivalLane="124794665#10_0" arrivalPos="313.92" arrivalSpeed="13.89" duration="106.00" routeLength="1301.61" waitSteps="0" timeLoss="11.77" rerouteNo="0" devices="vehroute_38 tripinfo_38" vType="Car" vaporized=""/>
    <tripinfo id="43" depart="43.00" departLane="-5708224#2_0" departPos="4.60" departSpeed="9.04" departDelay="0.00" arrival="150.00" arrivalLane="198595565#3_0" arrivalPos="256.22" arrivalSpeed="13.89" duration="107.00" routeLength="1268.79" waitSteps="3" timeLoss="15.36" rerouteNo="0" devices="vehroute_43 tripinfo_43" vType="Car" vaporized=""/>
    <tripinfo id="47" depart="47.00" departLane="-5708224#2_0" departPos="4.60" departSpeed="6.10" departDelay="0.00" arrival="152.00" arrivalLane="198595565#3_0" arrivalPos="256.22" arrivalSpeed="13.89" duration="105.00" routeLength="1268.79" waitSteps="0" timeLoss="13.48" rerouteNo="0" devices="vehroute_47 tripinfo_47" vType="Car" vaporized=""/>
    <tripinfo id="44" depart="44.00" departLane="124794665#0_0" departPos="4.60" departSpeed="2.84" departDelay="0.00" arrival="154.00" arrivalLane="124794665#10_0" arrivalPos="313.92" arrivalSpeed="13.89" duration="110.00" routeLength="1301.61" waitSteps="0" timeLoss="15.30" rerouteNo="0" devices="vehroute_44 tripinfo_44" vType="Car" vaporized=""/>
    <tripinfo id="48" depart="48.00" departLane="-5708224#2_0" departPos="4.60" departSpeed="2.71" departDelay="0.00" arrival="154.00" arrivalLane="198595565#3_0" arrivalPos="256.22" arrivalSpeed="13.89" duration="106.00" routeLength="1268.79" waitSteps="0" timeLoss="14.53" rerouteNo="0" devices="vehroute_48 tripinfo_48" vType="Car" vaporized=""/>
    <tripinfo id="49" depart="51.00" departLane="-5708224#2_0" departPos="4.60" departSpeed="4.61" departDelay="2.00" arrival="156.00" arrivalLane="198595565#3_0" arrivalPos="256.22" arrivalSpeed="13.89" duration="105.00" routeLength="1268.79" waitSteps="0" timeLoss="13.38" rerouteNo="0" devices="vehroute_49 tripinfo_49" vType="Car" vaporized=""/>
    <tripinfo id="61" depart="61.00" departLane="-5708224#2_0" departPos="4.60" departSpeed="10.76" departDelay="0.00" arrival="158.00" arrivalLane="198595565#3_0" arrivalPos="256.22" arrivalSpeed="13.89" duration="97.00" routeLength="1268.79" waitSteps="0" timeLoss="4.89" rerouteNo="0" devices="vehroute_61 tripinfo_61" vType="Car" vaporized=""/>
    <tripinfo id="62" depart="62.00" departLane="-5708224#2_0" departPos="4.60" departSpeed="8.09" departDelay="0.00" arrival="160.00" arrivalLane="198595565#3_0" arrivalPos="256.22" arrivalSpeed="13.89" duration="98.00" routeLength="1268.79" waitSteps="0" timeLoss="6.02" rerouteNo="0" devices="vehroute_62 tripinfo_62" vType="Car" vaporized=""/>
    <tripinfo id="51" depart="51.00" departLane="124794665#0_0" departPos="4.60" departSpeed="1.76" departDelay="0.00" arrival="163.00" arrivalLane="124794665#10_0" arrivalPos="313.92" arrivalSpeed="13.89" duration="112.00" routeLength="1301.61" waitSteps="0" timeLoss="18.19" rerouteNo="0" devices="vehroute_51 tripinfo_51" vType="Car" vaporized=""/>
    <tripinfo id="63" depart="63.00" departLane="-5708224#2_0" departPos="4.60" departSpeed="5.84" departDelay="0.00" arrival="164.00" arrivalLane="198595565#3_0" arrivalPos="256.22" arrivalSpeed="13.89" duration="101.00" routeLength="1268.79" waitSteps="0" timeLoss="8.79" rerouteNo="0" devices="vehroute_63 tripinfo_63" vType="Car" vaporized=""/>
    <tripinfo id="58" depart="58.00" departLane="124794665#0_0" departPos="4.60" departSpeed="9.47" departDelay="0.00" arrival="166.00" arrivalLane="124794665#10_0" arrivalPos="313.92" arrivalSpeed="13.89" duration="108.00" routeLength="1301.61" waitSteps="0" timeLoss="13.74" rerouteNo="0" devices="vehroute_58 tripinfo_58" vType="Car" vaporized=""/>
    <tripinfo id="8" depart="8.00" departLane="-110299714#6_0" departPos="4.60" departSpeed="2.33" departDelay="0.00" arrival="179.00" arrivalLane="-5704055#0_0" arrivalPos="168.93" arrivalSpeed="13.89" duration="171.00" routeLength="1458.58" waitSteps="39" timeLoss="68.14" rerouteNo="0" devices="vehroute_8 tripinfo_8" vType="Car" vaporized=""/>
    <tripinfo id="79" depart="79.00" departLane="-5708224#2_0" departPos="4.60" departSpeed="7.21" departDelay="0.00" arrival="181.00" arrivalLane="198595565#3_0" arrivalPos="256.22" arrivalSpeed="13.89" duration="102.00" routeLength="1268.79" waitSteps="0" timeLoss="10.33" rerouteNo="0" devices="vehroute_79 tripinfo_79" vType="Car" vaporized=""/>
    <tripinfo id="22" depart="22.00" departLane="-110299714#6_0" departPos="4.60" departSpeed="4.96" departDelay="0.00" arrival="181.00" arrivalLane="-5704055#0_0" arrivalPos="168.93" arrivalSpeed="13.89" duration="159.00" routeLength="1458.58" waitSteps="28" timeLoss="56.02" rerouteNo="0" devices="vehroute_22 tripinfo_22" vType="Car" vaporized=""/>
    <tripinfo id="4" depart="4.00" departLane="198595558#0_0" departPos="4.60" departSpeed="7.87" departDelay="0.00" arrival="182.00" arrivalLane="5702757#2_0" arrivalPos="360.42" arrivalSpeed="13.89" duration="178.00" routeLength="1641.68" waitSteps="17" timeLoss="27.05" rerouteNo="0" devices="vehroute_4 tripinfo_4" vType="Car" vaporized=""/>
    <tripinfo id="34" depart="34.00" departLane="-110299714#6_0" departPos="4.60" departSpeed="11.32" departDelay="0.00" arrival="183.00" arrivalLane="-5704055#0_0" arrivalPos="168.93" arrivalSpeed="13.89" duration="149.00" routeLength="1458.58" waitSteps="25" timeLoss="46.32" rerouteNo="0" devices="vehroute_34 tripinfo_34" vType="Car" vaporized=""/>
    <tripinfo id="5" depart="5.00" departLane="198595558#0_0" departPos="4.60" departSpeed="0.64" departDelay="0.00" arrival="184.00" arrivalLane="5702757#2_0" arrivalPos="360.42" arrivalSpeed="13.89" duration="179.00" routeLength="1641.68" waitSteps="12" timeLoss="28.07" rerouteNo="0" devices="vehroute_5 tripinfo_5" vType="Car" vaporized=""/>
    <tripinfo id="41" depart="41.00" departLane="-110299714#6_0" departPos="4.60" departSpeed="5.96" departDelay="0.00" arrival="185.00" arrivalLane="-5704055#0_0" arrivalPos="168.93" arrivalSpeed="13.89" duration="144.00" routeLength="1458.58" waitSteps="18" timeLoss="41.27" rerouteNo="0" devices="vehroute_41 tripinfo_41" vType="Car" vaporized=""/>
    <tripinfo id="12" depart="12.00" departLane="198595558#0_0" departPos="4.60" departSpeed="5.07" departDelay="0.00" arrival="186.00" arrivalLane="5702757#2_0" arrivalPos="360.42" arrivalSpeed="13.89" duration="174.00" routeLength="1641.68" waitSteps="10" timeLoss="22.60" rerouteNo="0" devices="vehroute_12 tripinfo_12" vType="Car" vaporized=""/>
    <tripinfo id="65" depart="65.00" departLane="-110299714#6_0" departPos="4.60" departSpeed="2.65" departDelay="0.00" arrival="187.00" arrivalLane="-5704055#0_0" arrivalPos="168.93" arrivalSpeed="13.89" duration="122.00" routeLength="1458.58" waitSteps="0" timeLoss="19.18" rerouteNo="0" devices="vehroute_65 tripinfo_65" vType="Car" vaporized=""/>
    <tripinfo id="15" depart="15.00" departLane="198595558#0_0" departPos="4.60" departSpeed="8.23" departDelay="0.00" arrival="188.00" arrivalLane="5702757#2_0" arrivalPos="360.42" arrivalSpeed="13.89" duration="173.00" routeLength="1641.68" waitSteps="10" timeLoss="21.89" rerouteNo="0" devices="vehroute_15 tripinfo_15" vType="Car" vaporized=""/>
    <tripinfo id="21" depart="21.00" departLane="198595558#0_0" departPos="4.60" departSpeed="7.57" departDelay="0.00" arrival="190.00" arrivalLane="5702757#2_0" arrivalPos="360.42" arrivalSpeed="13.89" duration="169.00" routeLength="1641.68" waitSteps="5" timeLoss="17.92" rerouteNo="0" devices="vehroute_21 tripinfo_21" vType="Car" vaporized=""/>
    <tripinfo id="29" depart="29.00" departLane="198595558#0_0" departPos="4.60" departSpeed="12.17" departDelay="0.00" arrival="192.00" arrivalLane="5702757#2_0" arrivalPos="360.42" arrivalSpeed="13.89" duration="163.00" routeLength="1641.68" waitSteps="0" timeLoss="12.05" rerouteNo="0" devices="vehroute_29 tripinfo_29" vType="Car" vaporized=""/>
    <tripinfo id="32" depart="32.00" departLane="198595558#0_0" departPos="4.60" departSpeed="4.99" departDelay="0.00" arrival="194.00" arrivalLane="5702757#2_0" arrivalPos="360.42" arrivalSpeed="13.89" duration="162.00" routeLength="1641.68" waitSteps="0" timeLoss="10.78" rerouteNo="0" devices="vehroute_32 tripinfo_32" vType="Car" vaporized=""/>
    <tripinfo id="40" depart="40.00" departLane="198595558#0_0" departPos="4.60" departSpeed="5.25" departDelay="0.00" arrival="197.00" arrivalLane="5702757#2_0" arrivalPos="360.42" arrivalSpeed="13.89" duration="157.00" routeLength="1641.68" waitSteps="0" timeLoss="6.00" rerouteNo="0" devices="vehroute_40 tripinfo_40" vType="Car" vaporized=""/>
    <tripinfo id="83" depart="83.00" departLane="-110299714#6_0" departPos="4.60" departSpeed="9.81" departDelay="0.00" arrival="199.00" arrivalLane="-5704055#0_0" arrivalPos="168.93" arrivalSpeed="13.89" duration="116.00" routeLength="1458.58" waitSteps="0" timeLoss="12.81" rerouteNo="0" devices="vehroute_83 tripinfo_83" vType="Car" vaporized=""/>
    <tripinfo id="86" depart="86.00" departLane="124794665#0_0" departPos="4.60" departSpeed="13.66" departDelay="0.00" arrival="215.00" arrivalLane="124794665#10_0" arrivalPos="313.92" arrivalSpeed="13.89" duration="129.00" routeLength="1301.61" waitSteps="17" timeLoss="34.30" rerouteNo="0" devices="vehroute_86 tripinfo_86" vType="Car" vaporized=""/>
    <tripinfo id="90" depart="90.00" departLane="124794665#0_0" departPos="4.60" departSpeed="3.64" departDelay="0.00" arrival="216.00" arrivalLane="124794665#10_0" arrivalPos="313.92" arrivalSpeed="13.89" duration="126.00" routeLength="1301.61" waitSteps="12" timeLoss="31.77" rerouteNo="0" devices="vehroute_90 tripinfo_90" vType="Car" vaporized=""/>
    <tripinfo id="10" depart="10.00" departLane="5703313#0_0" departPos="4.60" departSpeed="7.59" departDelay="0.00" arrival="242.00" arrivalLane="216933519_0" arrivalPos="182.24" arrivalSpeed="13.89" duration="232.00" routeLength="1368.32" waitSteps="6" timeLoss="32.44" rerouteNo="0" devices="vehroute_10 tripinfo_10" vType="Car" vaporized=""/>
    <tripinfo id="0" depart="0.00" departLane="5701670#0_0" departPos="4.60" departSpeed="7.97" departDelay="0.00" arrival="256.00" arrivalLane="216933520#1_0" arrivalPos="233.03" arrivalSpeed="13.89" duration="256.00" routeLength="1960.61" waitSteps="0" timeLoss="18.57" rerouteNo="0" devices="vehroute_0 tripinfo_0" vType="Car" vaporized=""/>
    <tripinfo id="6" depart="6.00" departLane="5701670#0_0" departPos="4.60" departSpeed="3.55" departDelay="0.00" arrival="258.00" arrivalLane="216933520#1_0" arrivalPos="233.03" arrivalSpeed="13.89" duration="252.00" routeLength="1960.61" waitSteps="96" timeLoss="115.66" rerouteNo="0" devices="vehroute_6 tripinfo_6" vType="Car" vaporized=""/>
    <tripinfo id="9" depart="9.00" departLane="5701670#0_0" departPos="4.60" departSpeed="8.34" departDelay="0.00" arrival="260.00" arrivalLane="216933520#1_0" arrivalPos="233.03" arrivalSpeed="13.89" duration="251.00" routeLength="1960.61" waitSteps="96" timeLoss="114.69" rerouteNo="0" devices="vehroute_9 tripinfo_9" vType="Car" vaporized=""/>
    <tripinfo id="53" depart="53.00" departLane="5701670#0_0" departPos="4.60" departSpeed="4.10" departDelay="0.00" arrival="262.00" arrivalLane="216933520#1_0" arrivalPos="233.03" arrivalSpeed="13.89" duration="209.00" routeLength="1960.61" waitSteps="52" timeLoss="72.35" rerouteNo="0" devices="vehroute_53 tripinfo_53" vType="Car" vaporized=""/>
    <tripinfo id="56" depart="56.00" departLane="5701670#0_0" departPos="4.60" departSpeed="1.37" departDelay="0.00" arrival="264.00" arrivalLane="216933520#1_0" arrivalPos="233.03" arrivalSpeed="13.89" duration="208.00" routeLength="1960.61" waitSteps="50" timeLoss="71.30" rerouteNo="0" devices="vehroute_56 tripinfo_56" vType="Car" vaporized=""/>
    <tripinfo id="57" depart="59.00" departLane="5701670#0_0" departPos="4.60" departSpeed="3.61" departDelay="2.00" arrival="266.00" arrivalLane="216933520#1_0" arrivalPos="233.03" arrivalSpeed="13.89" duration="207.00" routeLength="1960.61" waitSteps="49" timeLoss="70.31" rerouteNo="0" devices="vehroute_57 tripinfo_57" vType="Car" vaporized=""/>
    <tripinfo id="66" depart="66.00" departLane="5701670#0_0" departPos="4.60" departSpeed="8.59" departDelay="0.00" arrival="268.00" arrivalLane="216933520#1_0" arrivalPos="233.03" arrivalSpeed="13.89" duration="202.00" routeLength="1960.61" waitSteps="45" timeLoss="65.39" rerouteNo="0" devices="vehroute_66 tripinfo_66" vType="Car" vaporized=""/>
    <tripinfo id="70" depart="70.00" departLane="5701670#0_0" departPos="4.60" departSpeed="2.83" departDelay="0.00" arrival="270.00" arrivalLane="216933520#1_0" arrivalPos="233.03" arrivalSpeed="13.89" duration="200.00" routeLength="1960.61" waitSteps="42" timeLoss="63.28" rerouteNo="0" devices="vehroute_70 tripinfo_70" vType="Car" vaporized=""/>
    <tripinfo id="73" depart="73.00" departLane="5701670#0_0" departPos="4.60" departSpeed="6.90" departDelay="0.00" arrival="272.00" arrivalLane="216933520#1_0" arrivalPos="233.03" arrivalSpeed="13.89" duration="199.00" routeLength="1960.61" waitSteps="42" timeLoss="63.37" rerouteNo="0" devices="vehroute_73 tripinfo_73" vType="Car" vaporized=""/>
    <tripinfo id="45" depart="45.00" departLane="198595558#0_0" departPos="4.60" departSpeed="13.01" departDelay="0.00" arrival="272.00" arrivalLane="5702757#2_0" arrivalPos="360.42" arrivalSpeed="13.89" duration="227.00" routeLength="1641.68" waitSteps="67" timeLoss="76.06" rerouteNo="0" devices="vehroute_45 tripinfo_45" vType="Car" vaporized=""/>
    <tripinfo id="60" depart="60.00" departLane="198595558#0_0" departPos="4.60" departSpeed="9.88" departDelay="0.00" arrival="274.00" arrivalLane="5702757#2_0" arrivalPos="360.42" arrivalSpeed="13.89" duration="214.00" routeLength="1641.68" waitSteps="53" timeLoss="63.08" rerouteNo="0" devices="vehroute_60 tripinfo_60" vType="Car" vaporized=""/>
    <tripinfo id="84" depart="84.00" departLane="5701670#0_0" departPos="4.60" departSpeed="7.78" departDelay="0.00" arrival="275.00" arrivalLane="216933520#1_0" arrivalPos="233.03" arrivalSpeed="13.89" duration="191.00" routeLength="1960.61" waitSteps="32" timeLoss="54.52" rerouteNo="0" devices="vehroute_84 tripinfo_84" vType="Car" vaporized=""/>
    <tripinfo id="72" depart="72.00" departLane="198595558#0_0" departPos="4.60" departSpeed="3.93" departDelay="0.00" arrival="276.00" arrivalLane="5702757#2_0" arrivalPos="360.42" arrivalSpeed="13.89" duration="204.00" routeLength="1641.68" waitSteps="39" timeLoss="52.61" rerouteNo="0" devices="vehroute_72 tripinfo_72" vType="Car" vaporized=""/>
    <tripinfo id="87" depart="87.00" departLane="5701670#0_0" departPos="4.60" departSpeed="0.84" departDelay="0.00" arrival="277.00" arrivalLane="216933520#1_0" arrivalPos="233.03" arrivalSpeed="13.89" duration="190.00" routeLength="1960.61" waitSteps="29" timeLoss="53.31" rerouteNo="0" devices="vehroute_87 tripinfo_87" vType="Car" vaporized=""/>
    <tripinfo id="75" depart="75.00" departLane="198595558#0_0" departPos="4.60" departSpeed="0.49" departDelay="0.00" arrival="278.00" arrivalLane="5702757#2_0" arrivalPos="360.42" arrivalSpeed="13.89" duration="203.00" routeLength="1641.68" waitSteps="35" timeLoss="51.90" rerouteNo="0" devices="vehroute_75 tripinfo_75" vType="Car" vaporized=""/>
    <tripinfo id="35" depart="35.00" departLane="5703313#0_0" departPos="4.60" departSpeed="11.89" departDelay="0.00" arrival="278.00" arrivalLane="216933519_0" arrivalPos="182.24" arrivalSpeed="13.89" duration="243.00" routeLength="1368.32" waitSteps="123" timeLoss="143.74" rerouteNo="0" devices="vehroute_35 tripinfo_35" vType="Car" vaporized=""/>
    <tripinfo id="97" depart="97.00" departLane="5701670#0_0" departPos="4.60" departSpeed="4.25" departDelay="0.00" arrival="279.00" arrivalLane="216933520#1_0" arrivalPos="233.03" arrivalSpeed="13.89" duration="182.00" routeLength="1960.61" waitSteps="23" timeLoss="45.41" rerouteNo="0" devices="vehroute_97 tripinfo_97" vType="Car" vaporized=""/>
    <tripinfo id="46" depart="46.00" departLane="5703313#0_0" departPos="4.60" departSpeed="11.66" departDelay="0.00" arrival="279.00" arrivalLane="216933519_0" arrivalPos="182.24" arrivalSpeed="13.89" duration="233.00" routeLength="1368.32" waitSteps="112" timeLoss="134.20" rerouteNo="0" devices="vehroute_46 tripinfo_46" vType="Car" vaporized=""/>
    <tripinfo id="95" depart="95.00" departLane="198595558#0_0" departPos="4.60" departSpeed="6.08" departDelay="0.00" arrival="280.00" arrivalLane="5702757#2_0" arrivalPos="360.42" arrivalSpeed="13.89" duration="185.00" routeLength="1641.68" waitSteps="21" timeLoss="33.92" rerouteNo="0" devices="vehroute_95 tripinfo_95" vType="Car" vaporized=""/>
    <tripinfo id="99" depart="99.00" departLane="5701670#0_0" departPos="4.60" departSpeed="2.99" departDelay="0.00" arrival="281.00" arrivalLane="216933520#1_0" arrivalPos="233.03" arrivalSpeed="13.89" duration="182.00" routeLength="1960.61" waitSteps="23" timeLoss="45.47" rerouteNo="0" devices="vehroute_99 tripinfo_99" vType="Car" vaporized=""/>
    <tripinfo id="52" depart="52.00" departLane="5703313#0_0" departPos="4.60" departSpeed="13.23" departDelay="0.00" arrival="289.00" arrivalLane="216933519_0" arrivalPos="182.24" arrivalSpeed="13.89" duration="237.00" routeLength="1368.32" waitSteps="103" timeLoss="137.72" rerouteNo="0" devices="vehroute_52 tripinfo_52" vType="Car" vaporized=""/>
    <tripinfo id="55" depart="55.00" departLane="5703313#0_0" departPos="4.60" departSpeed="1.73" departDelay="0.00" arrival="290.00" arrivalLane="216933519_0" arrivalPos="182.24" arrivalSpeed="13.89" duration="235.00" routeLength="1368.32" waitSteps="96" timeLoss="136.17" rerouteNo="0" devices="vehroute_55 tripinfo_55" vType="Car" vaporized=""/>
    <tripinfo id="71" depart="71.00" departLane="5703313#0_0" departPos="4.60" departSpeed="4.77" departDelay="0.00" arrival="292.00" arrivalLane="216933519_0" arrivalPos="182.24" arrivalSpeed="13.89" duration="221.00" routeLength="1368.32" waitSteps="82" timeLoss="121.65" rerouteNo="0" devices="vehroute_71 tripinfo_71" vType="Car" vaporized=""/>
    <tripinfo id="31" depart="33.00" departLane="-198595456#4_0" departPos="4.60" departSpeed="0.70" departDelay="2.00" arrival="294.00" arrivalLane="-198595455#0_0" arrivalPos="13.19" arrivalSpeed="25.00" duration="261.00" routeLength="1422.84" waitSteps="51" timeLoss="108.59" rerouteNo="0" devices="vehroute_31 tripinfo_31" vType="Car" vaporized=""/>
    <tripinfo id="30" depart="30.00" departLane="-198595456#4_0" departPos="4.60" departSpeed="0.65" departDelay="0.00" arrival="294.00" arrivalLane="-198595455#0_1" arrivalPos="13.19" arrivalSpeed="25.00" duration="264.00" routeLength="1422.84" waitSteps="54" timeLoss="111.57" rerouteNo="0" devices="vehroute_30 tripinfo_30" vType="Car" vaporized=""/>
    <tripinfo id="76" depart="76.00" departLane="5703313#0_0" departPos="4.60" departSpeed="1.27" departDelay="0.00" arrival="294.00" arrivalLane="216933519_0" arrivalPos="182.24" arrivalSpeed="13.89" duration="218.00" routeLength="1722.19" waitSteps="40" timeLoss="89.11" rerouteNo="1" devices="vehroute_76 tripinfo_76" vType="Car" vaporized=""/>
    <tripinfo id="37" depart="37.00" departLane="-198595456#4_0" departPos="4.60" departSpeed="5.14" departDelay="0.00" arrival="296.00" arrivalLane="-198595455#0_1" arrivalPos="13.19" arrivalSpeed="26.00" duration="259.00" routeLength="1422.84" waitSteps="152" timeLoss="206.88" rerouteNo="0" devices="vehroute_37 tripinfo_37" vType="Car" vaporized=""/>
    <tripinfo id="50" depart="50.00" departLane="-198595456#4_0" departPos="4.60" departSpeed="18.01" departDelay="0.00" arrival="296.00" arrivalLane="-198595455#0_0" arrivalPos="13.19" arrivalSpeed="26.00" duration="246.00" routeLength="1422.84" waitSteps="148" timeLoss="193.88" rerouteNo="0" devices="vehroute_50 tripinfo_50" vType="Car" vaporized=""/>
    <tripinfo id="77" depart="79.00" departLane="5703313#0_0" departPos="4.60" departSpeed="0.30" departDelay="2.00" arrival="296.00" arrivalLane="216933519_0" arrivalPos="182.24" arrivalSpeed="13.89" duration="217.00" routeLength="1722.19" waitSteps="36" timeLoss="87.62" rerouteNo="1" devices="vehroute_77 tripinfo_77" vType="Car" vaporized=""/>
    <tripinfo id="96" depart="96.00" departLane="-198595456#4_0" departPos="4.60" departSpeed="11.28" departDelay="0.00" arrival="297.00" arrivalLane="-198595455#0_0" arrivalPos="13.19" arrivalSpeed="26.00" duration="201.00" routeLength="1422.84" waitSteps="100" timeLoss="149.12" rerouteNo="0" devices="vehroute_96 tripinfo_96" vType="Car" vaporized=""/>
    <tripinfo id="67" depart="67.00" departLane="-198595456#4_0" departPos="4.60" departSpeed="24.55" departDelay="0.00" arrival="297.00" arrivalLane="-198595455#0_1" arrivalPos="13.19" arrivalSpeed="26.00" duration="230.00" routeLength="1422.84" waitSteps="133" timeLoss="178.12" rerouteNo="0" devices="vehroute_67 tripinfo_67" vType="Car" vaporized=""/>
    <tripinfo id="91" depart="91.00" departLane="5703313#0_0" departPos="4.60" departSpeed="13.61" departDelay="0.00" arrival="297.00" arrivalLane="216933519_0" arrivalPos="182.24" arrivalSpeed="13.89" duration="206.00" routeLength="1722.19" waitSteps="33" timeLoss="77.24" rerouteNo="1" devices="vehroute_91 tripinfo_91" vType="Car" vaporized=""/>
    <tripinfo id="98" depart="98.00" departLane="-198595456#4_0" departPos="4.60" departSpeed="15.15" departDelay="0.00" arrival="298.00" arrivalLane="-198595455#0_1" arrivalPos="13.19" arrivalSpeed="26.00" duration="200.00" routeLength="1422.84" waitSteps="100" timeLoss="148.35" rerouteNo="0" devices="vehroute_98 tripinfo_98" vType="Car" vaporized=""/>
    <tripinfo id="92" depart="92.00" departLane="5703313#0_0" departPos="4.60" departSpeed="0.88" departDelay="0.00" arrival="299.00" arrivalLane="216933519_0" arrivalPos="182.24" arrivalSpeed="13.89" duration="207.00" routeLength="1722.19" waitSteps="26" timeLoss="78.19" rerouteNo="1" devices="vehroute_92 tripinfo_92" vType="Car" vaporized=""/>
    <tripinfo id="85" depart="85.00" departLane="198595471#0_0" departPos="4.60" departSpeed="4.54" departDelay="0.00" arrival="325.00" arrivalLane="5701721#10_0" arrivalPos="336.05" arrivalSpeed="11.18" duration="240.00" routeLength="2221.28" waitSteps="55" timeLoss="97.25" rerouteNo="1" devices="vehroute_85 tripinfo_85" vType="Car" vaporized=""/>
    <tripinfo id="89" depart="91.00" departLane="198595471#0_0" departPos="4.60" departSpeed="0.78" departDelay="2.00" arrival="327.00" arrivalLane="5701721#10_0" arrivalPos="336.05" arrivalSpeed="11.18" duration="236.00" routeLength="2221.28" waitSteps="51" timeLoss="93.39" rerouteNo="1" devices="vehroute_89 tripinfo_89" vType="Car" vaporized=""/>
    <tripinfo id="81" depart="81.00" departLane="198595471#0_0" departPos="4.60" departSpeed="8.50" departDelay="0.00" arrival="333.00" arrivalLane="5701721#10_0" arrivalPos="336.05" arrivalSpeed="11.18" duration="252.00" routeLength="1934.71" waitSteps="61" timeLoss="111.09" rerouteNo="1" devices="vehroute_81 tripinfo_81" vType="Car" vaporized=""/>
    <tripinfo id="82" depart="82.00" departLane="198595471#0_0" departPos="4.60" departSpeed="5.41" departDelay="0.00" arrival="335.00" arrivalLane="5701721#10_0" arrivalPos="336.05" arrivalSpeed="11.18" duration="253.00" routeLength="1934.71" waitSteps="59" timeLoss="111.59" rerouteNo="1" devices="vehroute_82 tripinfo_82" vType="Car" vaporized=""/>
    <tripinfo id="20" depart="20.00" departLane="198595471#0_0" departPos="4.60" departSpeed="2.61" departDelay="0.00" arrival="344.00" arrivalLane="5701721#10_0" arrivalPos="336.05" arrivalSpeed="11.18" duration="324.00" routeLength="2028.79" waitSteps="27" timeLoss="75.74" rerouteNo="0" devices="vehroute_20 tripinfo_20" vType="Car" vaporized=""/>
    <tripinfo id="26" depart="26.00" departLane="198595471#0_0" departPos="4.60" departSpeed="13.20" departDelay="0.00" arrival="346.00" arrivalLane="5701721#10_0" arrivalPos="336.05" arrivalSpeed="11.18" duration="320.00" routeLength="2028.79" waitSteps="127" timeLoss="172.91" rerouteNo="0" devices="vehroute_26 tripinfo_26" vType="Car" vaporized=""/>
    <tripinfo id="39" depart="39.00" departLane="198595471#0_0" departPos="4.60" departSpeed="10.81" departDelay="0.00" arrival="348.00" arrivalLane="5701721#10_0" arrivalPos="336.05" arrivalSpeed="11.18" duration="309.00" routeLength="2028.79" waitSteps="116" timeLoss="161.54" rerouteNo="0" devices="vehroute_39 tripinfo_39" vType="Car" vaporized=""/>
    <tripinfo id="54" depart="54.00" departLane="198595471#0_0" departPos="4.60" departSpeed="8.90" departDelay="0.00" arrival="350.00" arrivalLane="5701721#10_0" arrivalPos="336.05" arrivalSpeed="11.18" duration="296.00" routeLength="2028.79" waitSteps="101" timeLoss="148.62" rerouteNo="0" devices="vehroute_54 tripinfo_54" vType="Car" vaporized=""/>
    <tripinfo id="59" depart="59.00" departLane="198595471#0_0" departPos="4.60" departSpeed="7.45" departDelay="0.00" arrival="352.00" arrivalLane="5701721#10_0" arrivalPos="336.05" arrivalSpeed="11.18" duration="293.00" routeLength="2028.79" waitSteps="100" timeLoss="145.75" rerouteNo="0" devices="vehroute_59 tripinfo_59" vType="Car" vaporized=""/>
    <tripinfo id="68" depart="68.00" departLane="198595471#0_0" departPos="4.60" departSpeed="4.63" departDelay="0.00" arrival="354.00" arrivalLane="5701721#10_0" arrivalPos="336.05" arrivalSpeed="11.18" duration="286.00" routeLength="2028.79" waitSteps="99" timeLoss="138.64" rerouteNo="0" devices="vehroute_68 tripinfo_68" vType="Car" vaporized=""/>
    <tripinfo id="78" depart="78.00" departLane="198595471#0_0" departPos="4.60" departSpeed="3.70" departDelay="0.00" arrival="356.00" arrivalLane="5701721#10_0" arrivalPos="336.05" arrivalSpeed="11.18" duration="278.00" routeLength="2028.79" waitSteps="83" timeLoss="130.94" rerouteNo="0" devices="vehroute_78 tripinfo_78" vType="Car" vaporized=""/>
    <tripinfo id="94" depart="95.00" departLane="198595471#0_0" departPos="4.60" departSpeed="3.97" departDelay="1.00" arrival="358.00" arrivalLane="5701721#10_0" arrivalPos="336.05" arrivalSpeed="11.18" duration="263.00" routeLength="2028.79" waitSteps="62" timeLoss="115.77" rerouteNo="0" devices="vehroute_94 tripinfo_94" vType="Car" vaporized=""/>
    <tripinfo id="13" depart="13.00" departLane="-351234145#4_0" departPos="4.60" departSpeed="12.10" departDelay="0.00" arrival="383.00" arrivalLane="-420302275#0_0" arrivalPos="38.07" arrivalSpeed="24.00" duration="370.00" routeLength="1952.46" waitSteps="188" timeLoss="298.85" rerouteNo="0" devices="vehroute_13 tripinfo_13" vType="Car" vaporized=""/>
    <tripinfo id="1" depart="1.00" departLane="-351234145#4_0" departPos="4.60" departSpeed="1.26" departDelay="0.00" arrival="383.00" arrivalLane="-420302275#0_1" arrivalPos="38.07" arrivalSpeed="24.00" duration="382.00" routeLength="1952.46" waitSteps="197" timeLoss="310.85" rerouteNo="0" devices="vehroute_1 tripinfo_1" vType="Car" vaporized=""/>
    <tripinfo id="3" depart="4.00" departLane="-351234145#4_0" departPos="4.60" departSpeed="3.29" departDelay="1.00" arrival="473.00" arrivalLane="-420302275#0_0" arrivalPos="38.07" arrivalSpeed="24.00" duration="469.00" routeLength="1948.15" waitSteps="286" timeLoss="396.33" rerouteNo="1" devices="vehroute_3 tripinfo_3" vType="Car" vaporized=""/>
    <tripinfo id="16" depart="16.00" departLane="-351234145#4_0" departPos="4.60" departSpeed="9.41" departDelay="0.00" arrival="473.00" arrivalLane="-420302275#0_1" arrivalPos="38.07" arrivalSpeed="24.00" duration="457.00" routeLength="1948.15" waitSteps="276" timeLoss="384.21" rerouteNo="1" devices="vehroute_16 tripinfo_16" vType="Car" vaporized=""/>
    <tripinfo id="33" depart="33.00" departLane="-351234145#4_0" departPos="4.60" departSpeed="7.73" departDelay="0.00" arrival="563.00" arrivalLane="-420302275#0_0" arrivalPos="38.07" arrivalSpeed="24.00" duration="530.00" routeLength="1952.46" waitSteps="332" timeLoss="458.85" rerouteNo="0" devices="vehroute_33 tripinfo_33" vType="Car" vaporized=""/>
    <tripinfo id="88" depart="88.00" departLane="-351234145#4_0" departPos="4.60" departSpeed="17.67" departDelay="0.00" arrival="563.00" arrivalLane="-420302275#0_1" arrivalPos="38.07" arrivalSpeed="24.00" duration="475.00" routeLength="1952.46" waitSteps="290" timeLoss="403.84" rerouteNo="0" devices="vehroute_88 tripinfo_88" vType="Car" vaporized=""/>
</tripinfos>
