<?xml version="1.0" encoding="UTF-8"?>

<!-- generated on 04/01/17 15:54:23 by SUMO duarouter Version 0.28.0
<?xml version="1.0" encoding="UTF-8"?>

<configuration xmlns:xsi="http://www.w3.org/2001/XMLSchema-instance" xsi:noNamespaceSchemaLocation="http://sumo.dlr.de/xsd/duarouterConfiguration.xsd">

    <input>
        <net-file value="C:\Users\Ginger\Desktop\NewYork\Set1\find_the%20_way\map.net.xml"/>
        <trip-files value="C:\Users\Ginger\Desktop\NewYork\Set1\find_the%20_way\hello.xml"/>
    </input>

    <output>
        <output-file value="C:\Users\Ginger\Desktop\NewYork\Set1\find_the%20_way\result.rou.xml"/>
    </output>

</configuration>
-->

<routes xmlns:xsi="http://www.w3.org/2001/XMLSchema-instance" xsi:noNamespaceSchemaLocation="http://sumo.dlr.de/xsd/routes_file.xsd">
    <vehicle id="1" depart="1.00">
        <route edges="5706544#2 5702757#0 5702757#1 5702757#2"/>
    </vehicle>
</routes>
